region_id,pred_week1,pred_week2,pred_week3,pred_week4,pred_week5
R1,0.25304765,0.19605614,0.14723793,0.13469122,0.07864293
R1001,1.5998461,1.5300388,1.4141797,1.5722479,1.6770126
R1002,1.1732731,1.3021004,1.1239735,1.1997166,0.9659758
R1005,1.6420795,1.7003933,1.611593,1.5867164,1.6393245
R1006,2.1700447,2.2547674,2.2096024,1.9045724,2.148549
R1007,0.70548123,0.6013512,0.5927603,0.54471886,0.7392719
R1009,1.562353,1.3781111,1.1392808,0.86505914,0.73489636
R1011,1.8754886,1.9243459,1.8450524,1.7111237,1.8154485
R1012,1.4915878,1.6376635,1.46375,1.3261973,1.5531956
R1014,2.2443764,2.1987474,1.999202,1.7762523,2.0354908
R1015,1.9309503,1.9122478,1.7991948,1.6294695,1.8953129
R1017,1.8000935,1.8119692,1.4362595,1.299737,1.1689209
R1019,0.79501987,0.6501595,0.6977258,0.5955331,0.6862523
R1020,0.60865164,0.5272615,0.64538115,0.46483615,0.59652704
R1021,1.4328474,1.448325,1.182942,0.91591054,0.7371191
R1022,1.251257,1.4348514,1.1013868,0.75648826,0.85431576
R1024,2.1674135,2.064575,1.9737641,1.6949959,1.8041945
R1025,1.7044765,1.5031345,1.231782,1.0066468,1.0521896
R1026,0.80138004,0.66207904,0.6999989,0.5908363,0.7062485
R1028,2.1079693,2.3043683,2.0718029,2.1524935,1.9069004
R1032,1.500834,1.8036467,1.580672,1.5543242,1.711927
R1034,1.1644168,1.1950953,1.0200602,0.8875508,0.90337133
R1035,2.0917459,2.055943,1.8912624,1.5443057,1.7907978
R1036,1.6859926,1.6925725,1.4891865,1.5846937,1.5607187
R1037,1.532393,1.7218391,1.6527963,1.5919194,1.6836064
R1041,1.8963666,1.7957482,1.6389034,1.6535839,1.7300153
R1042,2.1674135,2.059444,1.9695134,1.6812181,1.8011081
R1046,1.719906,1.7534863,1.7073426,1.4407163,1.41199
R1047,1.7224196,1.6912674,1.5009505,1.58221,1.5621432
R1048,1.3320103,1.2356362,1.0044861,0.9509724,0.8141513
R1049,1.5343434,1.722893,1.6429257,1.5842052,1.6782649
R1051,1.1096501,1.0845056,0.9003037,0.6817042,0.698045
R1052,2.147859,2.23272,2.0668068,1.728512,2.0265212
R1053,2.016927,1.9256655,1.8462107,1.6281568,1.6588012
R1054,1.3149775,1.4246827,1.1494069,0.8796733,0.8784638
R1056,1.6367798,1.474558,1.2788639,1.2093456,1.3145653
R1057,0.8182158,0.7161103,0.62311226,0.57903564,0.66363955
R1058,1.6161588,1.560429,1.623251,1.5931975,1.512254
R1061,1.2194781,1.4113988,1.0887964,0.75014406,0.83794093
R1065,1.4556911,1.7111523,1.5096127,1.5536923,1.7049805
R1067,1.4643044,1.7067641,1.5086026,1.556531,1.7068323
R1069,1.3281559,1.2936103,1.0902668,0.93457824,0.85174626
R1071,1.950366,2.0455205,2.067173,1.9269147,1.7850361
R1074,1.5328537,1.7174509,1.652197,1.5845702,1.6829381
R1077,0.46500668,0.45983157,0.41318196,0.3028732,0.43018433
R1078,1.6521862,1.7370645,1.393418,1.1086988,1.0521473
R1079,2.020469,1.9559913,1.8587569,1.6418401,1.6991884
R1080,0.10850936,0.050585043,0.08033633,0.08501827,0.14717476
R1082,0.39251855,0.6172604,0.785615,0.7732924,0.77949035
R1083,0.52565,0.6511695,0.8322872,0.775692,0.8458225
R1084,0.31595883,0.33571082,0.36924738,0.4445803,0.5299382
R1085,0.0,0.017246554,0.093421504,0.06267168,0.010851312
R1086,0.53026545,0.34801942,0.40764412,0.51520884,0.52034074
R1087,0.15656112,0.09425837,0.0,0.0,0.086656936
R1088,0.38489178,0.26586184,0.31135058,0.27695602,0.42444164
R1089,0.037674967,0.003277893,0.0,0.0,0.02153145
R1090,1.932894,1.8243109,1.5022584,1.335426,1.018872
R1091,0.179761,0.15695845,0.22272956,0.11495397,0.23300758
R1092,0.3687887,0.17251922,0.13961174,0.21788551,0.40007865
R1093,0.0,0.0,0.0,0.0,0.09786977
R1094,0.5693103,0.3359848,0.28735638,0.39853588,0.43123832
R1095,0.047406863,0.042880666,0.09348755,0.042191584,0.060992472
R1096,0.11591112,0.12576468,0.12242418,0.07493079,0.0061022146
R1098,0.10265918,0.10600848,0.030021008,0.06882099,0.10204088
R11,1.0585626,1.0871345,1.0599287,1.3852738,1.444129
R1100,0.3115539,0.2596754,0.0,0.097341314,0.25554347
R1101,0.0,0.0,0.19982766,0.057259463,0.07941961
R1102,0.04375071,0.07294946,0.040464006,0.08784791,0.027577998
R1103,0.38023004,0.29845896,0.24025883,0.11428158,0.056439646
R1105,1.0569215,1.2487681,1.4080521,1.2668823,1.3259119
R1107,0.08950437,0.04038444,0.07986954,0.07368054,0.14481118
R1108,0.3078946,0.32084522,0.20854752,0.35966924,0.30872303
R1109,0.09850859,0.12785093,0.32390344,0.32047164,0.5897749
R111,0.469292,0.3955569,0.4694988,0.4280425,0.47285247
R1114,0.26613045,0.11489337,0.0,0.031679735,0.052662198
R1115,0.39425915,0.39330226,0.3295947,0.51787466,0.5844839
R1116,1.5761501,1.3642944,1.2448221,1.0306554,0.74627584
R1117,0.8290459,0.73361176,0.44112602,0.68928933,0.67225814
R1118,0.04848,0.023653276,0.077358775,0.09258782,0.064973876
R1119,0.35641646,0.12961899,0.18927899,0.24047688,0.2975742
R1120,0.6169055,0.66540116,0.52339876,0.43491733,0.5487548
R1123,0.5846946,0.69474965,0.49970844,0.46938545,0.5510367
R1124,1.0750185,1.2394536,1.3865819,1.2442155,1.3366237
R1125,0.11655571,0.05609449,0.07287074,0.05492434,0.114811815
R1126,0.54294455,0.4346716,0.34263852,0.12362118,0.20890945
R1128,0.11723107,0.09615889,0.10307734,0.15318683,0.1416513
R1130,0.19753122,0.12112158,0.18014872,0.22138663,0.21563302
R1133,0.6478739,0.38452286,0.10859863,0.33864307,0.48324868
R1134,0.07588697,0.03531855,0.038452033,0.025698172,0.105304316
R1135,2.102744,1.7916006,1.7232231,1.4484727,0.8041818
R1136,0.08815729,0.044118628,0.08550061,0.05072904,0.013904942
R1139,0.19470137,0.08766619,0.0,0.0,0.12402654
R1140,0.12460406,0.09925719,0.089469135,0.16050337,0.02597159
R1142,0.20036134,0.22858353,0.20237312,0.082233116,0.1214676
R1143,1.1521947,0.8614297,0.8417741,0.86240476,0.873792
R1144,0.2956342,0.40762624,0.2995892,0.1230825,0.34180734
R1145,0.094260655,0.117105745,0.08167966,0.09865636,0.04622052
R1146,0.52189595,0.46306804,0.30720988,0.22464578,0.20911057
R1147,0.027220484,0.10114013,0.23074242,0.29494712,0.21413107
R1148,0.47761407,0.59932584,0.63349116,0.55085224,0.7103943
R1149,0.52423924,0.39108983,0.4788453,0.35644877,0.4970223
R1150,1.145221,1.3033345,1.0086936,1.1162435,1.1669194
R1151,1.2788038,1.4124638,1.4243567,1.4477626,1.1403016
R1152,0.41120723,0.49159378,0.5482971,0.5430305,0.5108934
R1153,0.01285807,0.0,0.002237387,0.0,0.0
R1154,0.0,0.0,0.0,0.0,0.0
R1155,0.2786761,0.3081836,0.17560011,0.32769907,0.39356592
R1156,0.023581441,0.05855873,0.13036059,0.08251046,0.1172126
R1157,0.761941,0.7874093,1.0188148,1.0244462,0.97480404
R1158,0.36252594,0.5330113,0.4227268,0.50380737,0.7225127
R1159,1.043632,1.1320698,1.3625292,1.2090905,1.3306918
R1161,1.1830676,1.1602957,1.044704,1.2806946,1.3789084
R1163,0.36276627,0.33535117,0.28130057,0.24360417,0.28604305
R1164,0.17098643,0.17073843,0.23684227,0.2519516,0.29315302
R1166,0.34598243,0.52459145,0.53502524,0.3054756,0.6578977
R1167,0.9543988,0.8360607,0.684904,0.65186876,0.47361025
R1168,0.62223685,0.7147639,0.6949619,0.59138054,0.68209594
R1175,1.4807873,1.4875382,1.3179643,1.474117,1.498797
R1176,0.9989948,1.1073725,0.8764458,1.0062664,1.0180838
R1177,0.3453609,0.29861182,0.401299,0.40646413,0.50585043
R1178,0.26746374,0.43972054,0.29989862,0.31108627,0.44863394
R1179,1.3840238,1.4004896,1.0408424,1.5227325,1.4391055
R1180,1.6626059,1.8651289,1.6294096,1.4091688,1.5591463
R1181,0.103356905,0.086243145,0.1399382,0.11092275,0.18990454
R1182,0.12657166,0.06943168,0.1770216,0.20969993,0.13799801
R1184,1.6923245,1.501786,1.4051429,1.3601519,1.2776958
R1185,0.31660196,0.23137783,0.18777366,0.19574754,0.15726964
R1186,0.252748,0.14427845,0.072886676,0.073537044,0.12938793
R1187,0.02233756,0.035504017,0.06471695,0.01280909,0.0
R1188,1.4866395,1.4364341,1.1024323,0.99163145,1.031545
R1189,0.5650454,0.57166666,0.47362947,0.5150214,0.52846473
R119,0.09053385,0.0,0.0,0.0,0.0
R1190,0.22244835,0.10759203,0.0,0.0,0.013113532
R1191,0.83780146,0.59058523,0.60501164,0.4828903,0.40139547
R1192,0.10455129,0.0,0.0,0.045263864,0.0
R1193,0.5703933,0.42287597,0.44855714,0.4086771,0.26415524
R1194,0.09936619,0.062530756,0.027233647,0.004817424,0.0
R1195,1.7817637,1.6270993,1.4354527,1.276285,1.2134025
R1196,0.51116663,0.19460765,0.112045735,0.10877873,0.009884451
R1197,1.901595,1.863446,1.6473949,1.537524,1.5782064
R1200,0.09082144,0.16003917,0.39600798,0.44870797,0.18348293
R1203,0.099026404,0.102214456,0.060469486,0.0,0.0
R1204,0.45839253,0.43050066,0.5497383,0.48417965,0.42545232
R1205,0.17467228,0.12897225,0.13963161,0.20074043,0.1612485
R1208,0.76678425,0.80418634,0.76312625,0.6839917,0.50417846
R1209,0.46044156,0.41760346,0.39836287,0.47536334,0.49267143
R1210,0.16279685,0.3117412,0.4772486,0.31078032,0.2633933
R1211,0.45524856,0.5020881,0.60579795,0.59280455,0.54851484
R1212,0.01965296,0.0,0.004134658,0.0075270454,0.008934048
R1213,0.0666528,0.04069247,0.03818104,0.061492298,0.05215149
R1215,0.11556535,0.040566053,0.073705904,0.0012787388,0.0
R1219,0.34355286,0.2901196,0.3346734,0.34864664,0.29982328
R1221,0.18735951,0.18061814,0.09676629,0.07115165,0.047076948
R1223,0.063532785,0.008115211,0.0454692,0.0,0.0
R1227,0.3146053,0.26657382,0.38482815,0.44204068,0.4460955
R1228,0.24727347,0.2744291,0.2537785,0.31828064,0.29743963
R1229,0.04065812,0.0,0.0,0.00325443,0.0
R123,0.0,0.16509706,0.31411353,0.3129881,0.3923087
R1231,0.49890342,0.4491762,0.27821234,0.36671427,0.48123205
R1232,0.1625632,0.16294824,0.0901795,0.041744046,0.012593015
R1233,0.24217358,0.22883326,0.28621578,0.28245556,0.3042808
R1235,0.2884994,0.35386464,0.42241427,0.41413322,0.38461405
R1236,0.39658317,0.4791669,0.34728584,0.4748516,0.324521
R1238,0.22244516,0.20580561,0.30318612,0.2223795,0.057604484
R1239,0.20284106,0.27130204,0.15965468,0.18209317,0.2729757
R1241,0.21948734,0.16206871,0.08911959,0.125148,0.03762112
R1243,0.58525765,0.59718835,0.6366983,0.51309377,0.5944154
R1247,0.09338803,0.12809311,0.12967482,0.08553042,0.1584196
R1249,0.43286422,0.3390025,0.5420561,0.535697,0.52607703
R1255,0.23719956,0.46926823,0.47660333,0.45794582,0.18319307
R1257,0.043369435,0.0041178823,0.025229948,0.008424066,0.01322317
R1260,0.61092347,0.6441386,0.59329295,0.3460393,0.57509416
R1262,0.030349063,0.013863038,0.0027074942,0.0,0.0
R1267,0.24334279,0.30019656,0.24633542,0.22976829,0.088738434
R1272,0.44613698,0.4682421,0.57670236,0.6075646,0.5768517
R1273,0.6766718,0.51722336,0.45743078,0.38673905,0.35982397
R1276,0.015028262,0.033801414,0.06848431,0.0,0.0
R1277,0.6130419,0.504006,0.54953676,0.26320896,0.18335849
R1278,1.4417101,1.2407131,1.3385303,1.4008279,1.305039
R1279,0.64490443,0.7479854,0.66725504,0.5416631,0.86540174
R128,0.42089608,0.4327138,0.48185536,0.5131027,0.3647286
R1281,0.72086304,0.55903167,0.52133477,0.5011844,0.4461384
R1282,0.35174108,0.2651515,0.22085264,0.25927833,0.32882714
R1285,0.072033204,0.097678564,0.1333548,0.10140688,0.14731903
R1286,0.50822115,0.49856678,0.5124616,0.3261644,0.3445679
R1289,0.5587464,0.46072236,0.46699646,0.2958239,0.25128034
R129,0.047352053,0.11635746,0.04503067,0.0,0.005457615
R1291,0.56971145,0.5633008,0.571222,0.6038518,0.49051934
R1296,0.1152644,0.08031788,0.14081776,0.17262547,0.25851306
R1298,0.16076028,0.30284008,0.23434693,0.43437332,0.38661757
R13,0.028492343,0.23994584,0.24896148,0.21137787,0.34498304
R1301,0.24361555,0.30668724,0.47377867,0.5189812,0.7378974
R1303,0.10037643,0.0,0.013920705,0.0,0.0
R1306,0.5630702,0.56142557,0.6007823,0.6478031,0.7944969
R1307,0.8223641,0.54772335,0.4102316,0.37788725,0.45899054
R1308,0.23117658,0.090864085,0.113663934,0.08551368,0.11487259
R1309,1.3340694,1.2916855,1.3214046,1.3704549,1.5091795
R1310,0.5049688,0.39007878,0.2829202,0.25955087,0.36211562
R1311,0.8521571,0.84677035,0.76439464,1.1872939,1.1002867
R1312,0.6506982,0.635073,0.48981574,0.41633716,0.47979426
R1314,0.092621274,0.03184867,0.17859207,0.32898793,0.115621135
R1316,0.0791746,0.017436959,0.01299168,0.06571572,0.15592292
R1317,0.087779485,0.1236196,0.086692035,0.13587748,0.17573112
R1318,0.1787935,0.09966453,0.17289464,0.14743233,0.21876308
R1319,0.43422714,0.46888155,0.3756179,0.42311537,0.49258998
R132,0.015452028,0.0035687613,0.0,0.0,0.011809452
R1321,0.9070882,0.91672546,0.8480509,0.8231473,0.86422783
R1326,0.67770195,0.6201224,0.49071547,0.41452232,0.41047528
R1327,0.19414485,0.3024373,0.20095228,0.22122169,0.09620756
R1330,0.117037684,0.10139859,0.16803622,0.03797652,0.0
R1333,0.69095725,0.5594331,0.510072,0.33342376,0.50004953
R1335,0.11514643,0.21176632,0.27231708,0.27943808,0.4151774
R1338,0.28965417,0.2159192,0.20778266,0.22043267,0.19002993
R1339,0.3968332,0.38909364,0.44656262,0.24513608,0.20322697
R1341,0.06430042,0.0,0.03754717,0.0,0.008175551
R1342,0.78135484,0.5453171,0.39348486,0.3463649,0.45006877
R1347,1.5953009,1.607201,1.5078814,1.428068,1.3274652
R1348,1.1381611,0.93969494,1.0702733,1.1653123,1.3358047
R1349,0.19477063,0.20849143,0.14059626,0.21192467,0.31957594
R1351,0.6551574,0.47631937,0.43965712,0.34132493,0.44277838
R1353,0.16973807,0.22206908,0.3105521,0.18366599,0.22693904
R1355,0.1668001,0.22183806,0.25112697,0.365461,0.17616661
R1356,0.35217413,0.29759705,0.25410515,0.3085486,0.12338995
R1357,0.39517996,0.46784887,0.60563236,0.55096465,0.87402964
R1358,0.20105425,0.2948011,0.2519069,0.3825991,0.40032795
R1359,0.18120709,0.11159216,0.12344315,0.0949974,0.07271279
R1360,0.20677173,0.28676477,0.32270876,0.46301255,0.46390694
R1362,0.67092013,0.48385864,0.38310203,0.23424572,0.40551051
R1364,0.69015384,0.634888,0.5766986,0.5930528,0.6057112
R1365,0.13566324,0.0,0.0,0.020999322,0.0053247497
R1366,0.4133467,0.36778274,0.26239985,0.31997898,0.16357614
R1367,0.03880026,0.11078112,0.14443684,0.21440245,0.47293186
R1368,0.18098836,0.22008623,0.3403213,0.35151887,0.43491477
R1375,0.0,0.0,0.0,0.0,0.0
R1378,0.0,0.07529966,0.17625466,0.26607627,0.32240847
R1386,0.15769674,0.088883616,0.12581715,0.09005789,0.1455185
R1387,0.4836624,0.31271562,0.25448462,0.1073809,0.09693895
R1388,0.0,0.079114586,0.13802935,0.14134298,0.15825766
R1390,0.910431,0.62877136,0.67531157,0.48256457,0.67893624
R1391,0.0021364454,0.0020961252,0.013550639,0.0072292513,0.0
R1397,0.41548917,0.6009605,0.72248393,0.59493643,0.8724825
R1399,0.26073918,0.121419154,0.0,0.034150835,0.23463108
R14,1.2662382,1.209553,1.0673865,1.0892752,1.1463288
R1421,0.31653208,0.2866504,0.18492006,0.18628766,0.30329397
R1423,0.0,0.071792185,0.1347128,0.13847078,0.18255751
R1427,0.023176158,0.0,0.004722008,0.0,0.0
R1433,0.57787293,0.38416633,0.39268225,0.20067823,0.33051708
R1435,0.0,0.0,0.0,0.0,0.0
R1438,0.37980223,0.50346637,0.5303277,0.63325584,0.738333
R1446,0.40083608,0.4477293,0.30226663,0.48278177,0.29705295
R1448,0.0456487,0.022818616,0.0,0.1327124,0.21173841
R1451,1.3832002,1.388849,1.2104114,1.1695547,1.215836
R1452,1.3301439,1.4758205,1.5320923,1.6522396,1.7760837
R1454,1.1100587,1.098399,1.0799762,0.8276849,0.7187129
R1455,0.61252624,0.46018556,0.28513095,0.27860698,0.31445917
R1460,0.9208096,0.68306726,0.5184377,0.51978546,0.48220754
R1469,0.5790755,0.48578963,0.42660332,0.36578125,0.5629463
R1471,1.2074734,1.2606692,1.3849719,1.3111645,1.2314074
R1472,1.2045871,1.1056986,0.96586436,1.011658,1.0329728
R1474,0.6525425,0.41576806,0.3660217,0.3774399,0.30023363
R1478,0.8337294,0.61782634,0.5287252,0.5220587,0.47208735
R1481,0.71876204,0.5836487,0.5351297,0.5066075,0.4218323
R1483,1.0454592,1.1818506,1.3743235,1.575653,1.5874852
R1487,1.1973436,1.3023522,1.0634038,1.2020743,1.2676553
R1488,1.3591976,1.5726886,1.5726374,1.5682682,1.5612535
R149,0.4298409,0.351615,0.2973408,0.18217638,0.24388008
R1493,1.1484667,0.8633356,0.6754133,0.6664229,0.49647382
R1498,1.8058052,1.6922871,1.232113,1.1629658,1.10147
R15,2.557235,2.5493124,2.5736408,2.5017207,2.645854
R1501,1.0565256,0.94852674,0.93092436,0.85667086,0.9386395
R1504,0.8426579,0.79269236,0.9622227,1.0242642,0.65283775
R1505,0.744543,0.61791766,0.6242851,0.7600829,0.75379896
R1509,2.5070786,2.2347167,2.0646749,1.8574995,1.6122522
R1513,0.5664664,0.5129003,0.45095214,0.35949853,0.36782837
R152,1.875374,1.8181791,1.2760433,1.1454229,1.0688726
R1522,1.468517,1.1669382,1.0452175,0.8480491,0.7555648
R1523,1.3193592,1.3087627,1.183436,1.1339121,1.1971213
R1533,0.32262626,0.19675343,0.088705994,0.22354166,0.14080466
R1535,0.66583955,0.5598882,0.55071205,0.62331444,0.6039975
R1545,0.460745,0.49449676,0.48106593,0.28222254,0.16371371
R1547,0.8159425,0.7356331,0.8102642,0.91277415,1.0483761
R1548,0.5960944,0.44634965,0.39519724,0.5275404,0.6328962
R1553,0.56227857,0.6701903,0.49740228,0.24463457,0.46753487
R1555,0.6869851,0.6651131,0.6597749,0.49897546,0.5239037
R1557,0.27062005,0.15565193,0.090357006,0.28872758,0.1345804
R1561,0.60606545,0.54566085,0.44977975,0.4112629,0.6351256
R1562,0.6211292,0.328556,0.20864825,0.36640278,0.23177226
R1563,0.62282926,0.79061884,0.7791078,0.8652613,0.6115745
R1564,0.5275843,0.46803313,0.42993486,0.5838256,0.43691412
R1565,0.6330628,0.62228894,0.6193515,0.6735622,0.74367964
R1566,0.6565588,0.40225244,0.5817784,0.6665755,0.46018744
R1567,0.7841125,0.5476695,0.5623328,0.5957517,0.62872225
R1568,1.3522295,1.2075869,1.2048873,1.2232422,1.1930884
R1569,0.21859917,0.26349646,0.28682664,0.33806896,0.25266868
R1570,0.43630993,0.4794639,0.49804652,0.58618176,0.8037349
R1571,0.0,0.0,0.0,0.0,0.0
R1572,0.7530956,0.9280086,0.82390714,0.76907164,0.699132
R1573,0.3499405,0.27788466,0.06268151,0.09950607,0.013259229
R1574,0.40993652,0.39900634,0.4812562,0.51834726,0.49272645
R1575,0.86260116,0.80221653,0.7392453,0.5611042,0.57848054
R1577,0.94672364,1.0427088,1.0673738,1.1191941,1.1507678
R1578,0.31164515,0.29389405,0.18962848,0.06526347,0.0
R1579,1.2312388,1.1106024,1.0752379,1.1485028,1.1871399
R158,1.7859379,1.5657618,1.670617,1.624604,1.3054029
R1580,0.09422351,0.13791218,0.11056946,0.07701888,0.07324797
R1581,0.2719508,0.3975522,0.34092087,0.1892038,0.18818954
R1582,0.8632279,0.9474452,0.74856657,0.7287283,0.5415101
R1583,0.14888795,0.2184513,0.3410578,0.28945562,0.34619835
R1585,0.48002928,0.32949162,0.09956513,0.0664323,0.044085138
R1586,0.6349827,0.85896516,0.7974519,0.8252607,0.88365185
R1587,1.1300619,1.1186662,0.8950426,1.0296407,1.0162022
R1588,0.6790918,0.7072376,0.76020795,0.72669876,0.74363774
R1589,0.54509854,0.3680094,0.33022535,0.3016918,0.22281566
R159,0.45444244,0.47048855,0.5038276,0.64929694,0.70795774
R1590,0.74139875,0.8234311,0.8310517,0.8109994,0.7308692
R1591,0.8869183,0.8855469,0.69086784,0.9942478,0.7892756
R1592,0.6626852,0.5939294,0.5215525,0.6826413,0.62488914
R1593,0.79008996,0.8608147,0.837639,0.903132,0.8234115
R1594,0.4174679,0.46570736,0.3388231,0.45190674,0.5655272
R1597,0.29242325,0.45471936,0.56930727,0.5603656,0.48706344
R1598,0.14013638,0.21866956,0.30027336,0.25387168,0.3208344
R1599,0.4870717,0.215521,0.09488837,0.034867626,0.0246248
R16,1.5397979,1.4898909,1.2244843,1.254833,1.3091254
R160,1.1443229,1.2522776,1.284709,1.3131576,1.4567956
R1600,0.48464477,0.3050256,0.4874741,0.67033595,0.8097349
R1601,0.2121786,0.0,0.0,0.0,0.0
R1602,0.6833834,0.56276584,0.6085738,0.49470875,0.6163157
R1603,0.15336263,0.10446956,0.03457429,0.14051726,0.10934609
R1604,0.56822795,0.6207308,0.6862129,0.7050295,0.68552446
R1606,0.8096169,0.7593279,0.97922295,1.1938888,1.1941528
R1607,1.1227027,1.1042277,1.5964473,1.6614723,1.688718
R1608,0.24836317,0.45290568,0.5249638,0.46017826,0.49925008
R1609,1.9951667,2.1218274,1.9207485,1.9865241,1.8977417
R161,1.9628891,2.0107431,1.9509267,2.0565205,2.1455567
R1610,0.93735284,1.0513028,0.82689476,0.7903369,0.7966731
R1611,0.18146734,0.13875675,0.14676866,0.15327308,0.0
R1612,0.69821227,0.6631996,0.5297632,0.5229254,0.53545594
R1613,0.010451055,0.11251436,0.11846845,0.08724321,0.15482107
R1614,0.4688167,0.41739696,0.52932775,0.59564924,0.46491078
R1615,0.13898729,0.0,0.0,0.0,0.0
R1616,0.4001389,0.3660023,0.5274744,0.45737037,0.36534032
R1617,0.697959,0.5498905,0.4793267,0.32537955,0.3831616
R1618,1.2188438,1.0656164,1.029446,1.0023258,1.0900418
R1619,1.2482532,1.1799119,1.3904582,1.3860122,1.3978163
R162,1.4898484,1.3603191,1.358414,1.2945296,1.4029472
R1620,0.14606558,0.15335344,0.27479437,0.21971492,0.14015074
R1621,1.5248889,1.5645674,1.542422,1.7991606,1.4359468
R1622,1.0418391,0.9799632,0.74535316,0.69139844,0.7345485
R1623,1.4225276,1.4591448,1.4982706,1.5285811,1.5751569
R1624,1.7981088,1.8939751,1.9298893,1.8985492,2.013351
R1625,0.9566429,0.7829116,0.9059939,0.79531395,0.9126338
R1626,1.0900471,1.08633,0.7680486,0.7856632,0.638528
R1627,1.1298733,1.1251204,1.1875983,1.1360561,1.187182
R1628,1.1383916,1.0179218,0.89478797,0.7233298,0.8220814
R1629,0.6279698,0.4706553,0.59140617,0.3874002,0.49229312
R163,2.278497,2.433344,2.522402,2.4038358,2.7104862
R1630,1.3152307,1.302265,1.2466372,1.3864187,1.2766443
R1631,1.8112067,1.9373561,1.6816529,1.6405984,1.652304
R1632,1.4859306,1.3164212,1.2545378,1.3083553,1.2447336
R1633,1.7536603,1.6237762,1.5921911,1.3322586,1.3343289
R1634,1.1447893,1.1879959,1.236569,0.9125305,1.084984
R1635,1.3051548,1.2140205,1.3400729,1.3354214,1.3706867
R1636,1.3069323,1.43249,1.4733535,1.5900078,1.5656726
R1637,1.1764424,1.1741354,1.3515285,1.352599,1.3881198
R1638,0.20910066,0.19027442,0.31248096,0.33049947,0.53447676
R1639,1.6956193,1.6452241,1.7990762,1.7438866,1.750808
R164,1.2705381,1.1524663,1.147892,1.0260389,1.3214357
R1640,0.7531234,0.527922,0.5297803,0.40140155,0.50404334
R1641,1.0693203,0.87997293,1.0441029,1.1721172,1.2197274
R1642,1.3629282,1.4554927,1.4648713,1.458117,1.5459347
R1643,2.643597,2.8217704,3.0183268,3.0574348,3.408348
R1644,1.0086768,0.79745346,0.87358713,0.79292834,0.87072676
R1645,1.181614,1.2533922,1.3748717,1.4804351,1.2379656
R1646,1.935806,1.7835422,1.685336,2.0246472,1.9604374
R1647,1.3567513,1.6799381,1.4480178,1.6411449,1.293213
R1648,1.8520486,1.9383485,1.695303,2.0761838,1.8274071
R1649,1.5460284,1.6420954,1.8824953,1.9096873,1.7330753
R165,1.3763124,1.2409009,1.1926464,1.2201446,1.3023462
R1650,1.0948342,0.8752063,0.74480456,0.68567055,0.76269656
R1651,0.06043375,0.04061758,0.124540694,0.18050729,0.034942087
R1652,1.3349406,1.392502,1.3918328,1.4752169,1.6756926
R1653,0.102403246,0.1016243,0.15419489,0.041272845,0.07190924
R1654,1.0324056,0.8348024,0.7363814,0.6687938,0.69748396
R1655,1.6603371,1.6314152,1.7857587,1.6961321,1.9513744
R1656,1.6570804,1.4960337,1.6495854,1.4753687,1.5867621
R1657,1.5616775,1.594944,1.2980273,1.6410315,1.3205669
R1658,1.3018537,1.2640111,1.444331,1.3409895,1.3245112
R1659,1.2147207,1.2252445,0.9815059,0.9559093,0.8056188
R166,1.6706517,1.502544,1.481562,1.4511299,1.4711384
R1660,0.44737613,0.7190025,0.7997732,0.85531294,0.8424689
R1661,1.0363336,1.0781691,1.240875,1.1344742,1.1083595
R1662,1.8002669,1.6942039,1.7263352,2.0195618,1.6458445
R1663,1.4456451,1.4823298,1.6198187,1.5452944,1.518907
R1664,1.4406784,1.4654989,1.6938393,1.5718993,1.5671648
R1665,0.41159353,0.2526264,0.36901304,0.238764,0.36018777
R1666,1.746512,1.6457555,1.6413572,1.9129143,1.8890986
R1667,1.0413278,1.2627262,1.2587807,1.1682154,1.3755846
R1668,0.92063886,0.7104834,0.58656216,0.83719814,0.8595095
R1669,1.8871846,1.8457348,1.7615596,1.5409725,1.5996323
R167,1.0306163,1.0233601,1.1552547,1.0841168,1.2347274
R1670,0.50159615,0.5065367,0.61114234,0.50184596,0.415581
R1671,1.259274,1.248416,1.369342,1.2391696,1.3674185
R1672,0.6074235,0.5197201,0.61788446,0.5133924,0.5104217
R1673,1.4634962,1.4399804,1.3778821,1.359227,1.3955917
R1674,1.6373636,1.7940987,1.5814497,1.7725617,1.806839
R1675,1.0853446,0.9265201,0.75355107,0.77222943,0.9446763
R1676,1.0994539,1.2398772,1.43945,1.461388,1.6597013
R1677,1.059599,1.0981075,1.1731371,1.0074254,0.9994217
R1678,1.3357712,1.2395477,1.5077375,1.4158576,1.4025989
R1679,1.0367984,1.1167315,1.1056255,1.1456953,0.909895
R168,2.2863443,2.27872,2.204458,2.3774648,2.4366314
R1680,1.5026741,1.4949403,1.3111306,1.2950462,1.2526256
R1681,1.2852755,1.3076133,1.1325781,1.2979826,1.1697019
R1682,1.1662192,1.1916991,1.2964368,1.2347941,1.4061054
R1683,1.7131113,1.6202632,1.4158963,1.4037577,1.3376887
R1684,1.7079897,1.713622,1.5904286,1.5976114,1.4745411
R1685,1.5575209,1.3787,1.5205082,1.4471581,1.3478303
R1686,1.3582883,1.3531687,1.4755486,1.5669459,1.4575891
R1687,1.2966757,1.2630599,1.0857705,1.173679,1.1843911
R1688,1.4376822,1.6016476,1.6945529,1.749333,1.9172301
R1689,1.1789469,1.3799843,1.4868307,1.5194707,1.5978605
R169,1.3679237,1.1805389,1.2214125,1.193336,1.1334896
R1690,0.2238255,0.23793992,0.22709677,0.25946167,0.38665566
R1691,1.478548,1.6106362,1.4228408,1.3939487,1.4727674
R1692,1.4794444,1.5021285,1.469088,1.749287,1.2693906
R1693,0.8814323,0.98497796,0.87853885,1.0088114,0.9155104
R1694,1.937521,1.9798223,1.7952701,1.6128714,1.537556
R1695,0.4964818,0.31339714,0.38863355,0.31976554,0.42577687
R1697,1.4796631,1.3605142,1.3153639,1.0564427,1.0397049
R1698,0.032506842,0.083739035,0.14468102,0.08028092,0.20394808
R1699,1.4321105,1.2734078,1.3187412,1.11094,1.4671944
R170,2.1177487,2.1302207,2.2482705,2.1772044,2.1601973
R1700,1.1293459,1.3041527,1.2159309,1.4279269,1.4411576
R1701,2.0972073,2.0449054,2.2008297,2.0525324,2.038124
R1702,1.4451643,1.337648,1.2765626,1.3439084,1.1836963
R1703,0.9776076,1.1030749,1.0830116,1.1785995,1.2688941
R1704,1.7405503,1.6568247,1.7798892,1.7485622,1.7537513
R1705,0.6353372,0.649702,0.7193565,0.7537284,0.8298447
R1706,0.76845425,0.69785804,0.83413833,0.7430551,0.74904674
R1707,1.5942987,1.4826757,1.3465213,1.22835,1.1774613
R1708,1.4165659,1.185432,1.1708504,1.15575,1.2011316
R1709,1.1964959,1.4068542,1.2871602,1.5079362,1.12004
R171,2.388188,2.4637208,2.4968119,2.3865166,2.3226836
R1710,0.70680875,0.76565105,0.77775854,0.6352508,0.45372105
R1711,1.188351,1.2409394,1.4635546,1.5732622,1.2444284
R1712,1.2364619,1.2140154,0.97433054,0.9415876,0.7967457
R1713,1.1299084,0.99845475,1.0459715,1.1374514,1.1408793
R1714,1.8428608,2.0176551,2.0936823,2.12372,2.2890017
R1715,2.3363492,2.332281,2.267745,2.3854692,2.1455042
R1716,1.7652711,1.8169925,1.9074006,1.99032,1.8099598
R1717,2.7665796,2.779794,2.9904013,3.110345,3.051956
R1718,1.6985283,1.5799328,1.6408844,1.6349939,1.6426185
R1719,2.8417375,2.8855305,3.0684702,2.9991224,3.0242596
R172,1.797673,1.8316915,1.7965,1.6715424,1.7044479
R1720,2.502223,2.650023,2.5006478,2.594509,2.5338926
R1721,2.4732883,2.5377195,2.511802,2.547198,2.5342
R1722,2.6480238,2.5174568,2.766858,2.5784688,2.5895
R1723,1.6411926,1.5760893,1.6956956,1.7483581,1.8871759
R1724,1.9985222,1.6026342,1.8460104,1.9875197,2.0094533
R1725,2.630016,2.4264865,2.4897397,2.5688226,2.5443017
R1726,2.6716106,2.7207747,2.980159,2.6581373,2.6590128
R1727,1.3528004,1.3797278,1.3776486,1.4108971,1.4352218
R1728,2.7509422,2.7872813,2.82408,2.7973988,2.7561326
R1729,2.6596844,2.681006,2.6517968,2.5466597,2.5812275
R173,2.135579,2.2563176,2.2033355,2.1187596,2.2946146
R1730,1.2487946,1.3774745,1.5265542,1.4806161,1.5354824
R1731,0.035504345,0.02422871,0.0,0.0,0.0
R1732,0.7896281,0.94725084,0.72946626,0.49877355,0.5954679
R1733,1.2621683,0.9616256,0.8988182,0.59344184,1.1113106
R1734,0.11982349,0.15589207,0.18319237,0.18245353,0.15567625
R1735,0.2098324,0.20056051,0.07851152,0.01996984,0.089901775
R1736,1.382509,1.3782506,1.6074336,1.5402156,1.3829927
R1737,0.058676988,0.07877304,0.032732245,0.0,0.0
R1738,1.7619613,1.629972,1.680163,1.7103633,1.6625113
R1739,1.1779387,1.2552798,1.202131,1.3031303,1.3072579
R174,2.5310793,2.4904869,2.5165215,2.7152267,2.7346563
R1740,0.023002928,0.042133443,0.0,0.0,0.0
R1745,0.5820386,0.6052462,0.40699214,0.47029436,0.35285503
R1748,0.55938005,0.35129908,0.35707793,0.2410212,0.30388635
R175,2.507726,2.6130416,2.445331,2.3081017,2.2676942
R1750,0.572241,0.3305171,0.31740892,0.07581909,0.33157662
R1751,0.60159653,0.57918197,0.48887613,0.29852444,0.27502826
R1752,0.2499849,0.25043446,0.2244118,0.19821061,0.23373444
R1757,0.5956306,0.71175706,0.6040328,0.44736516,0.7364224
R176,3.0908527,2.9158373,2.6716244,2.5520842,2.6856005
R1762,1.4446387,1.4104735,1.4040459,1.5041891,1.4784818
R1763,2.2949445,2.3237302,2.5375125,2.6776943,2.463487
R1764,1.4613608,1.5928855,1.6801918,1.9805675,1.9882922
R1765,2.9428978,3.0781436,2.9651556,3.0741189,2.9824636
R1766,3.5584521,3.568645,3.6802266,3.8198411,3.7624664
R1767,1.6894718,1.5701994,1.1595967,1.3998713,1.2653917
R1768,2.0466673,2.222455,2.2439268,2.454749,2.4623857
R1769,0.98108214,1.0122991,1.1377752,1.416431,1.5705892
R177,1.3567641,1.2490908,1.3995345,1.4587817,1.5018622
R1770,3.0457118,2.9620605,2.947489,3.0837882,2.8299937
R1771,1.6535751,1.7055312,1.7904878,1.7366662,1.6556226
R1772,2.3574774,2.5369654,2.498695,2.6781487,2.8719923
R1773,1.3450798,1.2984587,1.2376976,1.3281196,1.3118641
R1774,1.4842422,1.5954372,1.8069938,1.654045,1.6982979
R1775,3.2960215,3.5713668,3.4470506,3.6062365,3.4842527
R1776,1.7685007,1.5946978,1.8265187,1.9049023,1.8888563
R1777,3.6312857,3.401551,3.2669218,3.3576252,3.3980439
R1778,0.78073025,0.7050692,0.6636226,0.6649337,0.74023736
R1779,3.458125,3.445435,3.4808247,3.5521781,3.5173323
R178,3.338879,3.2783008,3.3495705,3.1938183,3.221262
R1780,3.380918,3.184245,3.2320127,3.078267,3.0740097
R1781,2.5025046,2.5243666,2.6989832,2.5627222,2.5004888
R1782,0.6987004,0.67305684,0.6387154,0.9130407,1.126674
R1783,4.7526073,4.5951715,4.4940686,4.612953,4.564767
R1784,2.9786115,3.133359,3.063093,3.1904845,3.2995982
R1785,4.0324693,4.0949583,3.9401112,3.9604497,4.0121765
R1786,3.2899878,3.3224967,3.4150257,3.5135512,3.477566
R1787,1.05247,0.88313484,1.1062971,1.071875,0.91048944
R1788,2.7881427,2.9311018,2.7709618,2.8490205,2.7743523
R1789,0.4080799,0.45420805,0.56249326,0.692444,0.76243055
R179,1.2081498,0.9487427,1.1632236,1.1909635,1.3747444
R1790,0.68647975,0.7221323,0.7709404,1.0147722,1.2009717
R1791,4.976874,5.0,5.0,4.9347544,5.0
R1792,1.9443595,2.0853012,1.9729309,2.203262,2.21248
R1793,1.312079,1.3566872,1.2772152,1.2279767,1.2759906
R1794,1.26339,1.3213277,1.432778,1.3347121,1.6498427
R1795,0.5570103,0.4312386,0.44998384,0.44294646,0.5909302
R1796,0.3330872,0.25300068,0.22347741,0.20530204,0.13565895
R1799,0.29871312,0.36000803,0.26253614,0.16179049,0.0956982
R18,0.7057766,0.61481875,0.5982365,0.44027606,0.37727466
R180,1.5016934,1.5838878,1.6436952,1.7744175,1.658791
R1800,0.4598555,0.40899852,0.3898924,0.29453912,0.16886324
R1801,0.25887582,0.22238654,0.17488994,0.17483717,0.2532628
R1802,0.13791548,0.112922296,0.115506254,0.065686926,0.23588744
R1804,0.07587692,0.06616772,0.078756765,0.043433934,0.028767688
R1805,0.8532583,0.89309216,0.9227971,0.8818403,0.9519708
R1806,0.10857677,0.046099998,0.010262887,0.0,0.04155175
R1809,0.05140406,0.061000466,0.057444394,0.03594366,0.07183835
R181,2.2329388,2.139153,2.091803,2.1496508,2.1168814
R1810,0.11039252,0.041739367,0.090337545,0.05322733,0.10384682
R1811,0.40601543,0.4235051,0.39391074,0.40236005,0.22061124
R1812,0.06664967,0.073471464,0.05133064,0.10659071,0.051172987
R1813,0.101939216,0.15993775,0.11401675,0.13125741,0.08957315
R1815,0.07244039,0.09667421,0.052475642,0.01840937,0.08951592
R1816,0.037625514,0.06578749,0.04415724,0.0,0.036854267
R1817,0.05758389,0.05812808,0.031176193,0.06338937,0.050057355
R1819,0.025411692,0.023367055,0.025650438,0.03436964,0.040468186
R182,1.2723252,1.2346284,1.4404006,1.5742099,1.5786308
R1820,0.11402963,0.10990644,0.11915281,0.11284481,0.07831414
R1821,0.0,0.041074403,0.016173376,0.009499855,0.032599702
R1822,0.097088754,0.05351515,0.06918903,0.06551931,0.03413473
R1823,0.31321448,0.21675782,0.18764992,0.13593449,0.18113346
R1824,0.058694027,0.15811218,0.25171658,0.28610516,0.26391348
R1826,0.26545277,0.2907064,0.26145756,0.22840665,0.27382737
R1827,0.0,0.012136783,0.0,0.0019560526,0.012309111
R1828,0.03687705,0.2056121,0.11961586,0.11615836,0.0
R1829,0.079615645,0.15733662,0.05574962,0.07583739,0.04367184
R183,0.40232313,0.38752866,0.32565224,0.26789328,0.33735284
R1831,0.23620105,0.2673991,0.23878591,0.22285207,0.26938584
R1832,0.19540219,0.14715673,0.07724493,0.01951214,0.13476524
R1836,0.23571865,0.16102864,0.33777905,0.3623598,0.4254483
R1839,0.63359636,0.64191914,0.46409634,0.45135728,0.5569529
R1840,0.1464413,0.1171443,0.1508897,0.16826516,0.27386373
R1841,0.069554456,0.1479966,0.14642337,0.24345566,0.28457186
R1843,0.57424515,0.54849327,0.40832123,0.38964278,0.38906047
R1844,0.47111318,0.49089628,0.501131,0.49420756,0.3345021
R1845,0.21593714,0.06658857,0.11478602,0.12981921,0.06992501
R1846,0.1449616,0.088573486,0.10121242,0.12954795,0.18444206
R1848,0.07811375,0.06006052,0.07486181,0.06446774,0.065083824
R1849,0.31682783,0.38762155,0.28487492,0.40383485,0.4496692
R185,2.4720657,2.323879,2.3459744,2.3595908,2.259709
R1851,0.030539064,0.0738718,0.13499631,0.13593465,0.13261735
R1852,0.22431035,0.2230646,0.2910897,0.19929077,0.19867936
R1853,0.07358211,0.105279505,0.058143344,0.049492676,0.04593343
R1854,0.04461065,0.023928126,0.066159844,0.0,0.06312515
R1855,0.11902997,0.11554212,0.08671288,0.099952646,0.07304833
R1856,1.2462516,1.4164568,1.4705809,1.5997126,1.3710617
R1858,0.6502917,0.5545647,0.36603212,0.33471745,0.45622727
R186,1.600225,1.7439477,1.6884278,1.8552247,1.9339398
R1860,1.1165236,1.0223083,0.8797613,1.2048769,1.2605864
R1862,0.47193104,0.4770081,0.3098566,0.24204434,0.3859995
R1863,0.71066916,0.76336086,0.8971921,0.8291843,0.71985155
R1864,0.122117974,0.15550075,0.21384896,0.16984746,0.24973056
R1865,0.85459703,1.0775886,0.8535531,0.7750156,0.7859268
R1866,0.35792074,0.27614623,0.23943003,0.27134597,0.1940363
R1869,0.58954144,0.40210778,0.5056974,0.55550766,0.6076259
R187,3.067016,3.0527654,3.0113826,3.0922313,3.0450475
R1871,0.18986881,0.20571837,0.20803094,0.21553493,0.3415722
R1872,0.75066024,0.7536748,0.66690856,0.677516,0.68206733
R1874,0.43103635,0.42216712,0.3882479,0.4153197,0.39523122
R1875,0.7137644,0.7044363,0.7902924,0.7365739,0.759004
R1877,0.099186786,0.12779886,0.19928402,0.18775366,0.2441164
R1878,0.36798316,0.22512415,0.12840094,0.11302215,0.0429832
R1879,1.326971,1.3428624,1.0914723,1.235126,1.125989
R188,1.2428164,1.1443211,1.1851927,1.1512221,1.2018678
R1880,0.5212882,0.57626307,0.5130073,0.4416046,0.5713011
R1881,0.821283,0.66973746,0.5179698,0.5835469,0.7675599
R1882,1.5347,1.2127316,1.1705788,1.2355082,1.3873717
R1887,0.72809875,0.8655838,0.77625364,0.8002712,0.59795177
R1888,0.8294863,0.8448343,0.8678177,0.94666564,0.92274
R189,1.4813659,1.3951108,1.4493549,1.3512064,1.3994848
R1891,0.65164924,0.6522973,0.4422415,0.33772096,0.45968202
R1892,0.63665885,0.4703114,0.5666063,0.5220555,0.6772362
R1895,1.6791991,1.8549482,1.4207472,1.5779375,1.5204414
R1898,0.45798004,0.4926455,0.27151477,0.3048032,0.3319815
R19,1.278159,1.2314334,0.9774694,0.87338835,0.90449935
R190,1.9392198,2.089746,2.0411253,2.2009125,2.1288028
R1903,0.6694032,0.8138942,0.62672806,0.57562405,0.688069
R1904,0.9584162,0.929164,0.6747283,0.6509712,0.62784404
R1905,0.72982687,0.608013,0.33321688,0.26065558,0.47327435
R1908,0.74481404,0.7933502,0.73090863,0.81567043,0.6191406
R1909,0.71371776,0.8051207,0.62106174,0.58967364,0.69844466
R191,2.3816748,2.425965,2.4556952,2.3376832,2.2227702
R1910,0.80784893,0.6893115,0.5207498,0.637696,0.75786936
R1911,1.6181638,1.6962069,1.4015387,1.4778756,1.4156082
R1913,0.008115041,0.0,0.044535626,0.055645708,0.008503505
R1915,0.13698824,0.11033298,0.13718389,0.12553099,0.12911138
R1916,0.5591855,0.46657708,0.57305604,0.57496685,0.5684101
R1917,0.5855834,0.48907977,0.32185352,0.31748414,0.44007817
R1918,1.1473948,1.1342981,1.0535347,0.95741415,1.0826731
R1919,1.0473555,0.9307888,1.107107,1.2298332,1.271814
R192,1.9870381,1.8111318,1.7060266,1.5567681,1.555452
R1920,0.39198872,0.39027107,0.45788568,0.50953645,0.631116
R1921,0.5916235,0.6583109,0.7038458,0.5494928,0.4424957
R1923,1.4475459,1.2644504,1.1611532,1.2584128,1.11397
R1924,0.8048887,0.66743565,0.60233665,0.60936195,0.57197374
R1925,1.1362987,1.0132977,0.88321054,0.86313486,0.84520525
R1926,0.18961038,0.21088783,0.21026294,0.20895448,0.34789068
R1927,0.9818983,0.7351985,0.572513,0.67202365,0.59138125
R1928,0.18388635,0.21046135,0.21003471,0.19596736,0.35787678
R1929,1.6096715,1.7543353,1.359986,1.5628527,1.4607185
R193,2.0399146,2.3218558,2.3028593,2.284498,2.3085327
R1930,0.15503933,0.13692528,0.17235273,0.14351901,0.18669847
R1931,0.10806221,0.098361276,0.05026144,0.11161624,0.16363326
R1932,0.78464884,0.6953771,0.62264407,0.74660647,0.6891271
R1933,1.5642802,1.5909616,1.5084381,1.5717206,1.5109192
R1934,0.6451925,0.5492713,0.48377347,0.44403553,0.35587358
R1936,0.5683509,0.39893076,0.47281626,0.4521667,0.4594068
R1937,1.2728472,1.3127786,1.0386089,1.157368,1.0694423
R1938,0.7779735,0.8304567,0.8359684,0.72672,0.69756347
R1939,1.1067972,1.1670195,1.1075133,1.1536931,1.4070582
R194,1.6916058,1.7821397,1.6792598,1.7015389,1.6697518
R1940,0.8045738,0.87276053,0.76281834,0.9127749,1.0644209
R1941,1.3689343,1.5747613,1.1440146,1.1093923,1.0577036
R1942,1.0191976,1.0788732,0.7519372,0.7109043,0.7187792
R1945,0.7534055,0.78036034,0.67400426,0.47531408,0.52473664
R1946,2.4716713,2.4234538,2.45852,2.3630612,2.2272053
R1947,0.64631337,0.6624733,0.46477696,0.34578297,0.48107803
R1948,0.59043986,0.71623284,0.6038564,0.51618314,0.5534232
R1949,0.62499213,0.6443532,0.41954118,0.32881153,0.42826903
R195,1.9938294,1.9412774,2.141984,2.08129,1.9589105
R1950,0.4890711,0.6823675,0.5450368,0.43397063,0.39741397
R1951,0.48434418,0.49632993,0.30292857,0.24376743,0.38903362
R1953,0.85807025,0.88426757,0.66412735,0.66276294,0.5663075
R1955,1.1522491,1.136711,0.78472036,0.7420483,0.8059353
R1956,0.45620644,0.37321952,0.22335216,0.20228185,0.2693213
R1957,2.0985544,1.9586824,1.9715055,2.0341983,2.1946917
R1959,2.0159009,1.8312626,1.781408,1.9026197,1.6741368
R196,1.6186007,1.557234,1.425488,1.5265712,1.499697
R1960,0.6770443,0.83607256,0.91214997,0.8541445,0.8721525
R1961,1.4796416,1.5098943,1.4510087,1.6750844,1.7842638
R1962,1.0794387,0.877306,0.88059807,0.816227,0.91854006
R1963,2.0734627,2.5808797,2.7437978,2.9367568,3.3374887
R1964,1.4214967,1.3762648,1.1931375,1.2897545,1.26043
R1966,1.9172769,2.306723,2.2344453,2.138011,2.3451545
R1968,1.0204465,0.9034272,0.95047385,0.76239043,0.80404615
R1969,0.84240735,0.70583683,0.9156797,0.8768066,0.9199361
R197,2.0810823,2.001934,2.0427923,1.8301262,1.7921423
R1970,2.5893023,2.4106882,2.4642494,2.4044695,2.5136673
R1971,1.3193748,1.3773392,1.2922696,1.2824242,1.3179718
R1972,1.5706555,1.5016861,1.7004081,1.6420128,1.6385295
R1973,0.61424446,0.6181116,0.80823636,0.91785,0.87367195
R1974,1.2996832,1.2025284,1.2019024,1.270051,1.4152255
R1975,0.8363172,0.94620174,0.7887131,0.8743632,0.9387933
R1976,1.0853189,1.0534062,1.1779567,1.2402179,1.3063054
R1977,1.3676461,1.497139,1.4890393,1.7052759,1.8658819
R1978,0.710732,0.765401,0.9441578,1.055821,1.097945
R1979,0.71945417,0.8472595,0.80594176,0.98670274,0.8422744
R198,2.2321405,2.2658515,2.1974807,2.15363,2.2237482
R1980,1.0658216,1.1978576,1.183301,1.1441298,1.0941923
R1981,1.5474812,1.595042,1.5495751,1.5972061,1.5461762
R1982,0.98852813,0.9855783,0.97067785,0.9459866,0.80809873
R1983,1.3292458,1.3826824,1.4873357,1.3068398,1.4057627
R1984,1.2077103,1.1997714,1.0846168,1.0612855,1.3096792
R1985,0.93657863,0.8271255,0.95132667,1.0025358,0.84212196
R1986,1.1259344,1.0903796,1.1785088,1.2185296,0.8629289
R1987,1.441936,1.4807724,1.4682287,1.5086979,1.5961032
R1988,1.7031344,1.6662686,1.73356,1.6194701,1.819285
R1989,1.7695303,1.8499969,2.3240967,2.2624476,2.0973701
R199,3.1849542,2.8088264,2.7878695,2.5517304,2.5676658
R1990,1.0863664,1.2026042,1.2645773,1.290328,1.4198616
R1991,0.74790454,0.67146635,0.63594764,0.77754474,0.7573785
R1992,1.0041274,1.0490054,0.97051805,1.0082031,1.0686957
R1994,1.8711368,1.843924,1.8962325,1.75321,1.7835363
R1995,0.7314345,0.82031226,0.7372843,0.7525067,0.8713858
R1996,2.6453767,2.4951289,2.3970344,2.5539641,2.4014134
R1998,1.1771988,1.1316524,1.0649614,0.9812308,1.0342007
R1999,1.3604925,1.2420537,1.3107144,1.2423322,1.335482
R2,0.18490247,0.23955809,0.27189717,0.23225006,0.39653563
R20,1.4706522,1.2560487,1.4505444,1.5511492,1.4602001
R200,2.1237946,1.9673336,1.9096173,1.7811298,1.893454
R2000,0.6854905,0.757663,0.59488124,0.67668796,0.8346581
R2001,1.7202857,1.8676205,1.9427952,2.1368158,2.5084774
R2002,0.8808127,0.9957046,0.9824076,1.1330265,1.1956282
R2003,0.6305915,0.52330005,0.3915492,0.3254736,0.25150314
R2004,1.0523616,0.9945048,0.99143356,1.0508116,1.0129362
R2006,1.6262848,1.5373942,1.667405,1.7256304,1.6662567
R2007,1.5988961,1.5432514,1.709461,1.6143911,1.6928931
R2008,0.9922538,0.85621965,0.84262705,0.8851004,0.93740815
R2009,0.94321084,0.7960028,0.99987054,1.1291335,1.2457368
R201,2.6863554,2.8165014,2.8966575,2.5764604,2.5373466
R2011,0.51919466,0.55021346,0.43084493,0.49436554,0.6996478
R2012,0.04285755,0.0,0.0,0.017301891,0.0
R2013,0.012736164,0.025355866,0.042542595,0.06595268,0.047052436
R2015,1.4212337,1.1763575,1.1621916,1.1467077,0.9405399
R2016,0.28599885,0.45247665,0.33196497,0.30296704,0.23416986
R2019,1.736517,1.4253631,1.396763,1.5067087,1.4236141
R202,2.1858413,2.0960038,2.1303117,1.8899087,1.9820127
R2020,1.000951,0.9855,1.0252702,0.87492734,0.7698601
R2021,1.212942,1.1996058,1.0159806,0.93596643,0.80457073
R2023,1.297343,1.391084,1.0659686,0.9980223,0.898878
R2024,1.9459687,1.7670628,1.6238168,1.6431133,1.4624047
R2026,1.0734557,0.95229006,0.7295948,0.60874,0.7664565
R2028,0.84960014,0.8071011,0.75579435,0.6480899,0.636514
R2029,0.12536068,0.033896536,0.0,0.15852739,0.19808498
R203,2.3640058,2.4152293,2.461182,2.5409346,2.6413214
R2030,0.5507402,0.619669,0.6671911,0.70911896,0.7243685
R2031,0.7201088,0.71295124,0.6493799,0.38254735,0.36821502
R2032,0.42275628,0.2913732,0.30558598,0.35241115,0.3544527
R2033,0.7476552,0.7589445,0.6805512,0.62040174,0.5746867
R2034,1.4401797,1.3294619,1.1842253,1.0449793,0.7634513
R2035,0.8225084,0.72661775,0.5787186,0.65017605,0.5274598
R2038,0.9434808,0.93071395,0.83046895,0.678417,0.7910227
R204,3.0113583,2.853653,2.8480783,2.8925564,2.9888813
R2041,0.43235195,0.44893745,0.36849526,0.4219474,0.56719255
R2042,1.2881044,1.2044019,1.1326636,1.1496453,0.91059774
R2043,0.4451157,0.43813285,0.22712895,0.28729013,0.2798972
R2044,0.76797944,0.6829124,0.63861275,0.59430236,0.6047793
R2047,0.48212242,0.39228058,0.44305095,0.3842986,0.4963418
R2048,1.3195548,1.2849858,1.1737927,1.0954865,0.9671225
R205,1.6827415,1.983254,1.8506244,2.0345654,1.5199546
R2050,0.27218738,0.23728117,0.13958025,0.14915694,0.22167857
R2052,0.050034605,0.0821902,0.08338216,0.22180364,0.14770776
R2055,0.73095655,0.71799755,0.7209734,0.7653848,0.59588784
R2057,0.32641238,0.43888214,0.34671414,0.48250505,0.36637732
R2058,0.61786675,0.6372494,0.5520058,0.45186073,0.44822136
R2059,1.7437437,1.5800529,1.463632,1.3873526,1.5128568
R206,2.996569,2.989786,3.009131,2.683122,2.7149813
R2063,0.49430457,0.4641101,0.5544378,0.46170214,0.58897114
R2064,0.959473,0.9586947,1.1021305,0.83386916,0.6883232
R2065,0.0,0.0,0.0,0.0,0.0
R2066,1.3225774,1.2816508,1.4039453,1.2158839,1.1178948
R2067,0.37049514,0.2987508,0.3039691,0.29709986,0.32475257
R2068,0.57746446,0.48974478,0.46777704,0.41929278,0.47740704
R207,2.1917365,2.1150677,2.204881,2.1248534,2.1619723
R2070,0.12633981,0.04862385,0.11908332,0.09471899,0.15054965
R2071,0.42281342,0.45370656,0.64239866,0.5496914,0.45761377
R2072,0.4669506,0.41299894,0.43642056,0.5592983,0.51421505
R2073,0.40659055,0.2973755,0.32202286,0.24988765,0.2379205
R2074,0.6800566,0.68264246,0.605704,0.561637,0.54335743
R2077,1.285751,1.2649165,0.96629924,0.8062168,0.61459035
R2078,1.3996271,1.1417534,1.0432893,0.9881263,1.0111066
R2079,1.3482606,1.2868516,1.1802988,1.2488133,0.98893267
R208,2.8953304,2.752199,2.716244,2.8011906,2.8400748
R2081,0.02583205,0.116577834,0.053337228,0.11894509,0.1385197
R2083,0.09191245,0.2202626,0.197845,0.382939,0.30795494
R2084,0.23905826,0.45513645,0.32625994,0.356401,0.475736
R2085,0.55230635,0.46518254,0.5273864,0.43709913,0.52599627
R2088,0.36930117,0.3277324,0.24115586,0.22544584,0.3199877
R2089,0.19193195,0.2735395,0.34954426,0.3857024,0.48684472
R209,2.439054,2.5267558,2.4780524,2.1097507,2.2557516
R2090,1.2508392,1.1383468,1.1458613,1.108373,0.95252615
R2094,0.3856503,0.44695094,0.28266558,0.13356999,0.04557088
R2095,0.8502913,0.7692481,0.656632,0.7165113,0.6140096
R2096,0.9678671,0.81674874,0.71729535,0.72348446,0.6042845
R2097,0.9963716,0.89291364,0.82368964,0.59541345,0.7596017
R2099,0.23568718,0.15009162,0.0009220625,0.2153508,0.20985855
R21,0.99203134,0.8601205,0.88500255,0.96925044,1.105302
R210,1.915816,2.0938854,1.9943606,2.1006224,2.156228
R2101,0.5194646,0.5426453,0.4977553,0.53498375,0.86602056
R2102,1.7194953,1.7574668,1.6229104,1.6787612,1.6292801
R2103,0.72796494,0.75762725,0.795076,0.7086384,0.7393121
R2105,0.5363823,0.55527693,0.36064965,0.4500474,0.4824977
R2106,0.5535737,0.56264347,0.5133512,0.65211207,0.64772654
R2109,0.64396757,0.5039158,0.62230974,0.54016215,0.23106346
R211,1.5568546,1.5968558,1.6644335,1.6859151,1.8646665
R2110,1.5218134,1.727909,1.9312868,2.0607564,2.2490675
R2111,1.0689771,1.0180794,0.88433486,0.89373004,0.72263956
R2113,0.6820352,0.58366776,0.6273138,0.504113,0.62779784
R2114,0.3278483,0.2653246,0.32695517,0.2734332,0.22871642
R2117,1.0891557,1.1555312,1.0795957,1.0856141,1.2184143
R2119,1.3818208,1.690675,1.5352119,1.6546577,1.38795
R212,1.042521,1.0506822,1.0680742,0.99401605,1.2539215
R2120,0.9322348,0.9720102,1.0268142,0.941921,1.0480877
R2121,1.4295667,1.2354146,1.361028,1.2491734,1.175986
R2122,0.39175922,0.5178203,0.52500594,0.46416116,0.5694349
R2123,0.15478742,0.15775093,0.12814829,0.1361426,0.17123331
R2125,1.4226999,1.7344153,1.8708005,1.9293692,1.897626
R2126,1.2307171,1.2491349,1.1102157,1.1616054,1.1474797
R2127,1.2427427,1.5423355,1.2616436,1.4260138,1.106846
R213,3.4813387,3.0729132,3.1151516,2.9452116,3.1885037
R2130,0.66084623,0.95959705,1.1105196,1.0331866,1.1661749
R2131,0.57042736,0.7563651,0.7673858,0.6549025,0.80875504
R2133,0.34809822,0.23680155,0.14763357,0.25250664,0.3036577
R2134,1.5603935,1.4602777,1.618299,1.7069657,1.5190727
R2135,1.0375617,1.017732,1.0094074,0.9713437,1.1812668
R2138,0.5048891,0.24064504,0.12454088,0.045070846,0.13198687
R2139,1.4291168,1.2407206,1.2721958,1.3635176,1.3082913
R214,1.522293,1.7674992,1.8353342,1.7945932,1.7661705
R2141,0.29839587,0.19467689,0.39811358,0.46317908,0.48190176
R2144,1.4824299,1.4750782,1.6378359,1.9431926,1.6836925
R2149,0.67911565,0.628152,0.6245612,0.7162744,0.8067036
R215,1.9301857,2.1169586,1.9557769,1.8545151,2.0189452
R2154,0.17777266,0.0874478,0.07227184,0.30403242,0.25716317
R2155,2.3729405,2.2836509,2.4328537,2.4392385,2.5577
R2156,0.79516953,1.0419447,0.92281985,1.0270096,0.67929906
R2157,0.59954494,0.50424,0.50487536,0.44553348,0.5557556
R216,1.5494437,1.5877244,1.5897813,1.7705343,1.7509257
R2162,1.1107275,1.0034007,1.1886041,1.1991166,1.250338
R2166,0.5467277,0.64688045,0.53733873,0.4415677,0.42526487
R2167,1.4280672,1.7500311,1.8493086,1.7895402,1.8081648
R2168,1.1170602,1.0439626,1.0983323,0.9520315,0.9806045
R217,3.6651723,3.6891387,3.6293495,3.713025,3.477671
R2172,1.0057282,0.93185955,0.9964932,0.9139622,0.97835004
R2173,0.4634227,0.3771244,0.23800556,0.2980081,0.51589364
R2174,1.4622524,1.4653597,1.7111796,2.0548375,1.741972
R2175,3.4026484,3.3309093,3.2785265,3.2254725,3.2571254
R2176,1.5767206,1.2553438,0.98787546,0.9086817,0.93208665
R2177,2.540582,2.5374124,2.5393708,2.4124503,2.4925191
R2178,0.46350786,0.41379854,0.32310203,0.36471185,0.21583395
R2179,0.46256447,0.5087183,0.6172828,0.7507065,0.7262356
R218,1.7199202,1.9421755,1.9319161,1.9492532,2.0525532
R2180,3.41284,3.1561253,2.869913,2.6486952,2.5136442
R2181,2.865592,2.8163953,2.6650918,2.6106944,2.5578215
R2182,3.3486896,3.3553433,3.5094576,3.320785,3.6015482
R2183,2.4739172,2.4324858,2.4573011,2.1947293,2.2330575
R2184,1.865137,1.4876305,1.3975132,1.309858,1.163288
R2185,2.5788894,2.826586,2.444987,2.5234752,2.237195
R2186,3.4237592,3.444132,3.4985576,3.499638,3.478264
R2187,2.590852,2.578897,2.454203,2.2392223,2.299298
R2188,2.7155313,2.5999434,2.319971,2.2807298,2.186543
R2189,3.3942652,3.2601254,3.1709,3.2731216,3.275139
R219,3.971011,3.8084726,3.7648587,3.7726579,3.551549
R2190,2.9883533,3.056287,2.6729894,2.5527394,2.4217577
R2191,1.7670916,1.3295199,1.3183042,1.3883333,1.3809993
R2192,3.3408327,3.3689194,3.4317977,3.4000432,3.4582167
R2193,3.363961,3.4537365,3.3229237,3.306426,3.2258592
R2194,1.5960926,1.2570364,1.2661259,0.91732055,1.2832638
R2195,0.9974952,0.9176257,0.7546441,0.6787963,0.8461034
R2196,1.7966614,1.564473,1.3329484,1.0968181,1.0520979
R2197,3.2540493,3.1773317,2.998395,2.9540093,3.0899563
R2198,3.0142996,2.7168913,2.5163054,2.5048254,2.201621
R2199,1.241191,1.1779065,1.2374551,1.2371234,1.3171077
R220,2.0399282,1.9201821,1.7644527,1.9229592,1.8509012
R2200,0.7425523,1.0238112,1.132588,1.0422004,1.0231462
R2201,2.937559,2.923027,3.0764165,2.9494696,2.9372745
R2202,3.1959457,3.136221,3.3667836,3.1314723,3.2380672
R2203,0.43968275,0.43623677,0.4763566,0.4360786,0.5254528
R2204,1.8253291,1.6155626,1.8182423,1.6845884,1.5471598
R2205,0.8434775,0.673121,0.7410347,0.7451959,0.75069857
R2206,1.0591614,0.747686,0.7673307,0.93189776,0.95416063
R2207,2.848978,2.737599,2.7341762,2.6401424,2.5292947
R2208,1.8307174,1.505814,1.3786408,1.1040509,1.1777849
R2209,2.9904554,3.049566,3.1525521,3.1055138,3.0195475
R221,1.2403498,1.1259001,1.073135,1.5110086,1.6334745
R2210,0.5601246,0.49761313,0.4032769,0.5073417,0.4531668
R2211,0.0,0.0,0.0,0.0,0.0
R2212,0.4533919,0.38824278,0.34893265,0.2714487,0.3867108
R2213,0.6937767,0.61641103,0.30274788,0.2666838,0.3918568
R2214,0.7207003,0.5230769,0.31032705,0.11044469,0.26725957
R2215,0.3010172,0.041784894,0.12822337,0.16311201,0.12658282
R2217,0.3335956,0.47253275,0.32551,0.2627626,0.33277422
R2218,0.0,0.0,0.032009475,0.018702466,0.04061732
R222,1.0267856,1.1279987,1.073577,1.0096084,0.91037834
R2220,0.64078623,0.53893524,0.52874523,0.4404845,0.3535612
R2221,1.1755438,1.1181226,1.052981,0.9306496,0.9698122
R2222,0.49857795,0.5312519,0.43523973,0.38738164,0.34784815
R2224,0.85413706,0.661571,0.42585602,0.5442458,0.6737456
R2225,0.24407986,0.521455,0.51093227,0.28583884,0.6151934
R2226,0.708382,0.7921961,0.62057203,0.55783826,0.39284453
R2227,0.9111769,0.7964636,0.819477,0.8139351,0.6298105
R2228,0.55059296,0.5494974,0.4047413,0.47779092,0.60588276
R2229,0.0,0.0,0.0,0.0,0.0
R223,1.700689,1.760519,1.6664371,1.7190038,1.4953951
R2230,0.1761333,0.18446219,0.22648096,0.15253842,0.12347672
R2231,0.13163489,0.0,0.02603928,0.07329942,0.049406018
R2232,0.0,0.0,0.0,0.0,0.0
R2233,0.7057572,0.60523176,0.69731295,0.4543673,0.5976209
R2234,0.7058915,0.6547359,0.45931193,0.5433974,0.44650188
R2235,0.36912262,0.48065236,0.42055425,0.37597424,0.28489918
R2236,0.30931374,0.27438152,0.23211454,0.09070979,0.0
R2237,0.07037639,0.093680196,0.054610692,0.042207457,0.06788716
R2238,0.24950522,0.090393804,0.09117241,0.0,0.0
R2239,0.2725319,0.06799426,0.14628267,0.1505405,0.14297342
R224,3.1307766,3.217092,3.1601532,3.0638669,3.075984
R2240,0.052113913,0.09301253,0.015450829,0.0,0.0
R2241,0.31378773,0.40814614,0.28669274,0.28932288,0.38030478
R2242,0.34743237,0.46316317,0.4189996,0.33392203,0.32023975
R2243,0.80275774,0.8352677,0.75925374,0.8444132,0.9239685
R2244,0.59894824,0.65405184,0.6246893,0.58751506,0.5853508
R2247,1.8598598,1.8005277,1.5763407,1.7313024,1.4899141
R225,0.324939,0.3420541,0.32618016,0.27721593,0.54176664
R2250,0.0,0.0,0.0,0.0,0.0
R2251,0.5192263,0.5974979,0.29837,0.4464249,0.33013928
R2252,0.352605,0.26288447,0.17001048,0.3212691,0.2952112
R2253,1.5855047,1.5291657,1.5374397,1.3828332,1.3680121
R2254,0.7634568,0.67132413,0.7572297,0.6899285,0.6045071
R2257,0.07804946,0.10542849,0.04069407,0.04688364,0.010317264
R2259,0.02205248,0.0,0.0,0.025548073,0.0
R226,2.7304306,2.7857845,2.336654,2.3481362,2.4050295
R2260,0.9522706,1.1204427,1.0537276,1.3887898,1.4803814
R2263,0.041396365,0.007285307,0.059837263,0.05798229,0.08877392
R2265,1.0986266,1.1816874,1.1147581,1.416286,1.5853201
R2266,0.9980219,0.97841215,0.842168,0.76828426,0.8208123
R2267,0.11095053,0.024326054,0.11473735,0.073188536,0.0
R2269,0.9435976,0.9403542,0.8702998,0.8694093,1.095392
R227,3.3806195,3.3995862,3.3773637,3.5437396,3.355553
R2270,0.102346614,0.0,0.0014900642,0.060040858,0.0
R2271,0.33097494,0.31458008,0.21629715,0.23345366,0.29763326
R2272,0.15438563,0.15356778,0.066138335,0.123675205,0.09790219
R2273,0.09096463,0.12786983,0.07939361,0.0,0.0
R2275,0.31847042,0.27376455,0.18870421,0.10307853,0.26557058
R2278,1.6230955,1.5914012,1.4666784,1.3513,1.1437956
R2279,1.3369002,1.5733567,1.3186852,1.3400655,1.2385472
R228,3.760464,3.6000962,3.6848538,3.6389086,3.640633
R2280,1.0368706,0.86188346,0.86512864,0.85109866,0.755112
R2281,0.8792425,0.8888615,1.1214668,1.1445011,1.255707
R2282,0.062235925,0.054717317,0.06454436,0.108315624,0.026381118
R2283,1.1738815,0.8974671,1.082236,0.93482393,1.0692453
R2284,0.4379635,0.4389866,0.592793,0.51869214,0.5718064
R2285,0.6431599,0.67567444,0.6498261,0.6418561,0.73630625
R2286,1.529419,1.3861823,1.6320206,1.5321529,1.5887895
R2287,1.4961406,1.5205148,1.5792973,1.6489853,1.5073276
R2288,0.14285941,0.18732755,0.2608306,0.26836473,0.22583197
R2289,0.897497,0.94725925,0.8201244,0.922515,1.0392448
R229,2.1794674,2.25821,2.2637117,2.3806028,2.2040548
R2290,0.40236512,0.58873665,0.53575194,0.5673619,0.5775573
R2291,2.5225616,2.1562364,1.8839451,1.872823,1.6174419
R2292,0.7678164,0.80101496,0.48440537,0.4802869,0.43662217
R2293,0.29714343,0.35911953,0.38438356,0.29443592,0.2595503
R2294,0.6361747,0.5394845,0.616637,0.704191,0.6522595
R2295,1.1549646,0.98562646,0.93230516,0.950844,1.0174013
R2296,0.5346858,0.5064491,0.6942365,0.72243726,0.7048354
R2297,1.4525087,1.5190035,1.3855081,1.4151652,1.2672199
R2298,0.40657946,0.5147386,0.43938008,0.45522317,0.39773843
R2299,0.40656197,0.31217045,0.31206778,0.43191755,0.41396636
R23,0.80051017,0.34916514,0.35571912,0.36821893,0.36250845
R230,3.692058,3.571649,3.6620312,3.7295058,3.7708254
R2300,0.38437077,0.30579832,0.46396053,0.64494,0.6492045
R2301,1.1388152,1.3220025,1.1449836,1.2182232,1.3699522
R2302,0.78835785,0.87315875,0.8334872,0.81291676,0.9224587
R2303,1.2733104,1.3196539,1.1603296,1.3280511,1.1174295
R2304,0.2046547,0.29225537,0.28974047,0.3990084,0.36924177
R2305,2.3875175,2.278972,2.0688405,1.8719558,1.726126
R2306,2.3379753,2.3439767,2.0030527,2.1128514,1.556224
R2307,1.7326441,1.5547563,1.6148043,1.4410889,1.5668714
R2308,0.05624349,0.03108895,0.046282373,0.12928322,0.39931703
R2309,0.06600207,0.15812193,0.21312676,0.22241154,0.26380226
R231,3.9892843,3.9810305,4.008785,3.8413477,3.8304088
R2310,0.74815315,0.67659247,0.84943515,0.840125,0.82898635
R2311,2.3087058,2.2461271,2.2345772,2.0467129,2.0426183
R2312,0.69017863,0.62663674,0.61232907,0.61088866,0.53114706
R2313,0.73854995,0.7803507,0.84651905,0.9123191,0.9397977
R2314,0.4849057,0.5689876,0.66509575,0.60982674,0.6497607
R2315,0.15710926,0.24909198,0.2160979,0.27736416,0.30938807
R2316,0.1863072,0.15057687,0.20275955,0.16775124,0.1412698
R2317,1.2085003,1.3527365,1.5212246,1.4269427,1.276822
R2318,0.5969442,0.567871,0.61915594,0.749159,0.59200907
R2319,0.4388783,0.28600276,0.19706574,0.26706758,0.17019118
R232,1.5768481,1.5596204,1.601773,1.6336275,1.5110376
R2320,0.472059,0.53715456,0.39214993,0.42173582,0.47722796
R2321,1.2745943,1.5247324,1.5046103,1.3398746,1.3552868
R2322,1.092611,0.95167744,1.0838896,1.027451,1.193259
R2323,0.50976336,0.4883896,0.6443384,0.6358368,0.5567896
R2324,2.4256642,2.4215078,2.2672184,2.0503893,1.7047056
R2325,0.6156325,0.68531156,0.7092697,0.7429935,0.55400175
R2326,1.150038,1.1852087,1.2278743,1.2134913,1.2602476
R2327,0.91789556,0.69204116,0.85547423,0.94439137,0.9071844
R2328,0.8477481,0.6018034,0.89547956,1.100223,0.9095533
R2329,0.85716337,0.7756393,0.6097624,0.67379814,0.6943911
R233,4.753877,4.6438823,4.7186856,4.6619997,4.6115546
R2330,0.59190935,0.35724944,0.36472347,0.31726667,0.39281008
R2331,1.1745934,1.0397116,1.1400244,1.007989,1.2806107
R2332,0.9588717,0.97023726,0.7671931,0.8544166,0.9224679
R2333,0.2753684,0.28103757,0.2817851,0.220539,0.18484548
R2334,0.81494546,0.8975518,0.8413505,0.85616857,0.74926865
R2335,0.46887884,0.5379699,0.60427856,0.6494805,0.6140139
R2336,0.40396053,0.4882605,0.52446014,0.5064449,0.4569594
R2337,0.5137938,0.5320627,0.5394707,0.67459595,0.62539214
R2338,0.9731806,1.0735737,1.252263,1.1533703,1.1979579
R2339,0.55571723,0.47251785,0.5672508,0.5837107,0.53245455
R234,1.6780367,1.6612966,1.6360698,1.7154597,1.5856587
R2340,0.29012236,0.49439296,0.4514874,0.48076454,0.56094366
R2341,1.9020215,1.7909005,1.7562464,2.126734,1.7828273
R2342,0.2812965,0.27550483,0.36982995,0.34893402,0.30707678
R2343,1.1429677,1.1252216,1.2581817,1.124884,0.692669
R2344,0.56571597,0.33097234,0.44159907,0.42250025,0.18257302
R2345,0.75973386,0.7222151,0.6338586,0.6223082,0.5844795
R2346,0.5201545,0.60021937,0.41080904,0.26959983,0.20301506
R2347,0.23632301,0.3429538,0.2155364,0.3651758,0.37673098
R2348,0.6485876,0.56643003,0.5239988,0.43402934,0.58790845
R2349,0.913677,0.9088629,0.8895205,0.69466865,0.7013372
R235,2.7333524,2.8650959,2.7281806,2.8748188,2.79622
R2350,0.55856043,0.59377253,0.6590293,0.71237487,0.7606194
R2351,2.1026683,2.229281,2.3178468,2.5114398,2.6153932
R2352,0.8048502,0.8043782,0.76741797,0.90537655,1.019033
R2353,0.18915784,0.29963782,0.21734118,0.3241887,0.30675188
R2354,0.64735246,0.4717547,0.59665334,0.58041567,0.61709285
R2355,1.4136794,1.2471348,1.2473989,1.2998276,1.1778901
R2356,0.20561227,0.24102944,0.18769488,0.0,0.08653626
R2357,0.46725273,0.57767606,0.61766255,0.66492647,0.6900894
R2358,0.7733666,0.6546754,0.5953044,0.4446112,0.46270648
R2359,0.52125645,0.5736324,0.5308227,0.55074024,0.44485283
R236,2.1691706,2.1457028,2.2587605,2.229769,2.195348
R2360,0.54526925,0.63532156,0.4907499,0.49254325,0.4044193
R2361,0.9263719,0.9148585,0.94247895,0.7159656,0.7260137
R2362,0.802704,0.73140454,0.72315675,0.65866137,0.7316786
R2363,0.43340334,0.6963337,0.51770514,0.6048262,0.57198787
R2364,0.24181922,0.3972727,0.50180876,0.5308011,0.54035187
R2365,0.53471226,0.6581061,0.7935242,0.76346046,0.69539857
R2366,0.2369731,0.15784684,0.18281673,0.0,0.13145863
R2367,0.24249646,0.33970666,0.38296226,0.30371013,0.19172247
R2368,0.16461788,0.29232785,0.24053177,0.2568701,0.15331896
R2369,0.29272473,0.40442088,0.39212048,0.33390382,0.4628066
R237,2.2745802,2.1205423,2.1383991,2.3923318,2.400073
R2370,0.51322407,0.5561613,0.6403095,0.5745365,0.6260316
R2371,0.50809765,0.38311166,0.5255636,0.43670955,0.39154938
R2372,0.80794215,1.010043,1.1076187,1.0819197,1.0653808
R2373,0.1803641,0.43182316,0.52145046,0.60269505,0.62703454
R2374,0.31324548,0.57844317,0.3441517,0.54217726,0.4620431
R2375,0.76990145,0.9127207,0.8785553,0.9259953,0.80391514
R2376,0.5922372,0.6023286,0.7463775,0.7425314,0.87016577
R2377,0.42365417,0.58676064,0.5246188,0.70936596,0.880407
R2378,0.5536787,0.7466558,0.76667416,0.72500414,0.46964934
R2379,0.6973847,0.74699575,0.7294879,0.7545263,0.6902463
R238,2.817379,2.8688545,2.986353,3.088838,2.9015524
R2380,0.49476278,0.52780163,0.60947627,0.541945,0.61958677
R2381,0.7425228,0.921857,1.0312324,0.9038971,0.9364607
R2382,0.8789402,0.7379898,0.96580034,0.76328546,0.8287023
R2383,0.5556433,0.608378,0.5865592,0.45834202,0.58916914
R2384,0.5776469,0.63322246,0.50948036,0.51994854,0.6395146
R2385,0.4507642,0.6121491,0.4908945,0.5976467,0.53891283
R2386,0.820923,0.91621464,1.027632,1.1852636,1.1602786
R2387,1.3922013,1.402092,1.4144318,1.3014475,1.3501997
R2388,0.4578275,0.41666377,0.5756364,0.5430154,0.4474051
R2389,0.52501,0.4743192,0.58994925,0.585332,0.67410827
R239,3.4006615,3.3062842,3.4045813,3.379936,3.3873246
R2390,1.3052888,1.7072998,1.5453986,1.6777087,1.7767375
R2391,0.92131364,0.77425545,0.81709504,0.79475397,0.32825074
R2392,0.5179656,0.4925831,0.32969752,0.2633753,0.32322302
R2393,1.5078648,1.3506069,1.5478538,1.7974689,1.4839833
R2394,0.6026383,0.62492496,0.6391664,0.80664164,0.89996094
R2396,0.11686507,0.16118848,0.22974347,0.11635198,0.13745372
R2398,0.39859104,0.40172875,0.51188064,0.50662637,0.5639032
R24,0.4153838,0.22983298,0.14386068,0.20983794,0.28546196
R240,1.6947296,1.632605,1.8338722,1.9307323,1.7185404
R2400,0.372247,0.2516852,0.29083827,0.29393575,0.13547535
R2404,0.5762477,0.45251808,0.37279513,0.38568917,0.44833955
R2409,0.21200617,0.18732473,0.22965923,0.237591,0.13506088
R241,2.5289438,2.4954188,2.621763,2.7445679,2.7962828
R2411,0.12952447,0.17687571,0.365355,0.34848773,0.35952872
R2412,0.6846526,0.5703187,0.5117162,0.42981926,0.7089936
R2415,0.46577874,0.40026617,0.30014437,0.4677372,0.61615366
R242,3.7497241,3.7795262,3.7323697,3.8712385,3.686073
R2424,0.92128736,0.74300814,0.49338335,0.60065746,0.6069886
R2425,0.31877065,0.30039978,0.3241288,0.39107168,0.524034
R2427,1.8207892,1.7575481,1.5787303,1.860764,1.6507146
R243,4.9174433,4.8485155,4.8913507,4.8045263,4.8828025
R2432,0.07670061,0.03209242,0.12760776,0.06575443,0.069891684
R244,3.296825,3.0122614,2.8433883,2.8988307,2.8194258
R2440,0.5382909,0.497525,0.4024925,0.3498699,0.3843134
R2443,0.06904004,0.043061562,0.016534396,0.0,0.040329505
R2448,0.5727789,0.38928127,0.46690905,0.44025287,0.5497476
R245,2.0524366,2.0220473,2.002606,1.9712338,1.9608455
R2452,0.0033900323,0.14537099,0.09546691,0.08515505,0.14083529
R2455,0.47733194,0.2601492,0.28144443,0.39376947,0.22094665
R2458,0.26257822,0.23919553,0.10724537,0.32244068,0.28081188
R2459,0.40310258,0.40782708,0.5237554,0.43105498,0.4833898
R246,1.8868225,1.9828738,2.0774128,2.0121717,1.8214104
R2466,0.47650695,0.260066,0.28163114,0.39376947,0.22492479
R2469,0.36663586,0.36863586,0.35556206,0.20331232,0.25530967
R247,1.8569466,2.0061955,2.0545824,2.0042193,2.138667
R2471,0.3641847,0.25419107,0.28021574,0.31247458,0.0952578
R2478,0.62910277,0.66839284,0.69809836,0.7378836,0.7014744
R248,2.2498686,2.2886171,2.5580468,2.8918688,2.7212312
R2480,0.57622063,0.4486441,0.36642203,0.38705543,0.45243612
R2482,0.47022372,0.44326597,0.5359645,0.5217946,0.6171015
R2483,0.43529516,0.40926546,0.2793631,0.47909757,0.60812616
R2484,0.5197983,0.40980527,0.36797208,0.3740207,0.43862432
R2487,0.49608576,0.42707327,0.5221632,0.5065664,0.6154103
R249,2.8201334,2.711423,2.6675892,2.808982,2.799168
R2490,0.63924366,0.79966027,0.8619368,0.97125113,1.1922547
R2491,3.249072,3.3019326,3.185256,3.212882,3.2019856
R2492,0.78542566,0.7881931,0.72259426,0.78560543,0.71097964
R2493,0.68364835,0.92663795,1.0685221,1.1129394,1.3001429
R2494,1.1958746,0.941265,1.2028635,1.0958087,1.4272555
R2495,2.7124996,2.6561832,2.6156647,2.5346828,2.304575
R2496,0.7661917,0.9707905,1.0899553,1.0470738,0.91713536
R2497,1.0239059,1.0671813,1.0467952,1.0044537,1.1855872
R2498,2.5948627,2.8711498,2.7745402,3.1507814,2.7440631
R2499,1.9982798,2.1469085,2.760508,2.8100908,2.8183112
R25,1.721481,2.3362293,2.1937797,2.0867438,2.1945624
R250,5.0,4.91258,4.736365,4.8058195,4.766652
R2500,0.15679422,0.0,0.12557794,0.006564683,0.16148807
R2501,0.6233249,0.58137596,0.48159721,0.21647006,0.1772054
R2502,0.7466175,0.81172556,1.0397543,1.040491,1.2002114
R2503,1.40364,1.1618623,1.339599,1.1950358,1.4851795
R2504,2.0454404,2.1279345,2.0664947,1.7881031,1.1856619
R2505,2.039639,1.9232882,1.8480355,1.7126615,1.6081426
R2506,2.2727954,1.9550582,1.857709,1.9359524,1.8032206
R2507,1.5341561,1.5246992,1.4086136,1.4922532,1.1963425
R2508,0.49919716,0.3696203,0.25870186,0.29866344,0.013705014
R2509,1.3446474,1.3257297,1.344421,1.5964497,1.4897665
R251,2.1085362,2.0905392,2.1849363,2.0550845,2.0232773
R2510,0.80115515,0.7708185,0.93055576,0.822642,0.8816668
R2511,2.5466897,2.7128696,2.39561,2.4987962,2.634817
R2512,2.8961928,2.9944518,2.9336178,2.9378984,2.9096298
R2513,3.031174,3.1322205,3.0850186,3.2804317,3.1673305
R2514,1.5870512,1.409966,1.3172954,0.97090673,1.0568919
R2515,1.126306,0.9877965,0.9272823,1.107102,1.2867178
R2516,1.0878669,1.0730162,1.4794507,1.2303802,1.1212108
R2517,2.4031446,1.6868107,1.939557,1.7666477,1.8163131
R2518,1.4547509,1.5763385,1.5875291,1.7215946,1.7979453
R2519,1.0598204,0.8801391,0.95300186,0.9069756,1.0431099
R252,3.4657643,3.5073197,3.4796016,3.5565383,3.3633096
R2520,3.1951044,3.1662183,3.3142052,3.429536,3.3308084
R2521,0.10157134,0.07717763,0.052440245,0.057801634,0.0
R2522,2.4864175,2.5635827,2.5858545,2.578569,2.725873
R2523,0.38503453,0.36570194,0.36603722,0.42523456,0.4496179
R2524,2.8147511,3.0316372,2.8062973,2.9960892,2.723114
R2525,0.5415458,0.69835234,0.6955673,0.83709776,1.0096314
R2526,0.5289262,0.43573198,0.25933862,0.36440015,0.334051
R2527,1.1617169,0.9477139,1.3548919,1.3941807,1.1498642
R2528,0.2131439,0.45938158,0.24328211,0.41830945,0.2756425
R2529,2.4202647,2.8344288,2.5636601,2.846867,2.6623333
R253,2.2312891,2.1387837,2.1541715,2.2481415,2.280075
R2530,0.5623355,0.68341506,0.59328425,0.691823,0.67582524
R2531,2.053262,1.7018495,1.4796523,1.430299,1.4186547
R2532,1.9390469,1.9618961,1.6841799,1.7497394,1.6094683
R2533,1.4967915,1.8296648,1.9015568,2.480375,2.1944208
R2534,0.7259999,0.5639286,0.6698318,0.8035861,0.94089085
R2535,0.26058134,0.46917418,0.43464777,0.45994735,0.5790764
R2536,1.3448044,1.2847981,1.1189904,1.1699473,1.079657
R2537,1.1371564,1.0432004,0.8188163,0.6160108,0.6483247
R2539,2.3975482,2.2397456,2.197415,2.2197144,1.6738677
R254,1.0174705,0.958427,0.9625306,0.9384589,0.67983836
R2540,0.726703,1.2066551,1.4098514,1.9529222,1.8626814
R2541,1.248591,1.3942336,1.1566141,1.3194642,1.0940087
R2542,1.2385111,1.0535529,1.1083593,1.3389014,1.2639326
R2543,2.1692443,2.2954524,2.2205555,2.1811354,2.1793528
R2544,2.6727617,2.822378,2.6847022,2.6221378,2.4395618
R2545,1.8799667,1.9369972,1.868597,1.7522506,1.8916491
R2546,2.0074728,1.6528895,1.6376806,1.717939,1.7948053
R2547,1.4200232,1.5962772,1.8094808,1.8923073,2.0828996
R2548,1.165295,1.0606898,1.4228152,1.4873476,1.2389187
R2549,1.1938862,1.0448399,1.0744184,1.029548,0.94155127
R255,2.8121274,2.9448614,2.9056985,2.98505,2.841687
R2551,1.4409478,1.4809335,1.601177,1.7476629,2.0974815
R2552,1.6436932,1.7309783,1.815815,1.5714285,1.479331
R2553,1.9651438,1.6170173,1.6608586,1.5431396,1.7750883
R2554,1.7020719,1.7997715,1.8280553,1.9793717,1.8896788
R2555,0.84216154,0.7877021,0.78293496,0.83877695,0.61715317
R2556,0.8467746,0.8326318,0.8985647,0.99900204,1.096824
R2557,1.2848008,1.5014176,1.7689168,1.9581252,2.3313978
R2558,1.610232,1.2639605,1.721571,1.7055929,1.8144785
R2559,2.3706214,2.0741804,2.111979,1.6667635,1.0422697
R256,4.986649,4.7840004,4.689992,4.4767365,4.4016104
R2560,0.843446,0.99427736,1.1371194,1.3508917,1.6554383
R2561,1.2629116,1.0896506,1.1983126,1.1028953,1.1009073
R2562,1.9646556,1.6483443,1.9191376,1.8187846,1.808622
R2563,0.054463383,0.060743213,0.27523145,0.33534753,0.5138313
R2564,0.94081396,0.68052626,1.0441986,1.0567446,0.7361616
R2565,0.52551985,0.38005704,0.48348367,0.002443825,0.29661566
R2566,1.3793117,1.6920564,1.5651424,1.6039703,1.4415661
R2567,0.31210208,0.24005464,0.15789892,0.23954053,0.28964952
R2568,0.59733266,0.45255902,0.5276288,0.6048011,0.6509504
R2569,0.052031115,0.093272835,0.07551298,0.18351202,0.10775637
R257,2.9352632,2.9130921,2.8445892,2.7193062,2.620871
R2570,1.5711985,1.66434,1.7796912,1.6127343,1.8371799
R2571,1.6481432,1.8140656,1.869308,1.8618791,2.1285539
R2572,2.120193,2.3602076,2.0878596,2.1063247,2.2251816
R2573,0.14521794,0.1557518,0.14488067,0.1501958,0.080099076
R2574,1.934589,1.577799,1.288883,1.5385897,1.6216823
R2575,0.09072946,0.0,0.2587644,0.13590255,0.1592993
R2576,1.0854777,0.8246295,0.6185874,0.2314813,0.31725353
R2577,1.7903453,1.9336785,2.0531135,2.4138143,2.2009826
R2578,0.6900819,0.33731586,0.60535973,0.4531095,0.5531234
R2579,2.4573462,2.413143,2.5170033,2.4482744,2.4693258
R258,3.2188241,3.2999713,3.237766,3.2540867,3.3898098
R2581,1.3599125,0.96163756,0.94863456,1.1868051,1.2943099
R2582,0.3203002,0.2508828,0.4037601,0.25320643,0.33417925
R2583,0.76734143,0.6537707,1.3270059,1.2629106,1.0668328
R2584,2.6033452,2.8103583,2.7301743,2.6173782,2.2911627
R2585,2.3125355,2.1862924,2.2422147,2.287749,2.4401436
R2586,1.41731,1.2282398,1.3618189,1.1630704,1.417435
R2587,0.89097726,0.8226807,1.0827415,1.1470294,1.2342621
R2588,1.113872,1.182895,1.3568518,1.28912,1.3417059
R2589,0.5901208,0.62748486,0.6713344,0.47531268,0.58576465
R259,4.266514,4.160413,4.080635,3.9397948,3.8823318
R2590,0.704862,0.66359854,0.6153497,0.7471639,0.9361801
R2591,0.20703705,0.17669074,0.13327193,0.14442486,0.06915456
R2592,1.0243171,1.1190035,1.4280618,1.2823493,1.532543
R2593,1.1654478,0.7843609,0.59266984,0.70039034,0.50362295
R2594,0.4103124,0.40668535,0.40270704,0.43145078,0.5013752
R2595,1.159402,1.3330979,1.4565315,1.558389,1.7165287
R2596,0.4414475,0.38505784,0.24346906,0.20904079,0.37809542
R2597,2.4317906,2.3348997,2.584102,2.7420065,2.7511728
R2598,1.141488,1.1117947,0.84140587,0.96613985,1.1661518
R2599,1.6960692,1.8016105,1.6766742,1.7066925,1.8489451
R26,0.3676941,0.466675,0.2312483,0.2488855,0.37994823
R260,1.7369574,1.8741546,1.8812598,1.8512496,2.1601164
R2600,1.0914178,0.8784052,0.79872644,0.6991949,0.8272803
R2601,0.1926711,0.11770333,0.23369923,0.33667183,0.18306701
R2602,1.3475881,1.411921,1.490534,1.4802661,1.5786198
R2603,0.24369688,0.3851403,0.5736711,0.682991,0.46153036
R2604,2.1293285,2.183234,2.4338965,2.6556485,2.6886702
R2605,0.7707146,0.7597664,0.72430414,0.8676626,0.6114548
R2606,1.2003167,1.3754063,1.4818186,1.5674133,1.55702
R2607,0.5883242,0.5910033,0.5630618,0.5282907,0.4142352
R2608,0.32230037,0.4616885,0.18306033,0.27112716,0.34052932
R2609,0.41124508,0.5075905,0.52490807,0.55444306,0.58089626
R261,2.690129,2.5936093,2.490102,2.329308,2.3647594
R2611,1.6343404,1.7205045,1.683169,1.9509612,1.9489393
R2612,0.47370976,0.41158357,0.37643638,0.22484083,0.21373634
R2613,1.7921689,1.7370025,1.6305393,1.6308159,2.134401
R2614,1.0467156,0.870696,0.9103746,0.80263656,0.88121545
R2615,0.93440217,0.75876707,0.604454,0.6250151,0.8026703
R2616,1.6294243,1.5269213,1.4558743,1.3429437,1.557647
R2617,0.9508064,0.9402515,1.0002737,1.0300124,1.050757
R2618,0.43380845,0.47692144,0.25763175,0.2527268,0.3135246
R2619,1.0325001,0.51491463,0.44558018,0.7059478,0.72090465
R262,3.9586265,3.9149292,3.9180555,3.961111,3.8640795
R2620,0.25939146,0.07844383,0.0,0.2350119,0.1092499
R2621,1.7736341,1.9021912,1.8449706,2.373755,2.2000043
R2622,1.179204,1.1624618,1.268324,1.2954037,1.5291724
R2623,1.0223972,0.8062757,1.116841,0.9539592,1.155763
R2624,1.4057732,1.2385981,1.2400628,1.320523,0.9609482
R2625,1.3274267,1.4240006,1.3914816,1.2368666,1.3387234
R2626,1.5605025,1.6920182,1.44627,1.7892948,1.9493997
R2627,0.90009075,1.0987394,1.1127716,1.4642142,1.5597575
R2628,0.654536,0.7429508,0.6410224,0.5602873,0.547438
R2629,1.4008185,1.5317056,1.4963928,1.6145227,1.8191414
R263,2.665975,2.6446822,2.5668643,2.6375585,2.8841648
R2630,1.3002572,1.1363233,1.2394958,1.1195648,1.3984722
R2631,1.9175535,1.9236803,1.8609557,1.8251103,2.16916
R2632,0.0,0.0,0.065856546,0.08859147,0.0
R2633,1.9035491,1.3689364,1.6057031,1.5607263,1.6939687
R2634,1.4131744,0.8880856,0.95450336,1.439484,1.4078004
R2635,0.38379475,0.5929245,0.70277464,0.7224235,0.8174419
R2636,1.5654244,1.693775,1.746717,1.812153,1.9495456
R2637,1.5802045,1.6054803,1.4461486,1.6393498,1.5085965
R2638,0.8299608,0.77383584,1.1975003,1.1343287,1.0754764
R2639,2.343325,2.2466595,1.9400072,1.8021429,1.6888068
R264,1.4536219,1.2505317,1.4497727,1.3800701,1.5431302
R2640,3.0966084,3.2705605,3.0833464,3.1664212,3.3738008
R2641,1.4647089,1.5948426,1.4638693,1.5474384,1.5193127
R2642,0.45961973,0.33144528,0.2098615,0.1141215,0.18490712
R2643,2.2924767,2.0050468,1.6304022,1.7065511,1.6876667
R2644,1.3640009,1.1260532,1.1907287,1.2091349,1.4137005
R2645,1.1625129,0.9441167,1.5145019,1.3711559,1.2187741
R2646,0.1647831,0.114195846,0.03985298,0.107191585,0.041977327
R2647,0.7101045,0.6763424,0.6112342,0.77146286,0.8529995
R2648,0.744816,0.7209133,0.82527244,0.83325166,1.2237267
R2649,1.0441364,0.95975477,1.3022804,1.879547,1.7249162
R265,2.8205686,2.8159301,2.7998395,2.722786,2.6811688
R2650,1.2333272,1.249955,1.1315006,1.2170912,1.4713014
R2651,1.5407982,1.4731146,1.6929594,1.7884182,1.8169352
R2652,2.446883,2.3323698,2.2226815,1.8761766,1.9654431
R2653,0.45619747,0.38889852,0.4020017,0.34801573,0.43905723
R2654,1.147584,1.2490199,1.323918,1.6306155,1.8569028
R2655,0.9345842,0.9843706,1.0274787,1.0681612,1.1105081
R2656,1.3865991,1.3639464,1.3323847,1.318293,1.5583801
R2657,1.2225764,0.79651606,0.7476114,0.5316435,0.4418443
R2658,0.9573834,0.96477026,1.1170765,1.1960742,1.3868786
R2659,0.5333472,0.50628877,0.44887275,0.3949146,0.42771918
R266,1.3793279,1.4287182,1.6485136,1.8392994,1.726923
R2660,0.97936946,1.0287195,1.0635223,1.2763941,1.6724081
R2661,0.1414611,0.20495236,0.08319499,0.27641854,0.19667451
R2662,0.46044332,0.14269567,0.1950734,0.0,0.027674774
R2663,0.069828905,0.0891447,0.05943537,0.03513541,0.08788207
R2664,1.4506371,1.28368,1.1710751,1.2801104,1.1752784
R2666,0.0,0.009526678,0.24714217,0.19848965,0.07180244
R2667,0.6524959,0.8482708,0.98015934,1.1572471,1.088603
R2668,0.7174135,0.6565607,0.6310518,0.80666196,0.8864161
R2669,0.9599225,0.9561066,0.95368457,0.887773,0.91724616
R267,2.9598758,3.148511,3.2717555,3.3387005,3.2770402
R2670,0.10014761,0.07772204,0.08190595,0.12703201,0.3373588
R2671,0.67538,0.6518963,0.6522475,0.8123765,0.72195953
R2672,0.102138385,0.11136665,0.19848068,0.100015044,0.16599178
R2673,1.3968076,1.5082375,1.2622043,0.6554362,0.5725615
R2674,1.5868052,1.6597261,1.6560016,1.8424344,1.627071
R2675,0.76678425,0.9413886,1.016685,1.3776684,1.6498485
R2676,1.1648906,1.158954,1.1401604,1.1429087,1.1814293
R2677,2.23972,2.2140362,2.0458424,2.4486532,2.0998993
R2678,1.8543265,1.8506572,1.7248477,1.7746626,2.2051609
R2679,0.8791833,0.7698108,0.6269677,0.6118048,0.31773487
R268,2.5932915,2.4440267,2.4009378,2.2535245,2.0499327
R2680,2.3387885,2.8250377,2.843334,2.5024216,2.457837
R2681,1.7352656,1.9575329,1.7926877,1.7356005,1.6538098
R2682,1.4384476,1.4132165,1.7336732,1.4413606,1.582486
R2684,2.5081654,2.7035062,2.4819143,2.5601695,2.3235066
R2685,1.3885256,1.4528149,1.4259403,1.4377245,1.5089158
R2686,1.1442418,1.32624,1.0343735,1.1085649,1.0253352
R2687,0.57662857,0.39324614,0.3775842,0.28820148,0.26295906
R2688,0.4233232,0.39272484,0.41056547,0.5259529,0.40977582
R2689,1.1160547,0.9755517,1.1164092,1.0990267,1.2447132
R269,3.8542593,3.8126717,3.8411148,3.8933146,3.861777
R2690,1.429303,1.432402,1.480761,1.4199632,1.5578778
R2693,0.26355192,0.31784818,0.4485623,0.55143285,0.81706357
R2694,0.83999753,0.85874134,1.0049937,1.0942366,1.1955718
R2695,0.0,0.0,0.0,0.0,0.0
R2696,1.0974039,0.8091827,0.6373063,0.94173706,1.0794652
R2697,1.0074936,0.97362965,0.6711667,0.7048963,0.97958124
R2698,1.2344413,1.2590293,1.1144084,0.7501444,0.33972248
R2699,0.019740688,0.014799947,0.0029094394,0.0,0.0
R27,0.56792593,0.5598879,0.33069375,0.33482906,0.33076882
R270,3.212601,3.2533667,3.2458894,3.266341,3.2421184
R2700,1.3851792,1.3676863,1.3158553,1.196669,1.2448689
R2701,0.3517146,0.44931242,0.27443138,0.21230488,0.46644697
R2702,0.90139985,0.93232167,0.85263705,0.60483116,0.9540791
R2703,1.0797375,1.328777,1.4258764,1.527908,1.5351195
R2704,1.3769506,1.1326013,1.204516,1.1214544,1.1395622
R2705,0.43693691,0.5659103,0.87185866,0.8183806,0.7167661
R2706,1.1993364,1.1800156,0.94027185,0.83165437,1.1547822
R2707,1.0832835,0.6963086,0.8024791,0.77161825,0.8385766
R2708,1.7699372,1.9493032,2.0433247,2.0954192,2.2031248
R2709,1.9091055,1.4760013,1.6513704,1.5822201,1.630946
R271,3.9852965,3.9192672,4.0557995,4.0639477,3.9964607
R2710,1.4511857,1.3154513,1.4755329,1.096054,1.5358747
R2711,1.282466,1.3500357,1.3812637,1.2151376,1.2948252
R2712,1.3569529,1.618477,1.4268153,1.5475246,1.5053831
R2713,1.2130955,0.93654406,1.1252158,1.078375,1.04256
R2714,0.3550213,0.22966425,0.22508012,0.3494077,0.52835697
R2715,1.8843719,1.482888,1.0763026,1.2579936,1.2955196
R2716,2.8083465,2.4732027,2.1243064,1.6395804,1.3039262
R2717,0.1701708,0.106386505,0.040654447,0.098937176,0.07811367
R2718,0.16318184,0.08686806,0.105694324,0.13787906,0.114354596
R2719,0.7128286,0.77693135,0.6506681,0.7922377,0.95478636
R272,2.8681839,2.8547707,2.9822192,3.0575707,3.0441277
R2720,0.9563005,1.2137184,1.2532554,1.6454049,1.8418236
R2721,1.3924495,0.88202775,1.0898954,0.99868685,1.2012212
R2722,1.9269042,1.914736,2.1163785,2.374825,2.5389814
R2723,0.9918533,0.97981,0.8217202,0.7007542,0.7185692
R2724,0.5123772,0.5544226,0.8003944,0.6656776,0.5346327
R2725,0.3448434,0.30666456,0.24335553,0.38988373,0.5181808
R2726,0.8544303,0.89445144,0.8855343,1.0074154,0.78156143
R2727,1.6975135,1.4939237,1.3920746,1.6366968,1.8022188
R2728,0.28183118,0.33343163,0.31459573,0.20072095,0.14255814
R2729,1.4933246,1.3843397,1.6074833,1.5868475,1.5331987
R273,3.3423,3.478712,3.4607499,3.6071317,3.6763353
R2730,0.58964705,0.46980602,0.38517216,0.70641667,0.61218315
R2731,1.5031532,1.9564149,1.9342412,2.1595438,2.0823088
R2732,0.44270924,0.28973696,0.2741689,0.1938294,0.3459208
R2733,1.8491359,1.4038808,1.3179032,1.2352847,1.3274797
R2734,2.3612478,2.9019258,2.9163978,3.018106,3.3081772
R2735,2.6803806,2.612271,2.1462357,1.8283309,1.1899453
R2736,0.83738726,0.75562775,0.9223504,0.91279584,0.9103845
R2737,2.9142253,3.0637004,2.6843956,2.6627204,2.7198853
R2739,0.14539482,0.10159378,0.094686866,0.19257958,0.122120835
R274,1.4472299,1.5116603,1.5546441,1.6982733,1.749342
R2740,2.6101716,2.6639657,2.310325,2.4618502,2.3914716
R2741,0.88203794,0.535247,0.5226509,0.63078797,0.50524193
R2742,1.8073483,1.9234707,1.9451333,2.2007067,2.2467983
R2743,0.92672205,0.96392095,1.0380845,1.0480549,1.2636666
R2744,2.5358124,2.4146469,2.449764,2.3237374,2.3346045
R2745,3.2485468,3.188845,3.2446785,3.2004163,3.2218232
R2746,3.2805188,3.409677,3.4510536,3.4003963,3.3517628
R2747,2.762318,2.6796305,2.7451274,2.7664905,2.568147
R2748,2.3902123,2.3539064,2.2444942,2.1447856,2.334415
R2749,2.8938437,2.9898703,2.9122517,2.928348,3.0231478
R275,3.599189,3.4388387,3.3140972,3.365828,3.2476609
R2750,3.069415,2.802985,2.8945951,2.8125975,2.8100605
R2751,1.9762964,1.9833189,2.069121,2.177907,2.1025987
R2752,3.0668378,3.06554,3.2915518,3.2437897,3.2988372
R2753,2.7192304,2.6453729,2.6518724,2.6751995,2.647585
R2754,2.5505135,2.561525,2.6392283,2.6583116,2.5864906
R2755,2.9249303,2.841304,2.823842,2.8606877,2.8057652
R2756,1.3785886,1.5317363,1.5063277,1.527392,1.4762416
R2757,1.9131855,1.9400004,2.0200403,2.134619,2.1416688
R2758,3.2246258,3.247267,3.262073,3.143774,3.2868462
R2759,2.6751637,2.6448126,2.5474672,2.6434674,2.6358442
R276,2.062175,2.1329253,2.1583283,2.199617,2.2552967
R2760,1.9369344,1.9249885,1.9629711,1.9972811,1.8976018
R2761,2.9216342,2.711659,2.8008897,2.6925426,2.5175276
R2762,3.89661,3.789386,3.7129104,3.8113055,3.8191922
R2763,2.7974405,2.9138534,2.927554,2.8371735,2.859362
R2764,3.0051053,2.9049654,3.0124831,2.9211407,2.9791892
R2765,2.439943,2.4539692,2.5154378,2.443741,2.490435
R2766,3.1173265,3.1279593,3.2157602,3.112987,3.0027378
R2767,3.6315377,3.7636728,3.4228175,3.5445168,3.4912782
R2768,2.5819733,2.4963858,2.3683133,2.3315392,2.256065
R2769,2.7827694,2.848445,2.8396258,2.8600292,2.9651859
R277,1.8359044,2.0325115,2.0920427,2.1679993,2.0057204
R2770,2.2079153,2.2056777,2.0060437,2.0704002,2.0754666
R2771,3.2289274,3.3514721,3.3486583,3.4457057,3.3836284
R2772,3.501093,3.4175422,3.4492745,3.3589754,3.2056837
R2773,0.100691006,0.12820125,0.0924943,0.026011804,0.0
R2774,0.047565248,0.11550445,0.050887413,0.05037643,0.124702565
R2775,0.043462053,0.022400763,0.08965154,0.082350716,0.058532186
R2776,0.049689006,0.045043718,0.045676008,0.08866497,0.10027317
R2777,0.09380047,0.094122626,0.14679363,0.047379255,0.08144286
R2778,0.0,0.0,0.0,0.01072141,0.0068327524
R2779,0.053904843,0.07984464,0.11995477,0.11465954,0.055477142
R278,1.1081344,1.2291569,1.2404188,1.298668,1.4036463
R2780,0.025771989,0.022357658,0.01363382,0.013226955,0.01219739
R2781,0.03377381,0.114323795,0.088397086,0.04627196,0.167901
R2782,0.19779462,0.22531399,0.19616029,0.16857542,0.09528391
R2783,0.07793838,0.134551,0.14834033,0.12705824,0.08935449
R2784,0.2328437,0.27414834,0.40814033,0.3885983,0.6982951
R2785,0.10747498,0.10349691,0.14025195,0.10373305,0.11982271
R2786,0.07151866,0.07408096,0.07145189,0.014191068,0.03792074
R2789,0.90627694,0.8078519,0.715777,0.76888907,0.798408
R279,1.2452981,1.5711967,1.5045261,1.5187571,1.7557807
R2790,1.3148943,1.178224,1.1747043,1.1106275,1.1339772
R2792,0.9463153,0.9923337,0.7267639,0.47865885,0.67049986
R2793,1.6340954,1.7866948,1.6080188,1.5630378,1.8275104
R2796,0.9043608,0.9177118,0.79297936,0.8377996,0.8183918
R2798,0.8836356,0.8634343,0.835191,0.8392833,0.9546752
R2799,0.7675806,0.69820833,0.744915,0.675076,0.7221997
R2800,0.61140853,0.56532145,0.6563,0.6450622,0.7170182
R2801,2.9313784,2.6789963,2.4096642,2.3205814,2.2653947
R2802,0.76547354,0.63772756,0.51941514,0.3728205,0.36033192
R2803,1.2865748,1.2392179,1.2131301,0.95699257,0.85606366
R2804,0.7680631,0.71801066,0.5974449,0.60012305,0.607172
R2805,0.30360898,0.58315414,0.77571493,0.79015887,0.85625076
R2806,0.97138333,0.8898899,0.6801593,0.5809715,0.50970733
R2807,0.88580257,1.0076739,1.0722641,1.0317031,0.919629
R2809,0.66423976,0.6026787,0.6444818,0.67303497,0.62810344
R281,1.211476,1.4894701,1.4710968,1.4888418,1.4318992
R2810,1.6639766,1.7381105,1.5599357,1.4458477,1.7029159
R2811,2.3844566,2.2869794,2.256789,2.0192697,1.7304025
R2812,0.8408811,0.6569647,0.68924206,0.6107442,0.7298306
R2813,0.81076115,0.8787646,1.0208114,1.0069019,0.9471159
R2814,0.6964154,0.62575537,0.5951724,0.46022534,0.44086143
R2815,1.7624742,1.8226622,1.5503803,1.3503268,1.1059816
R2816,1.987625,1.9807004,1.9595159,1.6284567,1.3242805
R2817,0.7179915,0.76927626,0.70523345,0.61765397,0.6492881
R2819,2.3357089,2.3146644,2.1471763,1.7590673,1.7158544
R282,0.1502159,0.0,0.0,0.0,0.0
R2821,0.8161833,0.7031816,0.8118867,0.7533366,0.7474654
R2822,0.6491216,0.8696631,0.6559856,0.4756511,0.41473618
R2823,1.4996622,1.5196885,1.364362,1.3488016,1.4604475
R2825,2.6070693,2.445789,2.3060496,2.0908608,2.183907
R2826,0.7084942,0.73407215,0.7458024,0.8742647,0.83569014
R2827,1.013486,0.87236303,0.97649044,1.0287639,1.0817077
R2828,1.1424145,1.0331476,1.0122554,0.91993093,0.94634783
R2829,0.40679008,0.54183674,0.62478745,0.5172051,0.58876866
R283,0.4018669,0.26653877,0.28129762,0.4755285,0.36393073
R2830,1.0856233,1.164435,0.90672773,0.9974154,0.9365232
R2833,0.46871167,0.6509347,0.5125034,0.366256,0.37800297
R2834,1.0002147,1.1783762,1.0809265,0.87625164,0.9486021
R2835,0.9733284,0.8748084,0.7167629,0.57082635,0.57916385
R2836,1.0662519,0.98070943,0.9457855,0.8487851,0.8786049
R2837,1.0075166,1.17693,1.0597497,1.079925,1.066684
R2838,0.53175086,0.49855256,0.5554396,0.59862775,0.7472512
R284,0.14441675,0.19125775,0.18748,0.16442513,0.34724173
R2840,2.981689,2.5673537,2.3007495,2.3093402,2.1528614
R2841,0.8033497,0.7271694,0.76189363,0.5412059,0.5300052
R2842,1.5783632,1.585175,1.5169486,1.4861304,1.5906091
R2843,0.32285765,0.35665035,0.44988382,0.49697354,0.4658397
R2844,0.9737211,1.0046734,1.1366022,1.0333544,0.9627181
R2845,0.7381902,0.7558043,0.936815,0.9411846,0.99266094
R2846,0.8163836,0.76012826,0.6163343,0.675511,0.8390459
R2848,0.3017118,0.2764549,0.23292194,0.1371134,0.2056079
R285,0.025068065,0.0,0.0,0.0,0.0
R2850,0.42559478,0.55828255,0.59702796,0.5332804,0.5765768
R2851,1.2112547,0.99010617,0.93385464,0.96399397,0.8655125
R2852,1.6151423,1.7333462,1.6577086,1.7803304,1.5859472
R2853,1.817605,1.8110392,1.6429796,1.4389639,1.3103684
R2854,0.5663583,0.7214385,0.6581501,0.58975416,0.55542207
R2855,0.7008994,0.54165834,0.6113916,0.42123863,0.46161035
R2856,1.9977646,2.0816176,1.8349854,1.6095142,1.3484967
R2857,1.6567799,1.5371714,1.3783318,1.6530164,1.3927327
R2858,0.89586097,0.7798865,0.78901285,0.64484227,0.6110572
R2859,1.9153721,1.876004,1.8173507,1.7191246,1.487561
R286,1.1442826,1.1009816,1.2052872,1.2932087,1.2198948
R2860,0.79998887,0.6894504,0.7767378,0.7138762,0.7831491
R2861,1.4977499,1.488379,1.4990885,1.4638343,1.3941973
R2862,0.99943507,1.1769964,1.0856342,0.87969106,0.94930714
R2863,0.706363,0.639477,0.67292905,0.6784216,0.6666186
R287,1.6715637,1.7128234,1.5044508,1.4115537,1.3283776
R2872,1.5817409,1.5762695,1.3421434,1.3199748,1.587322
R2873,0.23200943,0.5425269,0.5043806,0.38539073,0.37713206
R2874,1.7165781,1.3015021,1.424708,1.1293721,1.5161026
R2875,1.0830773,1.0096817,0.880435,0.8056047,0.77523214
R2876,1.2478565,1.425934,1.3091835,1.0472718,0.9809812
R2878,1.1677377,1.0884906,1.1322619,1.0126549,1.0596167
R2879,0.460137,0.4667898,0.63329446,0.4702729,0.5540265
R2881,0.4055701,0.5082424,0.36215907,0.42548272,0.31077626
R2882,1.747446,1.8405824,1.5683491,1.3523334,1.1256015
R2883,0.9059333,0.9188786,0.79454744,0.83790237,0.8183918
R2887,0.051406182,0.13029058,0.22631262,0.118214376,0.28178847
R2888,0.8948905,0.7867655,0.78088707,0.643103,0.5987943
R2889,0.92488736,0.9093228,0.8528873,0.8274,0.90255517
R289,0.2879616,0.51400936,0.52670175,0.25740287,0.61235106
R2891,1.1292987,1.0632731,0.9414946,1.313862,1.1302706
R2892,1.944062,1.895289,1.8338931,1.7286887,1.4699459
R2893,1.5768051,1.7272592,1.5593308,1.5557737,1.8042661
R2896,0.71805376,0.6702852,0.5957203,0.60625046,0.5976832
R2898,1.6931973,1.5713649,1.48784,1.3595715,1.3035185
R2899,1.2629911,1.7047439,1.3780006,1.0025043,0.8648267
R290,0.08147056,0.08778011,0.09002303,0.10626606,0.20524831
R2902,1.7796621,1.8654941,1.5657734,1.3624774,1.10889
R2903,1.7769984,1.8598176,1.5625973,1.3624774,1.10889
R2904,1.1346844,1.1778249,0.9099476,0.99053353,0.93895257
R2907,0.60038775,0.42446128,0.5341906,0.6807859,0.76287615
R2908,0.52099746,0.57574475,0.78596246,0.8229116,0.8872048
R291,1.7115561,1.8745683,1.7390441,1.7436508,1.8755256
R2911,0.7991756,0.6901804,0.77545637,0.72024816,0.7458021
R2912,1.1422695,1.0311244,1.0037456,0.92110854,0.94530135
R2914,0.6803947,0.6755088,0.58307177,0.6888909,0.7906374
R2919,0.19855471,0.3783868,0.5595752,0.6178593,0.7531243
R292,0.80701685,0.8008651,0.53159654,0.5701097,0.43981686
R2921,0.8885733,1.0859147,1.153681,1.2543768,1.3031871
R2922,1.3027753,1.2262734,1.3830868,1.3577651,1.2346898
R2923,2.0215418,2.1791043,1.9446263,1.8692878,1.9355779
R2924,1.3252993,1.3217472,1.3312538,1.3003532,1.3911283
R2925,0.5703718,0.61787903,0.59057,0.5220015,0.60409623
R2926,0.2188378,0.2700594,0.4636188,0.5112381,0.4526533
R2927,1.0032473,0.77384,0.9164349,0.6269786,0.78577536
R2928,0.7234577,0.7370931,0.6358496,0.43837437,0.6131928
R2929,1.0360537,0.99695903,1.0929209,1.1128492,1.0647308
R293,0.70314103,0.40570292,0.3104357,0.26756775,0.3568518
R2930,1.30878,1.4223486,1.7204465,1.8046582,1.9206502
R2931,2.9346538,3.0308793,2.908143,2.8722887,2.8817556
R2932,2.3153887,2.379104,2.2669423,2.069653,1.9448009
R2933,1.6852584,1.7420126,1.7327563,2.1979241,2.0411391
R2934,1.180841,1.0582688,1.0297041,0.88261056,0.98976356
R2935,0.41550437,0.3505083,0.20109436,0.15023224,0.28857714
R2936,0.88680285,1.0709263,1.3449985,1.288679,1.4301019
R2937,1.145169,1.042519,1.0425842,1.0485858,1.0568107
R2938,0.28815502,0.4034864,0.4420638,0.4590438,0.64039314
R2939,0.9113369,0.7622615,0.8765837,0.98140585,0.9251263
R294,0.4455757,0.37732792,0.58614975,0.44832012,0.6539108
R2940,1.6598206,1.4670448,1.6332593,1.5882295,1.4471995
R2941,1.5251282,1.560454,1.4313247,1.4719403,1.648553
R2942,1.8862225,1.7563703,1.6995512,1.806556,1.8210659
R2943,0.6957006,0.6057285,0.5305578,0.51298803,0.48859718
R2944,1.874339,2.0189872,1.9430538,1.833191,1.8203752
R2945,0.2737724,0.13050067,0.029606,0.065963335,0.014351818
R2946,0.57953715,0.43524894,0.55010587,0.69935143,0.6487288
R2947,2.087597,2.055958,2.1976933,1.9608352,2.133621
R2948,1.2953335,1.2246628,1.1370224,1.1314089,1.0007218
R2949,0.0,0.0,0.0,0.0,0.0
R295,1.5319507,1.4982382,1.8791851,1.7739451,2.076195
R2950,1.0154518,1.061033,1.1681412,1.031954,0.947605
R2951,0.68757874,0.7459705,0.75966626,0.8301612,0.96441656
R2952,1.8695723,1.6728171,1.7185775,1.7702578,1.7918048
R2953,1.4220079,1.4997278,1.5355368,1.6203107,1.64532
R2954,0.30956185,0.37611312,0.5231128,0.58988297,0.53843045
R2955,2.0163534,1.9816866,2.118859,2.02963,1.9567801
R2956,2.8160298,2.9422398,2.9191759,2.875853,2.9448085
R2957,0.23490433,0.13492496,0.11643038,0.20713286,0.29120412
R2958,1.1568053,1.2007973,1.1432539,1.1656464,1.0154922
R2959,1.8188646,2.1236937,1.9264976,1.7247556,1.7276618
R296,3.0840147,2.6854308,2.3396327,2.191773,2.0667136
R2961,1.7915194,1.8478212,1.8051084,1.4216266,1.6614983
R2962,1.4871471,1.2812674,0.92267334,0.8724428,0.7159395
R2964,0.0,0.0,0.0,0.0,0.0
R2969,0.8546982,0.88899714,0.7274535,0.62036914,0.5313757
R297,2.3684955,2.1854496,2.0934086,2.1224105,2.1922755
R2974,1.6280433,1.6121919,1.3796648,1.3533818,1.2352539
R2977,1.0853903,1.0229917,0.920321,0.7206184,0.49866834
R2979,1.4799992,1.2564858,0.85127264,0.8310704,0.65740365
R298,0.69199735,0.49247727,0.540078,0.4405142,0.3593337
R2981,1.5407354,1.3724216,1.0514754,1.1683342,1.0863475
R2982,2.143075,1.8985968,1.5136256,1.6052119,1.5715414
R2983,1.0763899,1.007812,0.8508546,0.7419566,0.72133565
R2984,0.0,0.0,0.0068311393,0.0,0.0
R2985,0.3662291,0.31167576,0.46190703,0.26403767,0.24190542
R2986,1.3507004,1.1054395,0.79073596,0.8381724,0.6102204
R2987,0.73043877,0.5511838,0.50201726,0.5501209,0.66295975
R299,1.0853959,1.1436393,1.3535302,1.120335,1.0100499
R2990,0.014494255,0.009100152,0.120508544,0.18899167,0.10524587
R2991,0.85451937,0.6782274,0.6916227,0.702568,0.7664661
R2994,1.3424041,1.2951391,1.0801226,1.0460863,1.0637487
R2998,0.15347618,0.103968546,0.19817261,0.1822213,0.2487593
R2999,1.3662469,1.0883383,0.81434435,0.8625264,0.6937211
R3,1.5459281,1.3826362,1.2485682,1.5001947,1.5855393
R30,0.11089088,0.118394434,0.20567912,0.2019881,0.24510981
R300,0.8028109,0.730139,0.5234111,0.5475432,0.3875272
R3000,1.6989185,1.2714659,1.2731476,1.286772,1.145313
R3003,1.2479132,1.0350101,0.6716138,0.6802943,0.5301828
R3004,0.8963006,0.717768,0.7317332,0.70068365,0.7740797
R3007,0.05891888,0.08341859,0.11905732,0.017122215,0.04965455
R301,0.041793484,0.11393595,0.1855878,0.0,0.13160966
R3011,0.069619276,0.14521913,0.07614681,0.0,0.0
R3014,1.5422199,1.2525662,0.9042096,1.0132141,1.1714779
R3017,0.39825788,0.37570918,0.21444358,0.10843109,0.23770584
R302,2.51646,2.3353763,2.0899994,2.0722651,1.8572727
R3020,0.079714365,0.16761746,0.18595837,0.14996302,0.29713285
R3021,0.35651308,0.34501672,0.17162928,0.08593718,0.21173097
R303,0.362042,0.31603482,0.38970828,0.34157935,0.5307971
R3031,0.73754674,0.48887077,0.4824537,0.27689406,0.2622631
R304,0.6386055,0.55754745,0.44525182,0.5522081,0.67111814
R305,0.6029385,0.51329166,0.4612062,0.45985767,0.823495
R306,0.6781354,0.54297036,0.29717788,0.3208712,0.37710837
R3062,0.71453553,0.55983454,0.44384813,0.33302695,0.3159026
R3063,0.1633479,0.14009939,0.23895088,0.2686874,0.2055812
R307,0.48299667,0.2774374,0.34199157,0.34235498,0.556371
R3070,0.5625128,0.54056835,0.30924043,0.22406282,0.42762312
R3073,0.09858511,0.120363,0.090499215,0.039149508,0.07106259
R3076,0.09523666,0.16748707,0.12755539,0.13042055,0.21911196
R308,0.84892863,0.9356003,0.74054706,0.93638,0.73084944
R3087,0.6988153,0.83091474,0.85996795,0.822145,0.8354556
R3088,0.12684864,0.15533765,0.1260293,0.24876255,0.24058923
R3089,0.9034049,0.84261227,0.9276105,0.89617157,1.099705
R309,0.0,0.0114252195,0.0,0.043197207,0.0676234
R3090,2.8752844,2.7648094,2.777278,2.9056885,2.841455
R3091,1.7148582,2.0051405,2.0061495,2.052911,2.2489302
R3092,0.69169104,0.7013386,0.88860536,0.96952957,0.90749776
R3093,1.8018825,1.8095533,1.7878866,1.8076174,1.8448361
R3094,1.3273743,1.3245738,1.51788,1.4940472,1.6330351
R3095,1.5429696,1.4872311,1.6688033,1.5259194,1.6056838
R3096,0.37517047,0.4592368,0.6415269,0.6055388,0.66778636
R3097,0.8280626,0.95245373,0.8629905,0.8104247,0.78485996
R3098,1.5694612,1.5672446,1.5458444,1.4703962,1.5509782
R3099,1.007264,0.9942491,1.1534674,1.3000016,1.3006077
R31,0.83478487,0.7228341,0.51023835,0.3797863,0.334142
R310,0.7032661,0.86429876,0.7341963,0.80044097,0.81788063
R3100,0.8949016,0.8915901,0.9752411,1.0632268,0.926229
R3101,0.29524708,0.27291614,0.32293797,0.39604247,0.46680054
R3102,0.5119591,0.7683747,0.76899326,0.76743245,0.76683795
R3103,0.03041603,0.0,0.0,0.0,0.0
R3104,1.3622385,1.1936184,1.2037263,1.1859901,1.2655927
R3105,2.8827307,2.844732,2.8715973,2.8364494,2.9264917
R3107,2.0677967,2.1841629,2.1869636,2.1220772,2.07989
R3108,0.33586514,0.1950075,0.2504071,0.27888858,0.306231
R311,0.66699475,0.49256688,0.34513518,0.44650385,0.355031
R312,3.1320536,2.9259515,2.8445585,2.6343436,2.6149065
R313,0.21989413,0.18076645,0.19926395,0.22013934,0.20607564
R314,0.5391716,0.4926388,0.52508736,0.4611791,0.32379714
R315,1.5354491,1.6971511,1.8076309,1.9810524,2.0362258
R316,3.7238545,3.20438,3.0663455,2.9082656,2.550172
R317,1.0652711,1.2890466,1.1413232,1.1818422,1.0672626
R318,2.3043427,2.2514622,2.165118,2.1329682,2.1821902
R319,1.3777469,1.6328676,1.5970081,1.8147651,1.6152803
R320,0.4538367,0.3536055,0.30406475,0.42777976,0.5125541
R321,1.509109,1.4610296,1.6603467,1.4725329,1.6676501
R322,1.2978078,1.283042,1.5061331,1.5871819,1.6890155
R323,0.0,0.017148577,0.0,0.0,0.0997727
R324,0.82365197,0.78057563,0.7465928,0.60422933,0.8442987
R325,1.8810242,1.6320827,1.4638548,1.2551044,1.3051068
R326,1.1967528,1.36706,1.2600108,1.0696617,1.0477095
R327,0.26206023,0.3497997,0.3011952,0.3421581,0.2891289
R328,0.5177236,0.46660402,0.41586465,0.28216806,0.1281496
R329,0.7919794,0.60788804,0.8089742,0.79951715,0.8245517
R33,0.14615026,0.15940835,0.20200934,0.025513638,0.1326929
R330,0.60846454,0.39491707,0.26331767,0.35010752,0.30113646
R331,0.0,0.0,0.0,0.0360925,0.11014408
R332,0.37667683,0.06571149,0.0,0.0,0.0
R333,3.1028411,2.8542018,2.6658902,2.519106,2.4778292
R334,0.692189,0.73187834,1.0504376,0.9036082,0.99524397
R335,3.5591547,3.4437432,3.171134,3.1591287,2.835492
R336,0.47708434,0.43384463,0.112440534,0.3670445,0.4075153
R337,0.9776543,0.9798915,0.9150937,0.8383361,0.99994326
R338,3.526855,3.2167156,2.8937387,2.756941,2.310304
R339,1.4377652,1.3258955,1.0349444,0.9384854,0.87669057
R34,2.5914526,2.399174,2.3820293,2.322958,2.1821277
R340,2.8531742,2.5001528,2.3841343,2.1676407,1.8370222
R341,3.5391073,3.222948,3.0975063,2.8317528,2.6403174
R342,0.85752827,0.7005757,0.44843027,0.6311941,0.4069346
R343,0.9350091,0.63315207,0.6976836,0.7407408,0.5253822
R344,1.75268,1.6561254,1.5443537,1.2308058,0.96862096
R345,1.5376118,1.6066513,1.2973331,1.2429148,1.2908298
R346,0.44031805,0.38899168,0.7265377,0.6241744,0.64892733
R347,3.1274495,2.8522432,2.6795921,2.5048628,2.4506185
R348,0.0,0.0,0.027988043,0.0,0.0
R349,0.9522039,1.0069426,1.198694,1.1052008,0.9498698
R35,1.155015,1.0847574,1.2751123,1.2314469,1.322197
R350,1.4208113,1.3381318,1.0218447,0.9507482,0.88201654
R351,1.0585314,1.2614933,1.1453518,1.2000712,1.1065339
R352,0.77376753,0.8783899,0.799166,0.51206505,0.67061955
R353,0.13773388,0.21368916,0.10292261,0.06987291,0.1177985
R354,1.1269087,1.063037,1.450957,1.3821646,1.6545355
R355,0.67463756,0.677536,0.40497196,0.6204015,0.7609438
R356,0.4416836,0.48971432,0.5248363,0.4633192,0.33245373
R357,0.20177235,0.19171791,0.18218347,0.15240744,0.1669396
R358,0.96364325,1.0482496,0.9661251,0.9565154,1.178574
R359,1.3354082,1.406787,0.9954526,1.0160019,1.0057716
R36,0.44306046,0.33770785,0.32702976,0.2658985,0.35112184
R360,1.3144646,1.2174726,1.3418711,1.6845144,1.6816812
R361,2.2908404,2.090874,2.2680507,1.717204,1.5872818
R362,0.99128574,1.0159777,1.3861976,1.2973127,1.5294194
R363,1.3553263,1.1686856,1.282656,0.9749872,0.9009441
R364,1.5363679,1.2892625,1.2123625,1.404617,1.228656
R365,1.9072969,1.5855671,1.3108054,1.4202945,1.2990402
R366,1.0305285,1.0557518,0.9769381,0.9693621,1.3294958
R367,1.2755338,1.0623939,1.1241308,1.4090279,1.1261307
R368,0.8736048,0.92413026,0.8539882,0.8162793,0.8678437
R369,1.8665367,1.5452759,1.5939423,1.4468403,1.4356394
R37,1.3693712,1.8804692,1.7527119,1.6640652,1.9071778
R370,0.7272627,0.72088116,0.6266317,0.63781506,0.78937554
R371,2.932531,3.1868176,3.0661714,2.8981638,3.16323
R372,0.20239118,0.10494129,0.21060926,0.15957467,0.15900952
R373,0.0,0.10771647,0.102472655,0.067001484,0.0823746
R374,1.2025629,0.9703249,0.8458486,0.7206643,0.7137812
R375,0.6547951,0.6365699,0.59723747,0.525195,0.57164997
R376,0.66331875,0.52489895,0.48044938,0.6715707,0.5579507
R377,1.3085212,1.1257712,1.0044913,0.82828295,1.0545683
R378,0.28444174,0.15822142,0.18943346,0.31095427,0.45833912
R379,1.917494,1.899815,2.020098,1.8973646,1.7594813
R380,1.5260793,1.4585071,1.2395271,1.2160727,1.1633663
R381,0.17519788,0.38880825,0.59819525,0.49042487,0.70676506
R382,0.26272658,0.18750034,0.13289832,0.24230003,0.3110716
R383,0.4253585,0.3926837,0.45837224,0.4940956,0.53903383
R384,0.50172865,0.33750623,0.26087147,0.24141566,0.3732379
R385,2.0307236,1.888452,1.6009073,1.5153962,1.5422088
R386,0.3117352,0.20689529,0.19208105,0.28465188,0.22718939
R387,0.21652333,0.073806085,0.0,0.014959599,0.17788656
R388,0.7719373,0.73716927,0.85536015,0.9791418,0.9788948
R389,0.504874,0.3844751,0.3288931,0.34326655,0.34537655
R390,1.3578573,1.4714342,1.27573,1.4529204,1.6992513
R391,1.8093942,1.7182778,1.4888324,1.3503019,1.2574638
R392,0.34015813,0.28724223,0.32301572,0.08765868,0.32297772
R393,0.39643267,0.45893836,0.4501224,0.35070196,0.48652533
R394,0.8943991,0.86898303,0.9172577,1.1469824,1.0061778
R395,1.279429,1.4789383,1.5945535,1.5036325,1.871675
R396,0.5926509,0.39244178,0.342471,0.3146565,0.3390781
R397,1.8680815,1.5928841,1.6262571,1.4975979,1.4336182
R398,1.2403058,1.028139,0.79505956,0.79441994,0.89787155
R399,0.09186754,0.035434257,0.21202058,0.19394152,0.28587118
R4,2.7380662,3.1753387,3.0894327,2.847708,2.3718696
R400,0.17160305,0.21157293,0.16760644,0.28916222,0.29409015
R401,1.0924709,1.0347431,1.2675147,1.3816761,1.2827908
R402,3.376626,3.476318,3.416972,3.0178661,2.900482
R403,1.0983244,1.0557679,1.1549375,1.0144507,1.1859801
R404,1.6432723,1.530104,1.4012811,1.4117935,1.4920216
R405,0.009243597,0.17785516,0.13236484,0.21365687,0.24971466
R406,0.18459477,0.22623886,0.13210177,0.28084376,0.32864878
R407,0.9232279,0.7577703,0.7109766,0.6585658,0.7852667
R408,0.43339363,0.44956324,0.40841332,0.3123841,0.20980307
R409,0.07884623,0.062500484,0.16655107,0.20496796,0.2562487
R41,0.91098964,0.8570989,0.8041718,0.8314069,0.94356275
R410,1.3419677,1.3456391,1.2775778,1.4939681,1.3337284
R411,0.82214504,0.6522604,0.57140464,1.0924278,0.9450271
R412,2.1364079,2.3804348,2.591872,2.393739,2.6158874
R413,0.18227896,0.05955639,0.18414278,0.16666524,0.29817507
R414,3.2980678,3.1820009,3.383811,3.0151608,2.9025135
R415,1.5470873,1.1591048,0.9687656,0.82081217,0.8303319
R416,0.51961964,0.36029783,0.3911558,0.36638066,0.32086357
R417,0.40714815,0.23340468,0.3815842,0.4430114,0.5192273
R418,3.3414521,3.4320705,3.3833811,2.9755065,2.9015415
R419,0.24762951,0.23399165,0.11861598,0.17329793,0.11245575
R42,0.19635814,0.21610573,0.3863181,0.26090163,0.3658363
R420,1.2650042,1.4711155,1.9728779,2.1365213,2.0041604
R421,1.3525779,1.2713481,1.4029697,1.2002401,1.0539347
R422,1.1758107,1.1032853,0.83942634,0.8026139,0.7360678
R423,0.9775398,1.0456929,0.9165993,1.0247481,0.9320266
R424,1.8596774,1.814389,1.7155249,1.6289469,1.6432449
R425,0.16781625,0.09274205,0.02347558,0.058366198,0.097481705
R426,0.10185523,0.14015979,0.06760149,0.121343724,0.01966554
R427,0.46064365,0.31596023,0.33633453,0.2736978,0.19532491
R428,2.4173055,2.3044133,2.3529947,2.1389267,2.1895747
R429,1.0149293,0.49189967,0.622298,0.7822714,1.0173116
R43,0.28992513,0.53684187,0.37742054,0.25939414,0.184242
R430,1.8613435,1.7617487,1.62731,1.4391983,1.6861044
R431,0.6753298,0.5525487,0.70352614,0.5946362,0.6367638
R432,1.2607911,1.0453138,0.97891086,0.9635964,0.95018727
R433,2.4240706,2.1737309,2.2234607,2.0787566,2.0523624
R434,2.520215,1.9649556,1.7977109,1.8610132,1.9962678
R435,3.057909,3.219409,3.346162,3.237862,3.4410908
R436,0.7825278,0.5436594,0.48114622,0.6189222,0.73243773
R437,1.0284669,1.1894149,1.2624836,1.3027773,1.2879164
R438,2.2063534,1.8319018,1.5415559,1.3935242,1.1866354
R439,1.0138761,0.8413097,0.74913055,0.9876518,0.917387
R44,2.7669742,2.9222777,2.8751132,2.8597307,2.633334
R440,0.8357016,0.9201437,1.0054328,0.89295423,0.9846597
R441,1.5199621,1.389888,1.1038365,1.1440681,1.142859
R442,3.3740716,3.2889872,3.2236743,2.994733,2.8510983
R443,0.0714019,0.0,0.009606464,0.0067295404,0.011882484
R444,0.11991517,0.016677558,0.2802493,0.2513622,0.18348536
R445,1.2358758,0.9968869,0.9187383,0.8962805,0.9030488
R446,0.15933767,0.21084464,0.17042823,0.1293767,0.23131166
R447,0.4529691,0.40215623,0.44263276,0.29571724,0.18714604
R448,0.12637477,0.26738498,0.21068652,0.32279292,0.2800378
R449,0.634954,0.3613521,0.26097798,0.38938263,0.57658005
R45,0.14006436,0.18189761,0.14147647,0.24560249,0.15907915
R450,0.24627738,0.21566358,0.030922534,0.16591784,0.14862174
R451,0.70906526,0.7902783,0.53797066,0.50419915,0.5038288
R452,0.5086952,0.36824587,0.34441614,0.32892302,0.17685013
R453,0.33233613,0.37829745,0.3328688,0.2825545,0.37856203
R454,0.3418319,0.26812702,0.4034362,0.6295164,0.64529
R455,0.7091178,0.5871836,0.76317084,0.5717855,0.60206187
R456,0.6033859,0.40041426,0.42577466,0.4753969,0.61088604
R457,2.9782586,3.1131985,3.1535077,2.9143522,2.615538
R458,0.8411206,0.79664034,0.87574357,0.9757767,1.0972595
R459,1.3395067,1.1184257,0.8949448,0.7620027,0.8271023
R460,0.38659725,0.44928992,0.40236196,0.38793248,0.4465509
R461,1.3538334,1.3275282,1.2430626,1.2622452,1.3442847
R462,0.40603402,0.388942,0.3177454,0.51807,0.5325713
R463,0.48154274,0.27126285,0.38767973,0.33068177,0.58438337
R464,1.4288263,1.5262117,1.7977139,1.880512,2.1016095
R465,3.1348593,3.303269,3.1918786,3.0236416,2.8283682
R466,1.6183577,1.4676841,1.1967772,1.5556812,1.4065514
R467,1.6095071,1.4668736,1.2623626,1.5851834,1.4618511
R468,1.676665,1.3324417,1.1843475,1.168197,1.0653547
R469,0.82248724,0.8758529,1.030333,1.1192967,1.0185161
R470,0.17065437,0.09820427,0.16046141,0.34949586,0.3259137
R471,1.1412233,1.4955369,1.4618032,1.6867557,1.6091291
R472,0.6092945,0.40887195,0.5944708,0.42972222,0.6481079
R473,1.0054477,0.47093126,0.58736646,0.7862408,1.0050982
R474,1.2016035,1.1966356,1.1961755,1.302084,1.1391371
R475,0.7666267,0.7449997,0.43321207,0.6848458,0.70268005
R476,0.4144631,0.33930042,0.3660696,0.35970622,0.4245909
R477,0.83218724,0.81655174,0.6532755,0.82793576,0.6621388
R478,1.1613909,1.1534803,1.214755,1.1885444,1.3328326
R479,0.9695183,0.64690554,0.6166152,0.6932988,0.8929362
R48,2.5839958,2.6976633,2.632143,2.5742836,2.1334453
R480,1.7846845,1.7056141,1.4875768,1.4716043,1.2672035
R481,0.66575843,0.504028,0.3466297,0.39465117,0.50428444
R482,0.926294,0.9692464,1.0806173,0.9189458,0.98120844
R483,0.6680449,0.4721003,0.3960376,0.38665363,0.19296026
R484,2.5456407,2.5682192,2.7675636,2.658941,2.6283228
R485,0.1369557,0.08731994,0.07754952,0.23729818,0.33379906
R486,1.5877299,1.7659118,1.9603736,2.0921073,2.1409206
R487,2.5174854,2.3703554,2.2404804,2.1127937,2.2060862
R488,1.4050865,1.1746157,1.0700605,1.0202552,0.97316724
R489,2.0125062,2.1149173,2.4174924,2.4577188,2.5534527
R49,0.29188353,0.1884042,0.15266436,0.05051083,0.027024737
R490,1.2611842,0.9822478,0.87936366,1.0311222,1.26636
R491,0.77357465,0.6478056,0.5891646,0.49908453,0.63842666
R492,1.6416621,1.4711382,1.3304665,1.4971774,1.7864666
R493,0.26917392,0.23904383,0.18320787,0.27999663,0.41033888
R494,0.05205759,0.030868724,0.06571482,0.08516139,0.0
R495,1.2291452,1.0729337,0.7161259,0.6918306,0.69603956
R496,1.9309762,1.5807601,1.2183056,1.136743,1.0159369
R497,0.19565317,0.23450097,0.11890553,0.30133113,0.38391417
R498,1.2079704,1.043665,1.0381837,0.9138363,0.94342065
R499,1.3334533,1.080435,0.99875283,0.94148475,0.96848893
R50,0.1887183,0.075317,0.11959113,0.08395495,0.25879145
R500,0.8639371,0.7739083,0.9854618,0.8564001,1.0142218
R501,1.5258965,1.2336929,1.2585411,1.3302479,1.4572904
R502,0.18768808,0.30200613,0.16097356,0.13806203,0.09901748
R503,1.3289824,1.1415503,1.0945469,1.078046,1.0658058
R505,0.7775015,0.72593594,1.0453581,1.2276614,1.1355374
R506,0.07486622,0.041645404,0.04818077,0.039067127,0.0738007
R507,0.61141986,0.47719917,0.5535197,0.4906379,0.5509707
R508,1.3420962,1.0602926,1.2808022,1.4254887,1.4076523
R509,3.1006274,3.298917,3.4597816,3.1743555,3.4784117
R51,1.3244948,1.1522576,0.9168807,0.8167,0.7750574
R510,1.8561547,1.9746696,1.7188177,1.8163741,1.8090919
R511,1.4040855,1.1788553,1.2183841,1.5465717,1.4818538
R512,0.20007037,0.29808205,0.17329554,0.15087675,0.099746644
R514,0.7897815,0.8283237,0.7321066,0.8519287,0.94173473
R515,1.0215127,1.1058658,1.3915516,1.6053343,1.4733403
R516,2.3397288,2.225997,2.3703163,1.9782232,2.0990813
R517,0.21078756,0.1912961,0.18889596,0.24559578,0.29066825
R518,1.1960043,1.1745114,1.1307429,1.163768,1.0553135
R519,1.7581713,1.766667,1.6330353,1.5547897,1.5767004
R520,2.113057,2.1685374,2.1716077,2.1574275,1.9731268
R521,0.7325592,0.45636505,0.57531285,0.5896946,0.721795
R522,1.0110602,0.99192846,0.9988288,0.9945244,0.941578
R524,1.1022271,1.1380459,1.2777807,1.244893,1.2081949
R525,0.5230059,0.5411243,0.5379272,0.47487554,0.4612417
R526,1.4374346,1.6205649,1.7164448,1.8546491,2.0130193
R528,0.8878763,0.83346516,0.8226104,0.82838905,0.86205167
R529,0.8038158,0.6953563,0.8790177,0.94931614,0.9544155
R53,1.2683711,1.2137173,1.1627609,1.1187371,1.0366292
R530,1.2733802,1.1928748,1.146452,1.2398623,1.2096276
R531,2.0253997,2.1225002,2.1105282,2.0632367,1.925347
R532,1.2023599,1.1351804,1.1325063,1.1363064,1.0921563
R533,2.425612,2.262545,2.251068,2.289023,2.2182806
R534,0.45323873,0.35361078,0.53998953,0.6657978,0.4554674
R536,1.9928752,1.9476391,1.9993755,1.8413538,1.7858216
R537,0.91065186,0.7449632,0.7814054,0.7249084,0.8930231
R538,0.7800398,0.68952584,0.72141224,0.6746199,0.63744205
R540,1.8808304,1.9057454,1.7109758,1.593182,1.5906844
R541,1.692567,1.7466534,1.7799356,2.0883775,2.2191205
R542,0.10123853,0.10429008,0.10493939,0.15729119,0.17035218
R544,1.2420609,1.2165679,1.1593814,0.9966709,1.2022623
R545,1.2399827,1.3078971,1.2472283,1.1909833,1.1563348
R546,1.0738735,1.0130825,1.0069395,0.6863729,0.7609097
R547,1.1489646,1.08346,1.2640853,1.1759229,1.1842451
R548,0.6613886,0.5282884,0.51578975,0.6053349,0.7531888
R549,1.0839826,1.2403797,1.5185263,1.5364028,1.429693
R55,1.6320387,1.7354943,2.2919967,2.157487,2.1946492
R551,0.92598414,0.9071986,1.0290658,1.1510295,1.3069415
R552,0.7432651,0.5523689,0.6076897,0.6899782,0.70378834
R553,3.2276666,3.135808,3.2261832,3.2668319,3.2879553
R554,3.1865013,3.1128938,3.1904798,3.2230752,3.1816516
R555,1.7815893,1.7029685,1.693089,1.6523577,1.432221
R556,1.2260568,1.2443339,1.242603,1.2089832,1.2276186
R557,1.6816205,1.6852057,1.8060695,1.7281718,1.7282537
R559,2.7445145,2.5658813,2.718837,2.7165189,2.6521306
R56,2.4894757,2.4504652,2.5291183,2.2978175,2.4350548
R560,0.36026874,0.18456516,0.23699228,0.1504918,0.16258888
R561,1.9157662,1.8345684,1.8635564,1.88261,1.7411999
R562,0.6449549,0.7648478,0.8151629,0.76530725,0.7489124
R564,0.49719796,0.42891893,0.42212442,0.4493601,0.29852352
R566,0.8198574,0.803344,0.7536497,0.69177514,0.5035977
R57,1.1584237,1.3457893,1.540541,1.484094,1.4200207
R570,1.1650796,1.0046138,1.064854,1.0658754,0.9363788
R571,0.750956,0.85301566,0.6380188,0.5526362,0.32119077
R572,0.7602993,0.8471986,0.7582355,0.94954664,0.8267651
R573,0.3783902,0.265285,0.25482953,0.26013747,0.08889731
R576,0.6499505,0.46094522,0.40696225,0.3183549,0.506399
R577,0.5921143,0.54641944,0.47138765,0.5198837,0.2857628
R578,0.41056097,0.42982537,0.5000403,0.44147444,0.519636
R579,0.8612226,0.8397566,0.93849987,0.85425746,0.8249753
R581,1.0143609,0.98272085,0.80074036,0.7290822,0.59894377
R582,0.3681242,0.3419913,0.34776568,0.42963156,0.11794269
R583,0.36444262,0.43274984,0.3572782,0.30106097,0.2487238
R584,0.87337023,0.79418534,0.8582358,0.84106535,0.8673049
R586,0.40928593,0.42503604,0.41731045,0.44779992,0.42309618
R587,0.4825561,0.540587,0.38561133,0.4300028,0.4286165
R588,0.0070302067,0.033853617,0.07246537,0.07205267,0.020031506
R59,0.37459433,0.41211385,0.36107525,0.4170466,0.5150392
R590,0.60279554,0.52824384,0.44051865,0.36664432,0.5741558
R593,0.41131258,0.51108456,0.6023139,0.46675512,0.47334582
R595,0.20187624,0.14487642,0.0682304,0.08916228,0.16187462
R597,0.1998168,0.18377884,0.096222,0.1099705,0.09116057
R598,0.65594745,0.69623995,0.5982984,0.64403236,0.61903334
R599,0.7773404,0.6232093,0.62092626,0.56073004,0.2561182
R6,0.6569516,0.57814807,0.5711724,0.34643093,0.49366942
R601,0.44948798,0.4197384,0.41124052,0.4570122,0.41842285
R606,0.38279945,0.44652855,0.33792,0.2664205,0.29374722
R607,0.22050649,0.3409522,0.33990356,0.37268022,0.3342322
R608,0.42658824,0.3268047,0.34513178,0.44370735,0.21196453
R609,0.87910086,0.8317267,0.59719396,0.5554211,0.42283744
R61,1.46628,1.4640466,1.2408386,1.188676,1.2622837
R612,1.1546812,1.1683242,1.2258067,1.3835363,1.3384856
R614,0.039899126,0.087525524,0.10254464,0.08580898,0.0936101
R615,0.83977973,0.9212518,1.0979439,1.2187308,1.0582323
R618,0.5731417,0.7376662,0.81201005,0.8641968,0.8589775
R619,1.0625424,0.90355057,0.72307354,0.52020913,0.4761808
R62,0.9119639,0.62730837,0.6430394,0.5432377,0.6523081
R620,0.29418817,0.2674107,0.26942647,0.2295446,0.22571248
R621,0.46531284,0.46460503,0.38923237,0.48797208,0.43288174
R623,1.393086,1.3124865,1.3818678,1.357538,1.3582832
R624,1.0119736,1.0269473,1.0302964,1.1484416,1.2399709
R626,1.0060937,1.0666453,1.0678196,1.1016194,1.0443639
R627,0.3643806,0.26442048,0.15152477,0.19547218,0.14015907
R629,0.1785604,0.22053917,0.19283265,0.19875653,0.07958573
R63,0.802816,1.2818631,1.3197552,1.1664548,1.3253362
R630,0.86418325,0.8829276,0.7672034,0.7496176,0.82804507
R631,0.4174076,0.42857286,0.37773255,0.366253,0.1665849
R633,1.464855,1.4450333,1.492816,1.5522366,1.6014007
R635,1.0251644,1.090371,1.0397378,1.0310174,0.9246834
R638,1.433145,1.600899,1.7170656,1.8568994,1.9148434
R64,0.5207648,0.40345305,0.48844343,0.6034885,0.36322567
R642,0.5354684,0.6589906,0.53322625,0.5665517,0.56489354
R645,1.2205724,0.9411078,0.9683668,0.7816302,0.6783573
R646,0.8553176,0.7881769,0.7314842,0.63719773,0.6231379
R647,1.1634363,0.99478453,0.90252393,0.70681506,0.59206754
R648,0.5333301,0.4984015,0.46761245,0.35646832,0.5035562
R649,0.8252167,0.8418376,0.8488058,0.8239281,0.9168244
R65,0.0,0.13727073,0.12150502,0.17924532,0.16402623
R651,1.1956561,1.2908792,1.4800051,1.3242253,1.4181206
R653,0.4223621,0.4121961,0.43548334,0.3421554,0.17957115
R655,0.62345785,0.669018,0.57668316,0.47844672,0.4132477
R659,0.07212785,0.06568191,0.07970159,0.103955045,0.16411528
R660,0.8238925,0.9284067,0.9538823,0.908291,0.8381148
R663,1.2829982,1.2242465,1.3840812,1.3215226,1.2147694
R664,0.6124505,0.7291098,0.65437716,0.5731979,0.51853245
R665,0.7013401,0.7504959,0.6365878,0.7150846,0.63102555
R666,1.5772231,1.5460166,1.6148578,1.2902699,1.5604336
R667,0.9471024,0.96534956,0.6913003,0.5868874,0.43430737
R668,0.3871045,0.40435666,0.5061639,0.43503216,0.53147423
R669,0.05093384,0.10977208,0.19305582,0.35260502,0.29006726
R67,0.33211344,0.32606053,0.37403136,0.31621018,0.51292264
R670,1.3777782,1.4289951,1.4435757,1.2377541,1.6659429
R671,0.9039104,1.006261,0.905028,0.832361,1.0566487
R672,0.7624025,0.6102054,0.7453009,0.81904376,0.9396478
R673,1.4898024,1.5334247,1.3310115,1.1471926,0.7066476
R674,0.64137137,0.5311891,0.36834797,0.22393818,0.23416455
R675,0.7207481,0.67335695,0.42626122,0.32235578,0.44972286
R676,1.6686562,1.8014612,1.6451865,1.5856805,1.4687843
R677,0.0,0.0,0.0,0.005250116,0.0
R678,1.9161768,2.2077081,2.121244,1.908519,1.5960591
R679,1.6788416,1.6237926,1.4692801,1.2648617,1.0429765
R68,3.5754485,3.5077505,3.3919513,3.4315052,3.2788692
R680,1.3106624,1.320913,1.1868263,1.1337112,1.2178873
R681,0.09361184,0.124769464,0.25519353,0.26254246,0.13203448
R683,1.7122356,1.4899503,1.5789108,1.685102,1.6838728
R684,0.14811358,0.026608856,0.0,0.0,0.03887035
R685,2.0418403,2.0735483,1.796651,1.8380588,1.6376239
R686,0.46770555,0.4769923,0.4323946,0.40129846,0.15979269
R687,1.7557663,1.802142,1.9156376,1.8109615,1.6152567
R688,0.768542,0.8883479,0.9000696,0.9230976,0.67268366
R69,1.6581249,1.6220415,1.9357536,1.7165129,2.0104957
R690,0.6436867,0.6366945,0.7542884,0.87471825,0.7476297
R691,0.65328217,0.5520081,0.3770612,0.23047654,0.2364371
R692,0.66974443,0.6951178,0.95545286,0.9310815,0.8337994
R694,1.6376094,1.802662,1.6238614,1.6170695,1.4586675
R697,0.5691514,0.6590328,0.6322487,0.743941,0.775163
R698,0.51996434,0.42474687,0.45066938,0.65035856,0.6961888
R699,1.795417,1.6786902,1.5378867,1.3544575,1.41988
R7,0.37424865,0.24432306,0.17653528,0.2356931,0.14625996
R70,1.0125229,1.0543882,0.9912207,0.797729,0.8403848
R700,0.9450611,1.0327728,1.0032191,0.89334285,0.911014
R701,0.10534447,0.11422407,0.25828567,0.24805468,0.12431545
R702,1.7052201,1.8989098,1.8024763,1.8216631,1.9404165
R703,2.074715,2.084107,1.6870112,1.5123864,1.5477272
R704,0.53669137,0.46956915,0.35288888,0.31962445,0.2951585
R705,0.0,0.0,0.00045854633,0.0,0.024593731
R706,0.7394045,0.72584313,0.84268373,0.6759344,0.8309866
R707,1.0707077,1.0373216,1.0207695,0.9975834,1.1154877
R708,0.7409695,0.70349944,0.830017,0.7956573,0.52883506
R709,0.5448675,0.5388873,0.5216034,0.40096632,0.1604377
R71,2.205043,2.1884868,2.2513127,2.2257977,2.1874862
R710,1.7803724,1.6676651,1.5574168,1.3367594,1.4122334
R711,0.06349857,0.0033218167,0.07699899,0.04678454,0.0698677
R713,0.8383472,0.942142,0.9250888,0.92020035,0.7087898
R714,1.0012602,1.0643796,0.8721588,0.7070829,0.65751475
R715,0.5846351,0.45992735,0.6205415,0.7471673,0.7439637
R716,0.7043022,0.6711414,0.46140283,0.44216388,0.37536657
R717,0.8852537,1.0347378,0.92873067,0.9393998,0.8121047
R718,0.6223543,0.42421126,0.20329322,0.17205651,0.07099541
R719,0.69939333,0.5412292,0.69967633,0.8135063,0.6138246
R72,2.1508262,2.4080262,2.4198885,2.27217,2.2982447
R720,0.33277553,0.31368667,0.38292417,0.4605422,0.3970162
R721,1.5221981,1.6488506,1.6262236,1.5733938,1.8667752
R722,1.8112617,2.0104144,1.9888482,1.9453092,1.7992147
R723,0.70306337,0.49526432,0.28563648,0.22637703,0.09561769
R724,0.8383392,0.6234352,0.35523614,0.37666947,0.21681595
R725,1.7267256,1.6113154,1.326251,1.3657769,1.3126796
R727,0.178113,0.3299934,0.24131638,0.29813826,0.21651992
R729,0.8356587,0.69624007,0.70237505,0.8768093,0.9421899
R73,3.1697845,3.1218574,3.264679,3.248846,3.4514608
R730,0.67114764,0.63712984,0.47011837,0.37112385,0.3601235
R731,0.8249636,0.8209474,0.6440213,0.48175395,0.584283
R732,1.7881017,2.0274255,1.9696385,1.8719958,1.610401
R733,0.48679456,0.4532768,0.1797859,0.1922727,0.117032416
R734,0.20580192,0.19899581,0.18245381,0.24706793,0.20987642
R735,1.6188582,1.7549621,1.5719306,1.3143951,0.82994133
R736,0.55755657,0.4270477,0.27803192,0.32920995,0.2350532
R738,0.8631425,0.94867676,0.7638056,0.7685571,0.89087987
R739,0.5273685,0.42071313,0.36714867,0.30287704,0.33482912
R74,1.8779048,2.038773,2.010349,2.0536397,2.1094182
R740,0.56268656,0.44785488,0.29578424,0.34061965,0.1672013
R741,1.7182585,2.0489054,1.9499377,1.835082,1.5766648
R742,0.0,0.0,0.0,0.02813981,0.10240004
R743,0.28394353,0.30806896,0.20357354,0.28611058,0.23706333
R744,0.38836882,0.25395778,0.085896745,0.059914786,0.0194619
R746,1.2472426,1.3303139,1.1816612,1.0052878,0.9373548
R747,0.5392221,0.39867616,0.27726322,0.2804947,0.15827015
R748,0.69061285,0.74967945,0.8868168,1.0398107,0.7855461
R749,0.0,0.0,0.0,0.0,0.062368173
R75,1.4076687,1.119133,1.3235253,1.4579172,1.1102047
R751,1.4324098,1.493873,1.2887521,1.436376,1.3034841
R752,0.45749265,0.43031478,0.15589128,0.1442196,0.110223934
R753,0.81952524,0.730461,0.8037828,0.7580293,0.84552085
R754,0.5906168,0.5382109,0.70292664,0.73745346,0.7686964
R755,0.6163977,0.7800576,0.75908446,0.6938416,0.5086375
R756,0.7311966,0.38400406,0.4608546,0.3250985,0.31345198
R757,0.9874636,1.0414612,1.0124414,0.95956236,0.9074742
R758,0.10379807,0.11101213,0.051765773,0.0,0.057083808
R759,0.7268776,0.6671191,0.59853446,0.7801752,0.67790824
R76,1.8852375,1.9303135,1.7643831,1.6073256,1.8056386
R760,1.1644311,1.3740848,1.3918635,1.3481137,1.3843124
R761,0.15859991,0.100587204,0.15165776,0.30426842,0.17735119
R762,0.16218036,0.111032195,0.11557554,0.08856513,0.059236545
R763,0.06713171,0.06825412,0.15802056,0.21668555,0.25650746
R764,0.4210693,0.24600254,0.12555319,0.0,0.11868354
R766,1.5728966,1.7665306,1.6453396,1.580538,1.2917584
R767,0.24292336,0.04455427,0.051639654,0.0103074685,0.0
R768,1.2756995,1.37904,1.3482952,1.37263,1.6016771
R769,1.0108801,0.828519,0.846065,0.5781828,0.62451744
R77,3.5419998,3.4439857,3.4023297,3.4612792,3.2223897
R770,0.91280353,0.85276634,0.80330527,0.9861585,0.9295897
R771,0.021707498,0.10167794,0.13097894,0.09791117,0.038981657
R772,0.26103216,0.15281089,0.17337981,0.0,0.0
R773,0.98729175,0.8994102,0.77459216,0.5030537,0.6366675
R774,0.30433452,0.24408714,0.14409861,0.020422833,0.10840069
R775,0.6545045,0.4669154,0.35812774,0.4571667,0.6214975
R776,1.0722095,1.0694573,0.9850254,0.9642641,0.96477395
R778,1.5483644,1.5614219,1.729194,1.8258408,1.8780144
R779,1.1936266,1.3958408,1.399244,1.4920037,1.5500069
R78,1.1316732,1.3573,1.5966754,1.9215962,1.7519279
R780,2.6149235,2.5470686,2.781462,2.671681,2.3837028
R782,0.7887622,0.6530158,0.60859436,0.79640514,0.6576364
R784,0.25060847,0.21412243,0.16931388,0.15391041,0.103183165
R785,0.9047706,0.8028335,0.69241697,0.57417744,0.51544017
R787,0.8699097,0.71375304,0.61614275,0.33535248,0.4822153
R788,0.12744646,0.0031230305,0.08644995,0.0,0.017742053
R789,0.09632722,0.07783936,0.049883217,0.0,0.0
R79,2.4685082,2.4151158,2.4934433,2.5024412,2.6334705
R790,0.45736882,0.43855855,0.24340928,0.25246024,0.048830256
R791,1.5229249,1.5147699,1.5713525,1.7171793,1.560723
R792,0.8035014,0.5172919,0.5152195,0.4088532,0.43003246
R793,0.55665547,0.36530754,0.28793636,0.3216384,0.47312856
R794,1.2528088,1.4164966,1.4655885,1.4395374,1.614519
R795,0.78246546,0.59132916,0.4954141,0.2628415,0.31543097
R796,0.038190294,0.091280006,0.08208043,0.11809488,0.19491296
R797,0.32549748,0.24620667,0.10445255,0.068164505,0.12374839
R798,1.3458834,1.3123256,1.1807753,1.2263907,0.9603728
R799,0.03226046,0.03200305,0.04848225,0.052490104,0.05624707
R8,1.4738718,1.5773094,1.3232443,1.3113714,1.4249066
R80,1.6015315,1.7179905,1.9011892,2.0095515,2.1081808
R800,0.23608947,0.2388041,0.08668674,0.069458276,0.0
R801,0.9807015,0.9089821,0.7811047,0.6995947,0.8134917
R802,0.95894265,0.86135805,0.6956619,0.6625452,0.7088105
R803,0.54091835,0.55140996,0.38195243,0.38786027,0.20633139
R804,0.55761117,0.5893749,0.57032186,0.74318695,0.6613627
R805,0.6740114,0.5930772,0.55140895,0.6016914,0.560935
R806,0.63942957,0.5371965,0.395504,0.5123923,0.47430336
R807,0.54765415,0.44140086,0.39621162,0.38261908,0.4476489
R808,0.012990343,0.02047092,0.034985878,0.0035080933,0.0
R809,0.5023763,0.584991,0.5177904,0.78348625,0.5624224
R81,2.3692284,2.3112736,2.3675635,2.3620625,2.3177826
R810,0.08350837,0.13375778,0.11755874,0.13710809,0.2043613
R812,0.022449272,0.040863518,0.04906723,0.06892848,0.0
R813,0.31494182,0.5081486,0.39547372,0.4763015,0.37283358
R814,0.40651804,0.17097093,0.081015766,0.12955351,0.0
R815,1.395713,1.6022068,1.6752447,1.3992028,1.4443845
R816,0.76661456,1.0086402,0.7768805,0.94861287,0.8790536
R817,0.7619458,0.84369534,0.57246137,0.6521968,0.8116316
R818,1.1182889,1.0746663,1.1517159,1.0524116,1.3211422
R819,0.21073082,0.1198846,0.089941084,0.0,0.14202617
R82,1.3803723,1.3246533,1.511684,1.3550637,1.4753113
R820,1.0948155,1.0549452,1.160939,1.0407281,0.99665743
R821,0.1981781,0.10807343,0.09592868,0.12216983,0.12814432
R822,1.0254642,1.1312511,1.1192422,1.2707661,1.0457222
R823,0.8707675,0.7712953,0.56883603,0.59878373,0.7317984
R824,0.49932748,0.46865603,0.5006832,0.38412243,0.5084786
R825,0.18149903,0.13830888,0.14818719,0.16405845,0.033500154
R826,0.9028473,0.733464,0.6862914,0.44072515,0.55991215
R827,0.90299106,0.7353593,0.6795138,0.43713048,0.5543186
R828,0.98903066,1.1506653,1.0612614,1.2035775,1.2097205
R829,1.319269,1.3839937,1.1007184,1.3056993,1.0171214
R830,0.94553417,0.8426388,0.8335774,0.69690126,0.8616296
R831,1.5737115,1.5213556,1.4279304,1.3763828,1.5397344
R832,0.74583536,0.67090285,0.6541963,0.6667831,0.72969073
R833,1.3603141,1.3661853,1.2536455,1.3101357,1.427387
R834,0.29599658,0.24837393,0.05495439,0.061901256,0.28479913
R835,0.5299822,0.21280763,0.10506906,0.20810723,0.12813269
R836,1.5048475,1.6143728,1.4744644,1.5010641,1.2076433
R837,0.13570495,0.18199134,0.19774392,0.1946878,0.24494386
R838,1.0852965,1.0814527,1.1700319,0.9435317,0.5863492
R839,1.8851895,1.8184676,1.979313,2.074538,1.8935511
R840,0.5308248,0.26389977,0.28643838,0.16124958,0.15609129
R841,0.12159009,0.06248932,0.12149534,0.07437241,0.042473737
R842,1.2372843,1.1518697,0.9665879,0.82912815,0.88076574
R843,2.164415,2.0787723,2.1480155,2.041514,1.8997148
R845,0.8335775,0.72106326,0.64422643,0.6925507,0.48485586
R846,1.282452,1.1439631,1.3344662,1.2710899,1.471845
R847,0.652368,0.5310498,0.38265207,0.48277244,0.42668444
R848,0.45138896,0.6283485,0.602973,0.8794982,0.5663039
R849,1.2450352,0.84163386,0.7796048,0.85719806,0.80217254
R850,0.042905495,0.11095,0.15635656,0.22699359,0.28919727
R851,0.17921868,0.12756175,0.045073595,0.04389763,0.0
R852,0.88615274,0.6773791,0.8008525,0.51245105,0.6012961
R853,0.21673836,0.2264447,0.13993657,0.11256073,0.09047935
R854,0.81816816,0.6241882,0.2740462,0.3228879,0.29836652
R855,0.6883156,0.6918694,0.6386592,0.8072814,0.72828937
R857,1.2247399,0.94581527,0.7287625,0.73314357,0.77844936
R858,0.4250396,0.32927722,0.35724816,0.39696878,0.4973319
R859,0.63574326,0.88350934,0.6089546,0.7776064,0.82166934
R86,0.37228432,0.4587728,0.28644708,0.26565102,0.26289967
R860,0.2604327,0.37479687,0.35943738,0.35574302,0.31342524
R861,1.335284,0.97682184,0.6614657,0.6383759,0.66907376
R862,0.31200898,0.48609287,0.559889,0.58131343,0.686738
R863,0.09785581,0.07361683,0.16135779,0.118722394,0.13085316
R865,1.6067934,1.3996053,1.2492656,1.2654821,1.1404802
R866,1.171132,1.3650091,1.4427024,1.7419784,2.0616744
R867,0.0030850582,0.09883942,0.22063033,0.015414254,0.26726368
R868,2.104774,2.1854138,2.0613205,1.8183916,1.8462017
R869,1.8982937,1.8803667,2.039724,1.840005,1.7490019
R870,0.5782445,0.76496446,0.863198,0.9165267,0.9014176
R871,1.0539335,0.9843634,1.097598,0.9890121,1.181965
R872,0.0,0.0,0.0,0.13031623,0.30576158
R873,0.54709613,0.7653658,0.8936931,0.8413957,0.78995526
R874,0.24913098,0.23288378,0.31135744,0.18912332,0.39715284
R876,1.4891663,1.4943485,1.4896119,1.3528283,1.3454468
R878,0.0,0.0,0.010944502,0.0468701,0.21117993
R879,0.20804696,0.3241913,0.33037713,0.3414701,0.25797805
R880,0.7810388,0.78656626,0.94754213,1.1441901,1.1373901
R881,1.495737,1.5605737,1.778668,1.6466802,1.4964516
R882,0.25940004,0.090710245,0.07262575,0.058079667,0.118033275
R883,0.32597417,0.40127233,0.8411168,0.8323234,0.9420286
R884,1.0536135,0.8908778,0.77269155,0.6781273,0.5397279
R886,1.0681366,1.1334773,0.9803793,0.91494775,0.99249554
R887,2.6736484,2.5380008,2.6353106,2.718299,2.7464037
R888,0.39737064,0.21550936,0.25499895,0.20779951,0.43247667
R889,0.89042485,1.0085931,1.0821415,1.3383386,1.2725823
R890,1.1212875,1.3032954,1.3685154,1.431815,1.4536588
R891,1.1407264,1.2516317,1.1014433,0.91772354,0.9391521
R892,1.3556882,1.4307015,1.3990402,1.3262156,1.5554987
R894,0.08608996,0.19101532,0.12046463,0.33571073,0.38381383
R895,0.59219277,0.57452446,0.72662467,0.7795882,0.8916254
R896,0.31683397,0.46338823,0.47321317,0.29369804,0.42719504
R899,0.05617131,0.033696167,0.07189221,0.10416932,0.2174276
R9,0.739081,0.78560656,0.7863417,0.8275221,0.98932487
R90,0.35524878,0.23704651,0.17727308,0.29676554,0.121488
R901,1.3928411,1.4990305,1.6785321,1.6201575,1.6665602
R902,0.15428628,0.2484086,0.29028466,0.33178753,0.45172918
R903,0.51534235,0.44962865,0.5796019,0.6474785,0.7103999
R904,0.693844,0.6270923,0.67460394,0.7487919,0.84891665
R905,0.56638676,0.65886766,0.8241703,0.8003546,0.9252759
R907,1.35565,1.3105692,1.36341,1.6028084,1.7415525
R909,0.72594655,0.80893105,1.1425817,0.9718381,1.2704833
R910,1.1089361,1.0053978,0.9609636,0.7541095,0.74438715
R911,1.1059629,1.0574819,1.2160183,1.2616985,1.1585294
R912,0.38318098,0.30738,0.25011435,0.23326649,0.29169604
R913,1.2058754,0.89522296,0.7222234,0.6873551,0.7874111
R914,1.6045943,1.620001,1.9424839,1.9524877,2.307051
R916,1.372686,1.3278263,1.3161398,1.5738281,1.7140918
R917,0.5018777,0.5377259,0.5262438,0.65275466,0.57940364
R919,2.468662,2.564552,2.6598747,2.683315,2.727445
R92,0.020800993,0.0,0.0,0.030043466,0.036738414
R920,1.3759844,1.3510135,1.2446525,1.2891741,1.3386346
R921,1.0303568,0.91455525,0.70219904,0.6697183,0.5256836
R922,0.04374917,0.05117132,0.14268054,0.18929926,0.31624806
R923,1.1712077,1.4286195,1.2599213,1.1517354,0.9103703
R924,1.82393,1.8541877,1.6641327,1.4738882,1.4394895
R925,1.3373965,1.5555685,1.5289364,1.4964805,1.3936332
R927,0.0,0.0,0.0,0.0,0.14472063
R928,0.4319745,0.5251057,0.46630028,0.36646074,0.5909383
R930,0.23795336,0.28866956,0.35578656,0.3739815,0.42127508
R931,1.0636384,1.1926875,1.0320815,1.0939257,1.0911459
R932,0.26634172,0.21687496,0.21327199,0.2363864,0.20186602
R933,1.8806142,1.7897569,1.9303359,1.6051595,1.6476688
R934,0.114423364,0.20278488,0.3221801,0.33640996,0.4109135
R936,1.0683771,0.9612101,0.95724905,0.8556091,0.6992021
R937,1.4176097,1.4205164,1.4415865,1.4757366,1.4477936
R938,0.9469151,0.89486414,0.7515645,0.6624119,0.5955
R940,0.24750562,0.23636638,0.14366525,0.11568002,0.029727245
R941,0.3059629,0.5176927,0.56466615,0.41128358,0.315857
R942,0.9298494,1.0269474,1.1553612,1.2657276,1.2356378
R944,0.1665385,0.087780274,0.058469646,0.10808892,0.1642018
R945,0.94141734,0.98957056,1.0354489,1.0242431,1.2920951
R946,1.3675891,1.4376495,1.4834857,1.719736,1.4100252
R947,1.0060519,0.9136208,1.0043298,0.84197307,0.9084398
R948,1.7068089,1.5108277,1.3616058,1.390375,1.3543017
R949,1.3928088,1.5834678,1.483995,1.551893,1.5971957
R950,0.21990547,0.09128146,0.2852069,0.38432658,0.25370696
R951,0.52285117,0.45676795,0.42966506,0.40461317,0.4394132
R952,1.0871906,1.0113771,0.88999206,1.2042364,1.2943673
R953,2.015731,2.1441913,1.9065534,1.863458,1.8359541
R954,0.44792557,0.49833524,0.33789623,0.41488272,0.31578708
R955,1.1311628,0.9331824,0.7910882,0.70181966,0.68789077
R956,2.0309274,2.095971,2.0505373,1.9007796,1.7193391
R957,0.15959014,0.2727212,0.14154308,0.39856565,0.57569367
R958,0.19270526,0.19765769,0.45809996,0.2664049,0.14136942
R96,0.11614897,0.15184835,0.005427636,0.13207576,0.0
R962,1.9929225,2.134197,1.8939012,1.8339187,2.2218628
R963,1.5009747,1.6976138,1.8586184,1.9488568,1.8528044
R966,0.59436923,0.5399448,0.6303712,0.46126896,0.5638291
R970,2.1352065,2.1000252,1.9264191,1.5945485,1.8299487
R972,1.618471,1.6026431,1.4595168,1.3394316,1.1292961
R973,1.8999698,1.7978573,1.6509569,1.6445682,1.7284855
R974,1.4339702,1.4366513,1.1712025,0.8751043,0.6828733
R977,1.9318962,2.1123762,1.9181116,1.9589382,1.9497784
R979,1.5948184,1.5539755,1.4697406,1.6384188,1.685573
R980,1.7554045,2.0921953,1.9743487,1.8699089,1.6516385
R982,1.7282593,1.9360774,1.848333,1.957545,1.8325461
R985,1.3251239,1.4276577,1.1468416,0.88234603,0.88652384
R989,1.1669369,1.2028692,1.012083,0.8857091,0.9067708
R990,1.5286273,1.6719493,1.4505113,1.4080875,1.6097035
R992,1.4462698,1.3206106,1.2631602,1.174418,1.2548283
R995,1.5715766,1.4589876,1.3832498,1.5074449,1.2249442
R999,1.5165708,1.7709131,1.751519,1.723017,1.5129952
