region_id,pred_week1,pred_week2,pred_week3,pred_week4,pred_week5
R1,0.7842160542857143,0.6566987500000001,0.5516110514285715,0.41545972428571426,0.35857606428571426
R1001,1.5266036285714288,1.5695271285714285,1.4641628714285715,1.3228389142857142,1.292014357142857
R1002,1.392617614285714,1.4333844857142855,1.3753156142857144,1.2466250714285714,1.1960360142857145
R1005,1.294020757142857,1.3992222714285716,1.3818046000000002,1.2620643428571428,1.2112259
R1006,1.4407572000000002,1.5610982714285715,1.5609943857142858,1.4634223428571431,1.396484842857143
R1007,1.489255157142857,1.457095857142857,1.3763856,1.2450517142857145,1.1412270214285714
R1009,1.3888844142857144,1.4183757285714285,1.3314397000000002,1.199812314285714,1.1130185428571429
R1011,1.3281344857142856,1.3972999142857143,1.3252056571428572,1.222485235714286,1.15885368
R1012,1.5555067999999999,1.6016293000000001,1.509124957142857,1.3776310285714284,1.3565845857142858
R1014,1.7263101285714286,1.8054007714285714,1.7663793714285716,1.6870157714285714,1.626188842857143
R1015,1.3622020857142856,1.4536937285714284,1.4015662,1.2708645571428572,1.2134797285714285
R1017,1.622968585714286,1.645838185714286,1.5697078428571432,1.4640009,1.393015
R1019,1.598728957142857,1.5868286999999999,1.4961589142857143,1.3461911285714285,1.2603917757142857
R1020,1.2078415999999998,1.1766206428571429,1.1008305,0.9731919499999998,0.8630059771428572
R1021,1.3321362285714287,1.3698768285714285,1.2844597142857144,1.1577356142857143,1.0709576142857145
R1022,1.5366646714285714,1.5607015571428573,1.4728894285714287,1.3626568285714284,1.2827602714285715
R1024,1.4205239285714286,1.4966518285714288,1.4442889714285714,1.3553858571428574,1.289973614285714
R1025,1.6636643285714283,1.6780707428571426,1.5951179428571425,1.4924629142857142,1.421200757142857
R1026,1.5611046857142858,1.5499580857142858,1.4569267000000001,1.3032264857142857,1.2123610714285715
R1028,1.4148311285714283,1.5319460571428571,1.5460482714285715,1.4634959857142857,1.4054897999999998
R1032,1.1975787,1.2661028428571428,1.1826302714285715,1.0622103857142857,1.0380003857142857
R1034,1.1161958714285714,1.1631364285714285,1.0913220000000001,0.9720146728571429,0.9211915671428572
R1035,1.5755012,1.6521169142857144,1.6027225714285713,1.5187856857142858,1.4570591714285714
R1036,1.414073542857143,1.5066171285714283,1.471666057142857,1.3644705,1.3290098142857143
R1037,1.4577136714285714,1.5547705714285713,1.506428842857143,1.3794003857142858,1.3234099857142856
R1041,1.4591718571428571,1.557945285714286,1.5029412428571427,1.3636156142857143,1.3159162857142856
R1042,1.432449442857143,1.5135601857142855,1.4708312428571428,1.3934485,1.3403773857142856
R1046,1.3327129857142856,1.4168848285714286,1.3750354714285715,1.3083056142857143,1.2678220285714286
R1047,1.4342212,1.523763242857143,1.4835797571428573,1.3710466714285714,1.329727792857143
R1048,1.2994709714285713,1.3391204,1.2480219857142856,1.1056874714285714,1.044527204285714
R1049,1.5030081285714285,1.5982683142857141,1.5475168000000001,1.4154818285714283,1.3561526999999998
R1051,1.1224216,1.1654560142857144,1.0793460928571428,0.94372276,0.8838728671428572
R1052,1.1799810285714287,1.2838762857142858,1.2678544571428572,1.1666596285714286,1.0926750942857142
R1053,1.228554157142857,1.3032166571428572,1.2332005000000001,1.1347121571428571,1.0661983
R1054,1.4978730142857142,1.5229592714285716,1.447399,1.355229342857143,1.2934581914285717
R1056,1.8119997,1.8156606,1.7532779142857142,1.6309501142857141,1.5769488428571428
R1057,1.4515719714285713,1.4356806,1.3493338428571426,1.2021320000000002,1.1086654
R1058,1.3250239857142856,1.4145065857142856,1.3736714285714287,1.265844757142857,1.2287046857142858
R1061,1.4020460857142858,1.434681457142857,1.3507956,1.245699457142857,1.1665843142857142
R1065,1.2779944714285711,1.3692801857142858,1.3163517714285715,1.1902223142857145,1.138218362857143
R1067,1.2407202571428573,1.3315898999999998,1.2741990857142855,1.1422302142857144,1.0856973485714287
R1069,1.2918681857142857,1.3261608,1.2269018571428572,1.0964359571428572,1.0457318857142857
R1071,1.3386586142857144,1.4110901142857142,1.3323453714285713,1.225744057142857,1.1495011428571427
R1074,1.4364966285714285,1.533796842857143,1.4851260857142858,1.3592864428571427,1.3029120142857142
R1077,1.256171557142857,1.229165642857143,1.1547390142857143,1.0248110828571428,0.9205958900000001
R1078,1.4985857142857142,1.527558742857143,1.4454481142857143,1.3414421857142855,1.2758952285714287
R1079,1.3788486714285715,1.4637919,1.4082914142857141,1.3246577714285714,1.2692080714285716
R1080,0.023526634142857144,0.0,0.0,0.0,0.0
R1082,0.029819403428571426,0.0336595944,0.06922502128571428,0.040153282,0.05071355661428571
R1083,0.6723647985714286,0.7107699685714285,0.7719215757142857,0.7386122442857143,0.7529628300000001
R1084,0.74434584,0.6795672171428572,0.6325161342857143,0.5346179614285714,0.5103619585714286
R1085,0.0,0.0,0.0,0.0,0.0
R1086,1.135936042857143,1.0500705857142858,0.9934215285714287,0.9213935285714285,0.8828482257142857
R1087,1.4237353857142856,1.3724950999999999,1.3330529142857144,1.2590533285714283,1.2211651714285714
R1088,1.1160519,1.0359584414285714,0.9972492385714286,0.9279162871428571,0.9050971857142859
R1089,0.0,0.0,0.0,0.0,0.0
R1090,2.0863916714285717,2.0378982000000003,1.9516768428571427,1.862695142857143,1.8143396285714288
R1091,0.005042723285714285,0.0,0.0,0.0,0.0
R1092,1.4892566285714286,1.3993261571428572,1.3171698428571428,1.2175181571428573,1.1797640285714286
R1093,1.3353453285714285,1.2633320857142856,1.1776423428571428,1.0731292428571428,0.9945062014285716
R1094,1.5197799142857142,1.4425906142857143,1.352724742857143,1.2326868714285715,1.1960995657142859
R1095,0.05959826714285714,0.007140942999999999,0.0,0.0,0.0
R1096,0.51277821,0.4595497971428572,0.42117596428571424,0.3158103322857143,0.35186630428571425
R1098,0.0,0.0,0.0,0.0,0.0
R11,1.3878007714285714,1.3546333285714287,1.3115986857142856,1.2019251142857144,1.126954757142857
R1100,1.3557792285714285,1.2573552714285714,1.136214385714286,1.0224120142857143,0.9736855057142859
R1101,1.4638009857142857,1.4027425,1.3444576428571426,1.2646407214285713,1.2099214714285715
R1102,0.0,0.0,0.0,0.0,0.0
R1103,0.037754348,0.0214332345,0.04510603628571429,0.007134488714285714,0.012229885285714285
R1105,0.49527297285714283,0.48923402,0.5267083714285714,0.46721881428571427,0.46175427142857145
R1107,0.008969545357142858,0.0,0.0,0.0,0.0
R1108,0.2621895404285714,0.20122558614285715,0.19456633314285715,0.11883686371428571,0.12945115428571427
R1109,0.6827377742857142,0.6044049928571429,0.5447054128571428,0.46351980857142855,0.4342443628571428
R111,0.42906987428571425,0.4012493457142857,0.38581589857142856,0.3045695857142858,0.3112856214285714
R1114,1.2753615857142857,1.2367469285714285,1.2081288285714284,1.151026257142857,1.1187303142857143
R1115,0.0,0.0,0.0,0.0,0.0
R1116,2.0685827285714287,1.9763349428571428,1.886525,1.8050139571428574,1.7508228000000001
R1117,0.13322203514285716,0.07593779871428571,0.05358575057142857,0.012543405571428573,0.015767744985714285
R1118,0.0,0.0,0.0,0.0,0.0
R1119,1.3529410428571431,1.2724770142857142,1.2021759428571428,1.1182652142857143,1.0890621514285714
R1120,1.4433456,1.3381010142857142,1.274138514285714,1.1970722285714286,1.1404361857142857
R1123,0.18772298999999998,0.20567551714285717,0.22477650571428567,0.17765951214285716,0.17771877428571428
R1124,0.47270471714285717,0.4655306500000001,0.50418725,0.4471331085714286,0.4423062871428572
R1125,0.21234989142857144,0.2465383657142857,0.2754334757142857,0.21417605785714292,0.2050924844285714
R1126,0.1607435925714286,0.12475706857142857,0.13854358928571428,0.06587864614285714,0.06426123257142857
R1128,0.2355075142857143,0.16379905642857143,0.11363061785714287,0.05003339857142857,0.03942613128571428
R1130,0.5169593,0.4461089585714286,0.4264880442857143,0.32269195142857143,0.3212779228571429
R1133,1.6461364857142855,1.5515539999999999,1.4298311857142856,1.2841288285714285,1.1981122071428572
R1134,0.5347685999999999,0.5462458614285715,0.5850616085714285,0.5231334914285715,0.5277458928571429
R1135,2.2337210714285716,2.1949037285714286,2.1018036,2.0043803,1.9423046
R1136,0.43173088285714284,0.36725376428571427,0.3376112157142857,0.23571412914285714,0.2654094014285714
R1139,1.4238047857142857,1.3815947142857143,1.3348253571428572,1.2578539285714285,1.2132133857142857
R1140,0.3279990142857142,0.2603946057142857,0.22488834,0.12652196285714284,0.1440569857142857
R1142,0.42408087428571434,0.37767812714285715,0.3558231,0.2987309542857143,0.3209863042857143
R1143,1.7764112714285716,1.6860281428571429,1.6174645285714286,1.559632142857143,1.5283963285714286
R1144,1.1302897714285713,1.0787161528571427,1.0465779000000002,1.0070398885714287,0.9725443214285715
R1145,0.68317508,0.6483447885714285,0.6421090242857144,0.6302128342857144,0.6475301628571428
R1146,1.1339970000000001,1.0866685485714285,1.0399716571428572,0.9907498285714286,0.9707504985714286
R1147,0.005546212328571429,0.0003843818428571429,0.0,0.0,0.0
R1148,0.5538545314285714,0.4877033228571429,0.43743284857142856,0.3913913171428572,0.3308874014285714
R1149,0.3528028742857143,0.2846468042857143,0.2467894042857143,0.19170757628571428,0.14398774
R1150,1.111304057142857,1.1424770285714287,1.148881085714286,1.1228856714285713,1.117745942857143
R1151,0.7590210771428572,0.8083910857142856,0.85310691,0.8469360214285715,0.8486412428571429
R1152,0.24114896714285713,0.21460415714285713,0.2354166,0.2192302442857143,0.2132483885714286
R1153,0.6676810328571429,0.6278311914285715,0.5981260257142857,0.5653335085714285,0.5361691285714285
R1154,0.6442304400000001,0.58324106,0.5666971428571429,0.5439595442857142,0.531640752857143
R1155,0.29664971285714287,0.24412879142857144,0.21689956428571427,0.18204529057142857,0.18484815514285713
R1156,0.029807669885714285,0.015897206,0.04013223327142856,0.035285183571428576,0.038936631714285706
R1157,0.6949989157142857,0.7329941499999999,0.7526886285714286,0.7469839699999999,0.7156917785714286
R1158,0.2893765985714286,0.21589990714285712,0.15886141571428572,0.113253338,0.06442146642857143
R1159,0.6193540042857143,0.5874310942857142,0.5551142585714286,0.48016569000000003,0.46916102714285707
R1161,0.7940761714285715,0.816238247142857,0.7548708742857144,0.6859228085714284,0.6593394685714287
R1163,0.08162103828571429,0.030542791257142852,0.008579645714285714,0.0,0.0
R1164,0.0,0.0,0.0,0.0,0.0
R1166,0.6525261414285713,0.6614750642857142,0.6372233142857142,0.5948234442857142,0.5547703300000001
R1167,0.5031365442857143,0.4857589742857143,0.40657020714285724,0.3117401471428572,0.27547983142857146
R1168,0.5250455828571429,0.4928013085714285,0.4333484228571428,0.3428838185714286,0.30508315714285716
R1175,0.9876743428571427,1.0057835057142857,0.9415930299999999,0.8683095900000001,0.8382788428571429
R1176,0.9342242757142858,0.9508721500000001,0.9011810785714285,0.8452241285714285,0.8207303285714284
R1177,0.0,0.0,0.003580255142857143,0.0,0.0
R1178,0.28402137,0.3153744657142857,0.2926244214285714,0.22692665714285715,0.1990533985714286
R1179,0.8879929000000001,0.8976930357142857,0.8449412457142856,0.7805193485714286,0.7524234085714286
R1180,0.0,0.0,0.0,0.0,0.0
R1181,0.03422332657142857,0.020060794285714285,0.011662934285714285,0.0,0.0
R1182,0.0058357375285714285,0.0,0.0,0.0,0.0
R1184,0.22041683571428572,0.2014184842857143,0.17973343,0.12498886371428572,0.14534645514285716
R1185,0.5581143628571429,0.5505769985714285,0.5120880814285714,0.4642463657142857,0.4548445857142857
R1186,0.6428933800000001,0.5857788242857142,0.5142594785714286,0.44210602571428576,0.4458055871428571
R1187,0.08511701685714286,0.07637555142857143,0.046413405,0.008867263857142857,0.018725530957142855
R1188,1.1207682714285714,1.112505442857143,1.0944749714285715,1.0505243,1.0614727628571428
R1189,0.6115527742857143,0.6019954314285715,0.5683653057142857,0.5377279471428572,0.5281120014285715
R119,1.1437355285714286,1.0999038,1.0630022657142857,0.9804549285714285,0.9605559571428571
R1190,0.48565195714285714,0.40259090285714283,0.3190266571428571,0.24689482857142855,0.22451501285714287
R1191,0.8765361257142857,0.8583753185714286,0.8308693785714286,0.7785605685714286,0.7534046642857143
R1192,0.8942205942857143,0.8961307942857143,0.8677094342857143,0.83963627,0.83253535
R1193,0.20553314714285714,0.20764765000000002,0.1807001657142857,0.13280713414285714,0.16993384714285714
R1194,0.52975944,0.5079463514285715,0.44878465714285715,0.39085341285714287,0.3999869657142857
R1195,0.586620972857143,0.6302290428571429,0.6249382299999999,0.6001797714285715,0.6361797642857143
R1196,0.7809011357142855,0.7237635971428571,0.6571508971428572,0.5906991214285713,0.5912734442857143
R1197,1.0427286057142855,1.0542926914285715,1.0217029285714287,0.9909016928571429,0.9970691328571427
R1200,0.34180889571428574,0.3641335814285714,0.44248213142857135,0.39259385999999996,0.3480313314285714
R1203,0.09370143957142855,0.10784036771428572,0.137653623,0.11115775714285714,0.078230193
R1204,0.8721968371428572,0.7773813857142856,0.7389761342857144,0.65960834,0.6098720799999999
R1205,0.065228922,0.0942670007142857,0.12916968499999998,0.08822906757142857,0.042217238
R1208,1.0944500928571428,1.1263314142857144,1.1640698571428574,1.1065552,1.0517065571428572
R1209,0.6922609657142856,0.7194041657142857,0.7210949857142858,0.6908628600000001,0.6456939742857143
R1210,0.22309700142857145,0.28341554714285716,0.35398765428571427,0.33596626285714287,0.2756066071428572
R1211,0.8829784214285714,0.8861860585714286,0.9095851985714286,0.8706576614285714,0.8097891214285714
R1212,0.0,0.0,0.0,0.0,0.0
R1213,0.0,0.0,0.0,0.0,0.0
R1215,0.12708491714285713,0.14080929857142857,0.19591109714285712,0.16693935142857144,0.12122263271428572
R1219,0.9177559171428572,0.82777352,0.8008411142857143,0.7110662828571429,0.6591090142857142
R1221,0.17547283714285716,0.0712189679142857,0.036259140714285716,0.010375397857142856,0.008133683857142858
R1223,0.04394238307142857,0.059998503142857144,0.11195615785714284,0.09301862114285715,0.06023132771428571
R1227,0.8152978442857143,0.8476560657142859,0.8560884985714287,0.8505858585714287,0.8119614628571429
R1228,0.8742582685714285,0.7718304357142858,0.7272407,0.6378857914285715,0.5848658914285715
R1229,0.0,0.0,0.0,0.0,0.0
R123,0.7082200128571429,0.6741592885714285,0.6735345085714286,0.6034987185714286,0.6307215114285715
R1231,0.0,0.0,0.0,0.0,0.0
R1232,0.49330994571428566,0.4887049014285715,0.5154965671428572,0.4828227542857143,0.4473402385714286
R1233,0.9965804471428571,0.88940669,0.8578535642857142,0.75960294,0.70707433
R1235,0.27232281999999997,0.3202303028571428,0.3451614242857143,0.3075758642857143,0.2635784
R1236,0.5632212042857142,0.5628371157142857,0.5976339085714286,0.5474862614285715,0.48333002714285717
R1238,0.2920167142857143,0.3254379228571428,0.39589574571428576,0.3319435271428572,0.2722416928571429
R1239,1.110666,1.0082449571428573,0.9506724842857143,0.8855470842857143,0.8452585857142857
R1241,0.0,0.0,0.0,0.0,0.0
R1243,0.5029074957142857,0.5522759671428571,0.5570004771428572,0.5277779942857143,0.4922925085714286
R1247,0.0,0.0,0.0,0.0,0.0
R1249,0.7885285628571428,0.6917537171428572,0.6512683771428572,0.5710483457142858,0.5286238257142857
R1255,0.2840693157142857,0.33704166,0.37052077,0.36659752285714287,0.3353108171428571
R1257,0.0,0.0,0.0,0.0,0.0
R1260,0.0,0.0,0.0,0.0,0.0
R1262,0.03076217057142857,0.029014008,0.06954559285714286,0.058983130142857144,0.03688756051428571
R1267,0.40160516142857144,0.3763515085714286,0.4196386814285714,0.3394848271428571,0.2783627514285714
R1272,0.9271880614285715,0.9293180614285715,0.9504912257142857,0.9097272942857144,0.8470447285714285
R1273,0.20540584800000003,0.17443182200000001,0.18879372657142857,0.13299271085714287,0.07621520028571428
R1276,0.008493031714285714,0.011464936428571427,0.06384943128571428,0.042705621000000006,0.034868325385714286
R1277,0.5813348785714286,0.6013865257142857,0.63887862,0.5655744385714286,0.5125397914285714
R1278,0.10751836599999999,0.14541083571428573,0.15819382742857144,0.11385358257142857,0.06417596357142857
R1279,0.05044879195714285,0.05655195028571429,0.06945458557142857,0.038833005585714286,0.022010291999999997
R128,1.3797953285714288,1.275290785714286,1.212585842857143,1.1082775571428571,1.071239662857143
R1281,0.8026218271428572,0.7203808528571428,0.6661788542857143,0.6335250871428572,0.6150513571428572
R1282,1.6358236285714283,1.5694594,1.5402059857142858,1.4745394142857144,1.409317942857143
R1285,0.2271024754285714,0.21318573642857144,0.18856580800000003,0.12780074628571428,0.07817556142857143
R1286,1.0321549442857143,1.009233892857143,0.9988588600000001,0.9685245857142857,0.93266366
R1289,0.7244269485714285,0.6221201914285714,0.5536460599999999,0.5009048185714287,0.47475876999999994
R129,0.0,0.0,0.0,0.0,0.0
R1291,0.4873229928571429,0.3964450785714286,0.33579837285714287,0.29920531142857143,0.2764261214285714
R1296,1.2835374000000002,1.2340875285714286,1.2417402,1.2168247,1.1935654285714286
R1298,0.5728212428571429,0.4978481742857142,0.4645214385714286,0.4148525414285714,0.3929323442857143
R13,0.14787035285714284,0.10821189285714285,0.10190992657142857,0.055932147,0.040450998228571435
R1301,0.5438313557142858,0.4372912257142857,0.3822464057142857,0.31412633714285715,0.2482161671428571
R1303,0.7297436900000001,0.70225813,0.6586877999999999,0.5449142785714286,0.49871407428571424
R1306,0.4291557085714285,0.3311526757142857,0.26985287599999996,0.2231647757142857,0.17834344942857142
R1307,1.6762617857142854,1.6456500714285716,1.5995438571428573,1.5498499000000001,1.4910141714285712
R1308,0.3373266971428572,0.3237132842857143,0.3063974528571428,0.20401326171428572,0.12051061142857142
R1309,1.0563178457142859,0.9935679271428571,0.96825972,0.96010915,0.9170677142857142
R1310,1.3326522857142857,1.2914525714285714,1.2399706,1.1912263571428572,1.1387189857142859
R1311,0.9448992285714286,0.86594016,0.83317565,0.8090630014285713,0.7777771885714285
R1312,1.8947095428571428,1.8874236,1.8285327000000002,1.760562442857143,1.7078881999999997
R1314,0.30783732228571425,0.3501143414285714,0.37670129428571425,0.3712827728571429,0.33000568642857137
R1316,0.7548565842857142,0.7200453628571429,0.6935320657142857,0.70180471,0.6647756514285715
R1317,0.0,0.0,0.0,0.0,0.0
R1318,0.8251774514285712,0.7811672671428571,0.7591853957142858,0.7023163085714287,0.6492840914285714
R1319,1.8136302571428575,1.7979060142857144,1.7835376571428572,1.8170999142857143,1.789861414285714
R132,0.3427128442857143,0.28704070285714284,0.24930878857142855,0.15374374428571427,0.14597757328571428
R1321,1.3934807285714286,1.4510226857142858,1.4579880285714284,1.4291618857142854,1.4140574428571426
R1326,1.7964704714285713,1.7947141000000002,1.7438106714285713,1.6773372,1.6220702285714286
R1327,1.2101942285714284,1.2396116999999998,1.2596219142857144,1.2388819428571427,1.182968042857143
R1330,1.2474434,1.2029085714285714,1.1772188714285714,1.0716109857142857,1.0169960071428572
R1333,1.9982357142857146,1.9898679714285714,1.9283045285714286,1.8596313428571434,1.8029292285714285
R1335,0.7512648428571429,0.7530449528571428,0.7474422542857143,0.6943010457142856,0.6657331185714286
R1338,1.662610542857143,1.5883677571428572,1.5517179285714284,1.4921861428571428,1.4504707
R1339,1.763724657142857,1.7634246,1.760063842857143,1.7008123714285712,1.6597226428571428
R1341,0.26817602,0.3142053942857143,0.34686546285714287,0.3468837571428571,0.31178948714285715
R1342,1.7302910142857144,1.6965658,1.6478614857142857,1.594331442857143,1.5327065428571431
R1347,1.6669292285714286,1.7122933857142857,1.686393885714286,1.6379993714285714,1.6020217714285714
R1348,1.8553926571428574,1.7640102142857141,1.7078489571428574,1.7084341142857142,1.6705828142857142
R1349,1.7249818285714285,1.701990142857143,1.6686399714285716,1.6440803428571429,1.610229685714286
R1351,1.1845541285714287,1.1679235000000001,1.128263357142857,1.0932256714285715,1.0334817514285715
R1353,0.18739214571428572,0.10203148557142856,0.05458368457142858,0.01749442335714286,0.007617115714285715
R1355,0.1606649957142857,0.2006093431428571,0.22650078057142858,0.23857753714285712,0.21104185228571426
R1356,1.073545722857143,1.0850718571428573,1.0646624428571427,1.04797198,1.0075885071428572
R1357,0.8124961971428571,0.7413151985714286,0.7208483471428571,0.6843112100000001,0.6438372242857143
R1358,0.22594416,0.14419067414285713,0.11114539857142858,0.0717293,0.049233194
R1359,0.4289961871428572,0.4502712942857143,0.4653508185714286,0.41875509,0.3662436014285714
R1360,0.55576281,0.45710617,0.4110869314285714,0.3691975214285714,0.34062626142857144
R1362,1.6757296142857145,1.6285490714285713,1.572392,1.5091201142857142,1.4451612571428574
R1364,1.0921892571428573,1.1078689071428574,1.0869241442857143,1.1012424785714285,1.0796693857142858
R1365,0.9757865442857143,0.9559146271428572,0.9235919742857143,0.8154073714285713,0.7722030785714286
R1366,1.2007620428571428,1.226072442857143,1.2451508857142854,1.2288338714285716,1.168268385714286
R1367,0.04420939828571429,0.007092963428571428,0.0,0.0,0.0
R1368,0.46779359,0.41136822,0.3805241971428571,0.2834894057142857,0.26222470857142854
R1375,0.20077065,0.18569215428571434,0.111698008,0.010101974,0.0016050338571428572
R1378,0.14616601799999998,0.09552277057142856,0.06766060357142857,0.01903373014285714,0.008053473142857143
R1386,0.7735707585714285,0.7046126171428571,0.6572625542857143,0.5387428557142857,0.5315389642857143
R1387,0.0,0.0,0.0,0.0,0.0
R1388,0.01036327214285714,0.0006187472857142857,0.0,0.0,0.0
R1390,0.023087604285714287,0.01099595,0.015982031857142857,0.0,0.0
R1391,0.0,0.0,0.0,0.0,0.0
R1397,0.028476221428571428,0.017718349142857144,0.022875189571428572,0.006113955,0.006758604714285714
R1399,1.2296754100000002,1.1494866771428571,1.0640494285714286,0.9517496185714285,0.9192956942857143
R14,1.7931402285714282,1.7933863285714284,1.791196085714286,1.688381657142857,1.6457573714285714
R1421,0.07917123214285714,0.10908289414285714,0.08431008842857143,0.0354505615,0.018845600285714286
R1423,0.02869125828571429,0.005621705714285714,0.003581558,0.0,0.0
R1427,0.0,0.0,0.0,0.0,0.0
R1433,0.12061934857142857,0.1227323,0.144790972,0.10370699028571428,0.09081699207142857
R1435,0.0,0.0,0.0,0.0,0.0
R1438,0.21803266714285716,0.26944876,0.24165296714285717,0.19715493285714286,0.19976524
R1446,0.6601193700000001,0.6884376342857143,0.7125529242857143,0.66251529,0.693624952857143
R1448,0.0,0.0,0.0,0.0,0.0
R1451,2.2620110857142857,2.2806924,2.2025626285714286,2.0921537142857147,2.055113457142857
R1452,1.7361864285714286,1.8326060142857141,1.8108964,1.7214278285714286,1.7098424571428572
R1454,1.2191434714285716,1.2042320285714287,1.1723614085714285,1.0749861285714286,1.0590969714285714
R1455,1.424124242857143,1.3469519714285714,1.2623957285714287,1.0966670714285713,1.0672175
R1460,1.9012728142857145,1.841821842857143,1.728872857142857,1.5596279000000002,1.5098774142857143
R1469,0.8926022728571427,0.8414865928571429,0.7473634857142858,0.5717933228571429,0.55270715
R1471,1.5462713857142858,1.5635178999999997,1.5255243428571428,1.4305245142857141,1.4246516285714286
R1472,1.7843544285714288,1.7912754285714283,1.7110491142857143,1.5954201714285716,1.5378777285714287
R1474,1.723335557142857,1.660254142857143,1.5450029714285713,1.3778041714285714,1.3252863714285714
R1478,1.3890428000000001,1.3412202,1.2681707714285715,1.1364726,1.1012739
R1481,1.8621532142857142,1.7938972285714285,1.6752937714285718,1.5023130142857144,1.4457382571428572
R1483,1.5112921428571429,1.5609978000000002,1.5651710571428572,1.4829487999999997,1.462202042857143
R1487,2.292983842857143,2.3026515714285716,2.2160915285714284,2.098697142857143,2.055118642857143
R1488,1.7185657285714286,1.7647911142857144,1.7613996285714288,1.655389242857143,1.6311407285714288
R149,1.1530115571428572,1.0412089185714286,0.98809078,0.8807715357142856,0.869533567142857
R1493,2.0612924571428572,2.0219419285714286,1.9147762714285714,1.7542610142857142,1.7138020428571428
R1498,1.1791582285714288,1.1242037285714284,1.0487353285714287,0.8806151585714285,0.8612070371428572
R15,2.4735567714285716,2.490504571428571,2.4737517714285713,2.3536715000000004,2.2541251
R1501,1.7872366714285712,1.7970286857142856,1.7221954428571429,1.6103696,1.5570127142857142
R1504,0.7492099157142856,0.7534250571428572,0.7509841242857143,0.63384423,0.6036225428571428
R1505,1.4522793999999999,1.4876852857142857,1.4487773857142856,1.3355421285714286,1.2686645285714284
R1509,1.4775728428571426,1.537483942857143,1.5684088285714286,1.4779064999999998,1.4556619714285712
R1513,1.8568780999999996,1.8648773142857142,1.785450842857143,1.689099942857143,1.6635513285714285
R152,1.941524,1.8467977714285713,1.7502227714285716,1.6255473285714286,1.5468825285714287
R1522,1.7371601285714287,1.6620521000000001,1.5848376285714285,1.4518604428571429,1.4467760428571428
R1523,2.2504880714285713,2.284166485714286,2.2050273571428574,2.1018923571428574,2.0714780142857143
R1533,1.304382157142857,1.2915943714285714,1.2303490142857143,1.1157399857142856,1.0976835
R1535,1.6924044285714286,1.7052753,1.6569023714285713,1.527098442857143,1.456926957142857
R1545,1.3066414285714285,1.3363741857142857,1.2721144714285715,1.1855809571428573,1.1500697857142856
R1547,1.9256256285714286,1.9778818285714284,1.9530108285714285,1.828808442857143,1.7723777285714288
R1548,1.8296861999999998,1.8512547571428573,1.7727521857142858,1.6339071428571426,1.6014438000000002
R1553,0.7703622957142856,0.7014835871428572,0.6059239442857144,0.46027357142857145,0.43991293428571426
R1555,1.1122720085714286,1.1028948285714286,1.0616360500000002,0.9689527257142857,0.9461824328571428
R1557,0.3763780428571429,0.34711248571428566,0.32834894285714283,0.18738496542857144,0.1833989102857143
R1561,1.5572230142857144,1.5149729142857142,1.4305363571428573,1.3248893857142856,1.3323481714285716
R1562,1.960780042857143,1.9188353857142861,1.8302057571428574,1.678034542857143,1.640919942857143
R1563,1.000670644285714,1.0596771614285714,1.0547944757142858,0.9772227571428571,0.965511817142857
R1564,1.2377156285714286,1.2434209571428572,1.1748163571428571,1.0592139471428572,1.0144363428571428
R1565,1.7058343142857144,1.7067403,1.6970699571428571,1.7134343857142855,1.6756183285714286
R1566,0.8297833928571429,0.8646208128571429,0.8495222185714286,0.8465515771428571,0.7954210257142857
R1567,1.5700461714285716,1.6302575285714285,1.6457819428571427,1.6697007142857143,1.5779981571428572
R1568,1.9525785285714288,1.8919366142857144,1.8319761571428572,1.8313106857142858,1.7703254714285712
R1569,0.6890867614285714,0.7003416971428571,0.7125357457142857,0.7613546714285715,0.7492443628571428
R1570,0.9157842942857144,0.9835217142857143,0.9835956714285714,1.028862057142857,1.029765
R1571,0.9182661899999999,0.8502278185714285,0.78558099,0.7904791714285715,0.7328141628571428
R1572,1.1940632000000002,1.1568733428571427,1.1410077285714286,1.1833125,1.1052212185714285
R1573,1.1714537857142857,1.1510356657142857,1.0863166485714284,1.1100429057142858,1.0717996571428572
R1574,1.3311989428571427,1.3807011571428571,1.3621417000000002,1.4088847714285713,1.3578248
R1575,1.7196377285714288,1.735916757142857,1.667801857142857,1.6821581285714287,1.6322072428571428
R1577,2.015927414285714,2.0589139142857142,2.017280414285714,2.013362957142857,1.967295742857143
R1578,0.7151242885714285,0.6890688985714286,0.6468858942857143,0.6548601,0.5902258085714286
R1579,2.5603887714285714,2.5069617,2.5068229571428575,2.5389788999999996,2.459276771428571
R158,3.4735332285714287,3.4596602571428576,3.3833123571428567,3.4297162714285716,3.437900742857143
R1580,1.2721072571428569,1.2083569857142857,1.1208187042857143,1.131213142857143,1.0948494228571428
R1581,0.620533477142857,0.6638161228571429,0.6478023942857142,0.7077268857142858,0.6585672
R1582,3.0917291142857146,2.985579571428571,2.9190070285714285,2.9102986285714287,2.798276728571429
R1583,0.9639046,0.9587938899999999,0.9536391371428572,0.9972069771428572,0.94867658
R1585,1.5168040714285715,1.4379048285714284,1.3891201285714287,1.3984714999999999,1.3198360571428573
R1586,1.3380090285714286,1.304580742857143,1.2632488142857141,1.2931294142857142,1.2141327285714287
R1587,1.8249864142857144,1.8085939714285717,1.7781049285714285,1.781632842857143,1.7043884142857142
R1588,1.9536122857142857,1.8834300000000002,1.859376557142857,1.8974049714285712,1.8156227714285713
R1589,1.6040397142857141,1.4584533000000002,1.3382266428571428,1.3199640428571426,1.2458078714285714
R159,2.7345922000000003,2.588844657142857,2.459514014285715,2.4190181857142856,2.4473227
R1590,1.5451503857142856,1.4695575428571428,1.4351878142857142,1.4651045285714286,1.3776163857142856
R1591,1.6942434285714287,1.5933976285714284,1.5658154857142859,1.6152750857142857,1.6571332999999997
R1592,0.5134956071428571,0.5490140871428572,0.5330013028571428,0.5749187585714285,0.5197797114285715
R1593,2.263656857142857,2.275091957142857,2.2513450285714285,2.2456402714285715,2.1715842857142857
R1594,0.59560984,0.6418395685714285,0.6969948157142857,0.7869819242857145,0.8021042642857142
R1597,0.7746689785714286,0.8089650785714285,0.8196927542857143,0.8917824728571428,0.82711319
R1598,1.926616542857143,1.8573269714285714,1.8125262142857144,1.8099690857142858,1.7592390000000002
R1599,1.420616057142857,1.387461857142857,1.3334782,1.3737872999999998,1.2971595571428571
R16,1.415853857142857,1.3218689857142858,1.2310570999999997,1.1331740714285714,1.0497292714285715
R160,2.7754358,2.7399370285714286,2.624573942857143,2.6555904285714282,2.702213557142857
R1600,0.8693211142857142,0.9903672,1.0194749285714286,1.0733697485714284,0.9926445928571429
R1601,1.9942160571428573,1.8233810428571426,1.7140017142857142,1.7056730857142859,1.593170714285714
R1602,0.8313141271428571,0.9012605757142856,0.8674988714285714,0.8713873599999999,0.8600871014285714
R1603,1.2588537714285712,1.1203796142857143,1.0426505357142857,1.0402341957142858,0.9457243342857142
R1604,1.0885969599999998,1.12295345,1.0917521357142856,1.1189934714285714,1.0681066714285714
R1606,1.2818476571428572,1.3400939142857144,1.328738685714286,1.3905865857142856,1.36528601
R1607,1.5100822714285713,1.5695841000000001,1.568849942857143,1.6367742,1.5979425142857144
R1608,0.6607556228571428,0.7014760571428571,0.68480981,0.7532015757142857,0.71765335
R1609,2.8199043714285716,2.784018157142857,2.7834507142857143,2.8245145714285718,2.7459309857142857
R161,3.7337532428571434,3.6138391,3.416711814285715,3.4419144142857148,3.4410442285714287
R1610,1.6839347857142857,1.787841257142857,1.7973354285714287,1.8385153714285714,1.7753961285714284
R1611,1.662881242857143,1.5207510571428569,1.4310058142857145,1.4216061142857142,1.3552823428571428
R1612,1.1892973428571427,1.1689813285714286,1.162903757142857,1.2047104285714287,1.1437268571428572
R1613,0.8793289114285715,0.9594418285714285,0.9879838342857143,1.0436172514285713,1.0318054857142858
R1614,1.4888175428571429,1.4115624285714286,1.3440104,1.3503122142857145,1.2694388285714286
R1615,2.1672486285714285,2.0314601857142853,1.9553497142857144,1.9583701285714283,1.8507563
R1616,0.8906323057142858,0.92841566,0.8948164157142856,0.9663996757142856,0.9207095371428571
R1617,0.6869951528571429,0.6778213857142857,0.6206867699999999,0.6437623,0.5827174571428573
R1618,1.8972038714285715,1.8857012857142856,1.8577329857142857,1.8671928857142857,1.8033949000000002
R1619,2.2473364857142855,2.2720671142857145,2.2280029285714287,2.221974571428572,2.1732240857142857
R162,4.620169828571428,4.5395429,4.378521485714286,4.377643428571429,4.372040128571429
R1620,0.6805459999999999,0.70892968,0.6765235028571429,0.7347803085714286,0.7048339585714285
R1621,2.359484957142857,2.3108134285714286,2.229910685714285,2.1432642000000004,2.076041214285714
R1622,1.8313630714285714,1.777697157142857,1.671428,1.6000378857142858,1.5649617142857142
R1623,3.1385298571428573,3.072021557142857,2.989838257142857,2.9411634999999996,2.9157230142857142
R1624,2.7855950571428574,2.7760956857142856,2.746487814285714,2.709661,2.7100343
R1625,1.9841386571428572,1.9047046,1.7993539857142857,1.7389098714285713,1.6963263857142858
R1626,1.8424134285714284,1.7787430714285715,1.674024214285714,1.5955732571428574,1.5493389571428575
R1627,3.3573023,3.2986305999999996,3.239748900000001,3.2117078714285716,3.1798395285714283
R1628,1.536835557142857,1.5053557857142859,1.4139382714285718,1.3725524999999998,1.3593123857142857
R1629,1.615297042857143,1.5772535571428572,1.5213806285714284,1.4750958714285713,1.4375044714285714
R163,4.154479442857143,4.195716814285714,4.101524057142858,4.205055457142857,4.202729914285714
R1630,2.5815794857142857,2.4619186714285712,2.3357828,2.251451728571428,2.1869903
R1631,2.2032149571428574,2.2493120285714285,2.1896236,2.082404914285714,2.057661385714286
R1632,1.7976718285714284,1.8176993857142858,1.7607023714285714,1.6881149142857144,1.6650473285714287
R1633,2.2622264285714286,2.2570661142857142,2.1630336285714287,2.0754123142857144,2.0425019
R1634,1.2675482714285715,1.2656719142857145,1.1903718714285714,1.0917324057142859,1.051185742857143
R1635,3.3001509571428573,3.2450177142857144,3.186772057142857,3.1686684714285716,3.1479647714285712
R1636,2.2017602,2.2149725714285715,2.158387057142857,2.1212054428571427,2.079529742857143
R1637,3.5062826428571428,3.464473757142857,3.4398821142857137,3.4127590428571426,3.383725571428571
R1638,0.28170727085714287,0.2324277242857143,0.20074947,0.14901359685714285,0.15246059255714287
R1639,1.2026427999999998,1.2339880285714284,1.2026824857142857,1.1257464771428571,1.1145775142857144
R164,3.3762398000000005,3.337923285714286,3.2216823142857147,3.2436446714285716,3.2599828428571427
R1640,2.0436012999999997,1.9692583714285714,1.8686770571428573,1.7266386285714288,1.678814557142857
R1641,2.3052831142857144,2.212702228571428,2.103662442857143,2.035531914285714,1.9796585142857144
R1642,2.1755739285714286,2.2034488142857147,2.1314691,2.032364942857143,2.004682785714286
R1643,2.5473851142857145,2.5592731285714287,2.5200706857142854,2.4938733142857146,2.4468025142857144
R1644,2.5539914857142856,2.4599608714285712,2.3788316000000003,2.3116340714285712,2.233986742857143
R1645,3.2981021285714283,3.243947257142857,3.1760518142857137,3.1340684142857143,3.1197402714285714
R1646,1.6742421,1.7049084857142855,1.6374964285714284,1.5234547428571428,1.4882727714285715
R1647,1.8391979714285713,1.8677705142857142,1.826200771428571,1.7265925714285715,1.6962314571428574
R1648,1.5291318428571432,1.5941052,1.5566475,1.4575996857142857,1.4505524857142855
R1649,1.5400102857142859,1.4815567857142857,1.4535650142857144,1.4342005285714288,1.4266597571428572
R165,2.3805667428571433,2.3797889285714287,2.386339971428572,2.507487671428571,2.5519149285714287
R1650,2.0265618,1.9573992571428573,1.8434360428571428,1.7410563428571428,1.7091254714285715
R1651,0.2036951977142857,0.1234205457142857,0.07683694357142858,0.043399794857142855,0.02053119442857143
R1652,2.9997806428571425,2.9038042285714285,2.8072035285714287,2.7594275142857145,2.7110407857142858
R1653,1.4121447142857142,1.3364826714285716,1.280160314285714,1.234563657142857,1.2064648571428571
R1654,1.8052662857142856,1.742017542857143,1.6481099285714287,1.5163178428571429,1.4765101714285715
R1655,2.6665405,2.6618437,2.6204564000000006,2.5885792000000003,2.5886000428571427
R1656,2.1774700142857144,2.143412457142857,2.0769037285714282,2.0153673999999997,1.969073742857143
R1657,1.914848214285714,1.900986785714286,1.8742566999999999,1.8462343571428572,1.824999085714286
R1658,3.5916532714285716,3.5512199000000004,3.493764842857143,3.471972071428571,3.4438326285714287
R1659,2.0406076142857144,1.9720344285714286,1.8782788000000001,1.8220927714285717,1.7756996142857144
R166,4.6217888,4.502492814285715,4.320156842857143,4.304540385714286,4.312101185714286
R1660,0.9474848971428571,0.9434537414285714,0.9119289528571428,0.8707237828571428,0.8363740557142858
R1661,0.27574964571428573,0.27311983142857144,0.22589462857142856,0.16064912142857143,0.1323638492857143
R1662,2.7741493285714283,2.6970801285714283,2.6034739999999994,2.5287101142857145,2.468517185714286
R1663,3.1380298714285715,3.084330428571429,3.0282594142857144,3.009662314285714,2.9895336142857145
R1664,3.260977785714285,3.1964357999999997,3.1420378,3.1178644714285713,3.101013214285714
R1665,1.615443757142857,1.535581557142857,1.4435844857142859,1.3578063285714286,1.3246887714285713
R1666,1.7536532000000002,1.7843676714285714,1.7679382285714287,1.7763912714285712,1.7618147999999998
R1667,1.8223252714285714,1.8374011142857143,1.791005257142857,1.726032,1.665453757142857
R1668,1.8541947142857143,1.8168816857142855,1.7124280857142857,1.6075941142857142,1.5947630000000002
R1669,2.059574414285714,2.055042542857143,1.9659316571428571,1.8759917714285714,1.8465729000000002
R167,3.910868928571429,3.9164905857142855,3.8221727571428574,3.8706329714285714,3.9448300857142855
R1670,0.8129769228571428,0.7692440942857142,0.7304360385714286,0.693756972857143,0.6830707128571429
R1671,3.397700257142857,3.3428582714285717,3.2917249571428573,3.2529518000000004,3.2178828285714287
R1672,1.6587190142857142,1.6344601285714284,1.592197742857143,1.5517274285714284,1.5170891999999998
R1673,2.1209021142857147,2.1208948285714286,2.113339071428572,2.104541957142857,2.106802571428571
R1674,1.7783060285714285,1.7876026142857142,1.7269878285714284,1.6535178,1.6057467285714286
R1675,2.0222029714285714,1.9776416,1.8601391428571428,1.7462519428571428,1.7367437571428572
R1676,2.3424974142857145,2.398763957142857,2.4011634571428573,2.411974728571429,2.3767053000000002
R1677,2.5642169714285714,2.5332223285714286,2.465520385714286,2.445750685714286,2.3978783285714287
R1678,1.8292127714285713,1.8181699857142857,1.7608080285714287,1.7322868000000002,1.682255514285714
R1679,2.8502014714285715,2.8088628285714283,2.7182888000000003,2.672423028571429,2.634329885714286
R168,4.464693114285714,4.217584614285713,3.963952742857143,4.000706628571429,3.989451328571428
R1680,2.3166012,2.2949336000000002,2.2042391857142856,2.121023514285714,2.0822774
R1681,1.1511241142857143,1.164376442857143,1.1275813714285714,1.0461749285714286,1.026081257142857
R1682,3.162630442857143,3.1046097714285716,3.049778185714286,3.016610285714286,2.9785298142857144
R1683,2.2842693714285716,2.2709633000000005,2.1931543,2.1107803714285716,2.064456657142857
R1684,2.2513821285714286,2.3073497,2.2454260142857145,2.164392214285714,2.146241628571429
R1685,2.3049566999999995,2.2606493142857143,2.176844514285714,2.1178965714285716,2.0643904714285712
R1686,1.9242281428571426,1.9579230714285711,1.888897642857143,1.7846215571428572,1.7743975285714284
R1687,1.9522039857142859,1.9116633714285716,1.8106225428571427,1.684909042857143,1.6762647714285717
R1688,2.8642521000000003,2.8923502428571433,2.9199944714285713,2.9387684000000003,2.9341710285714284
R1689,1.8076872285714285,1.8091529857142856,1.7889855285714285,1.7592435714285712,1.6946109000000003
R169,1.9203741285714286,1.8002765428571428,1.7059487857142859,1.774687942857143,1.7863962285714285
R1690,0.14023130999999997,0.12394535428571431,0.09433929371428572,0.029712651142857142,0.014787512228571428
R1691,1.2847585142857143,1.3126399,1.2806243285714287,1.2108760428571428,1.2078249428571428
R1692,2.0635816428571427,2.0437209285714286,1.9756618285714285,1.8769718857142856,1.838893857142857
R1693,1.2621683142857143,1.1673238428571426,1.1108715785714287,1.0719787914285714,1.0522323942857144
R1694,2.261665057142857,2.2842673285714286,2.197462942857143,2.097517714285714,2.0643962
R1695,1.700639042857143,1.6421511285714288,1.5712843285714286,1.5072174285714284,1.4718328142857142
R1697,2.3656458285714286,2.357721442857143,2.2664220142857148,2.1719258714285714,2.139629714285714
R1698,0.17752506857142852,0.1919646685714286,0.1795678755714286,0.10083305585714286,0.099267227
R1699,3.3706476000000003,3.413161942857143,3.421825485714286,3.4210564857142858,3.404833828571429
R170,3.7720933714285714,3.887347042857143,4.003897314285714,4.064768814285714,4.082311557142857
R1700,1.822934642857143,1.867342857142857,1.8290642714285712,1.7647595428571432,1.7332988142857142
R1701,2.521828314285714,2.525305471428571,2.4795235285714283,2.4376305285714284,2.3983572285714283
R1702,2.604875457142857,2.5527245,2.458857285714285,2.3780806857142855,2.312497785714285
R1703,2.6316531714285714,2.5907196428571426,2.5434196428571427,2.4957108857142853,2.4782669142857143
R1704,1.1731631857142857,1.2057783857142856,1.1735825714285715,1.0960897714285713,1.0846833142857144
R1705,0.3770600257142857,0.32853077,0.26912120714285714,0.17943595857142855,0.16702243714285717
R1706,2.517704557142857,2.492101114285714,2.4463989142857145,2.4127620000000003,2.362404514285714
R1707,2.3613168857142854,2.3557074571428567,2.2574093285714287,2.1639175,2.127267114285714
R1708,2.092963014285714,2.0885839142857145,2.020696071428571,1.9670132428571427,1.9284865857142857
R1709,2.314428271428571,2.3181450000000003,2.230306014285714,2.090958314285714,2.0583680714285717
R171,4.461862042857143,4.535126742857143,4.560229271428572,4.568675985714285,4.624700214285714
R1710,0.3048841171428572,0.29932764285714286,0.23404247285714286,0.15108071142857143,0.14347549857142858
R1711,2.085804085714286,2.0922684142857144,2.0403642,1.9650337857142859,1.9276591142857142
R1712,2.0120777857142857,1.9421179285714287,1.8453743571428571,1.787407142857143,1.740660785714286
R1713,1.5322795571428571,1.5672632714285715,1.528424685714286,1.4692935571428571,1.4347680285714286
R1714,3.8327309857142855,3.8117424857142863,3.749477014285714,3.759297814285715,3.7801794857142856
R1715,3.9354402,3.9978989,4.055566414285715,4.059408314285714,4.151825871428572
R1716,4.2691722,4.199550057142856,4.115722514285714,4.098374300000001,4.116965657142857
R1717,2.8581615,2.786244,2.7168889857142853,2.693723285714286,2.673730157142857
R1718,4.122620142857143,4.041966657142857,3.9872032142857137,3.9609434000000006,4.0091642
R1719,4.073587257142857,4.056685742857143,4.026175285714286,3.9927266999999995,4.029776942857143
R172,2.1035887285714283,2.076574342857143,2.019251185714286,2.0008343857142856,2.0371643999999995
R1720,2.988581014285714,2.881641514285714,2.7505087285714285,2.7290858571428567,2.7178256000000003
R1721,3.6459125857142856,3.611614242857143,3.537502242857143,3.507141757142857,3.556561428571428
R1722,4.2305549,4.152603157142858,4.140605185714285,4.071845957142857,4.13896602857143
R1723,4.5019421714285714,4.470729585714286,4.402287014285714,4.383119657142857,4.3942577
R1724,2.814909685714286,2.6565891142857145,2.5370904428571426,2.5333940999999998,2.5838148857142857
R1725,2.6787372,2.561785214285714,2.524469842857143,2.5415000285714284,2.6314086714285714
R1726,3.862890085714286,3.736515657142857,3.593264414285714,3.5717147285714286,3.6063633857142854
R1727,4.955402371428571,4.909133771428571,4.832615085714286,4.815635371428571,4.830687442857142
R1728,4.259490985714286,4.191397728571429,4.124481085714285,4.148665857142857,4.171087285714286
R1729,4.957706028571429,4.964351571428572,4.955429728571429,4.914999757142858,4.917198285714286
R173,3.9109309285714278,3.9537200571428572,3.8983394571428573,3.9814371,4.0486477
R1730,3.498540057142857,3.4521077285714292,3.389375514285714,3.4165185571428576,3.452464871428571
R1731,0.8926589385714286,0.8336853457142858,0.78332118,0.74314355,0.7395577928571428
R1732,0.7977891928571429,0.7716256857142856,0.7473190485714286,0.7302807914285714,0.7277497885714286
R1733,0.13450740257142857,0.07641931971428571,0.027782201857142863,0.003196137285714286,0.0
R1734,0.5680827614285714,0.6069309357142857,0.65572509,0.6622894800000001,0.68007282
R1735,0.5686573414285714,0.5402727628571429,0.5444663628571428,0.5385564528571429,0.53206017
R1736,0.7731421757142858,0.8393426100000001,0.8754746857142858,0.8803663757142858,0.8803073914285715
R1737,0.8021710142857142,0.7816833814285714,0.7706373,0.7406664742857141,0.7091515557142857
R1738,0.6680719871428572,0.6644129542857142,0.6549040728571429,0.6033856414285715,0.5841525057142858
R1739,0.5711517071428571,0.5399113642857143,0.5056754471428572,0.4595585,0.43537465142857146
R174,3.560497742857143,3.4422283428571427,3.2562169142857145,3.3082207285714285,3.326314571428571
R1740,0.8067263899999999,0.7925341428571427,0.794301607142857,0.7713354885714284,0.7411401228571429
R1745,0.4596182242857143,0.48174079999999997,0.46450823999999996,0.3933381671428572,0.3740203857142857
R1748,0.40431082285714287,0.3531717728571429,0.2802263428571429,0.19321381857142855,0.15053060214285716
R175,4.186325871428571,4.04122982857143,3.945150271428571,3.9836342999999994,4.0350665
R1750,0.4340734971428572,0.4233925057142857,0.3990698642857143,0.3468632342857143,0.32121065571428575
R1751,0.46713871142857144,0.47493736000000003,0.4509534,0.37525134714285713,0.33806501142857137
R1752,0.10875016371428571,0.07806389714285715,0.036843232428571425,0.0020060624285714286,0.0016528282857142856
R1757,0.4586734642857143,0.46712433571428574,0.44268322857142856,0.3915808814285714,0.35697091285714283
R176,1.4539665714285714,1.4478752714285714,1.4616056000000002,1.4414688857142859,1.452192642857143
R1762,3.6269369428571423,3.6279335285714285,3.7601277142857144,3.7679140714285713,3.756024285714286
R1763,2.8866301714285716,3.035667485714286,3.258132314285714,3.3468040857142856,3.421780957142857
R1764,3.162948514285714,3.1104837,3.180843085714286,3.202405985714286,3.2203687428571426
R1765,3.036760214285714,3.097582742857143,3.2811791285714285,3.324185871428572,3.342694957142857
R1766,2.975364471428571,2.8591669428571427,2.8891895000000005,2.8248000857142856,2.861897714285714
R1767,2.3454319999999997,2.1509639857142857,2.1511466,2.0745327571428573,2.074973285714286
R1768,3.116250042857143,3.117534542857143,3.2138591285714284,3.228861685714286,3.3031939
R1769,2.5013676428571427,2.5654484714285712,2.7041995714285716,2.791818985714286,2.822480185714286
R177,3.776141271428572,3.611951542857143,3.4416563000000004,3.4362889,3.4586052428571428
R1770,2.6217382714285713,2.7001124857142855,2.883919185714286,2.9841614571428576,3.0359896571428573
R1771,0.47762082999999994,0.5466767100000001,0.7375241528571428,0.8715926757142858,0.9307240771428572
R1772,2.446118,2.3404184142857143,2.3973099857142857,2.337341857142857,2.353349371428571
R1773,2.0193106000000003,1.9911446285714285,2.1014624428571427,2.093301114285714,2.1287474000000004
R1774,3.366233871428571,3.3898726000000003,3.5253401714285717,3.6057207428571423,3.610973557142857
R1775,2.294797871428571,2.2175780714285716,2.3007369714285715,2.2813047428571425,2.2600603999999995
R1776,2.667469457142857,2.751646742857143,2.948481514285714,3.034934314285714,3.1057584
R1777,2.0552860571428573,1.9822848428571427,2.061758285714286,2.0257853999999997,2.0672943
R1778,0.9544181385714287,1.0147090171428572,1.1661672428571428,1.3107136,1.3609816714285716
R1779,1.9953891714285716,1.8340624714285716,1.8677242428571428,1.8068003142857143,1.780920342857143
R178,2.8851961857142854,2.819139671428572,2.7212382857142856,2.755858771428571,2.784660757142857
R1780,3.4667009285714285,3.3786286714285714,3.457761128571429,3.421576528571429,3.4370331142857142
R1781,1.7341120285714287,1.6622882714285716,1.7538932571428576,1.7685314714285716,1.7678335571428572
R1782,1.8364534714285716,1.759676,1.8307638285714287,1.761718442857143,1.793968242857143
R1783,3.150726314285715,3.1372721857142856,3.210970557142857,3.181198957142857,3.2366927999999997
R1784,2.2682997285714284,2.080849014285714,2.0942751,2.0068242285714284,2.0005340285714284
R1785,4.013798371428572,3.893930028571429,3.9302299857142855,3.8359748142857137,3.8104863999999994
R1786,2.7443036857142857,2.6031891714285713,2.610533642857143,2.544933571428572,2.5427456571428566
R1787,2.043304414285714,2.0654091285714284,2.2044926571428567,2.187581857142857,2.2390851857142864
R1788,2.5181875285714286,2.465681757142857,2.5650525285714285,2.5325572428571426,2.5686409714285716
R1789,0.6914415142857143,0.7588196971428571,0.9761038214285714,1.0868995428571429,1.1380760999999997
R179,3.2533698571428564,3.0864702285714287,2.9080867714285716,2.8829550714285714,2.9202137142857145
R1790,2.6250611285714283,2.7446693571428566,2.953274,3.0715232571428572,3.1180754999999998
R1791,3.497861457142857,3.461732285714286,3.5647937857142855,3.5404415428571427,3.5909838857142864
R1792,2.618832828571428,2.5940882285714286,2.7680931,2.809719214285714,2.8466941
R1793,2.441190814285714,2.3917634714285714,2.4956326428571427,2.483932142857143,2.5225264285714286
R1794,3.576365414285714,3.554338242857143,3.676102814285714,3.7291665857142857,3.767046942857143
R1795,0.0,0.0,0.0,0.0,0.0
R1796,0.40263344142857144,0.40324767857142857,0.3886171271428572,0.3291431171428571,0.30066979000000005
R1799,0.2784084285714286,0.2752849214285714,0.26037703285714286,0.2051823657142857,0.18078129714285715
R18,1.3216657857142857,1.2082684571428572,1.1043395,0.9761233928571429,0.9018440628571429
R180,2.9091998571428577,2.7674562285714286,2.5816746428571427,2.5768630571428575,2.543224714285714
R1800,0.12802703142857144,0.13318950742857144,0.1423602957142857,0.11190398842857142,0.08118438771428571
R1801,0.24565792285714286,0.23281320428571428,0.22888638285714288,0.17366027714285712,0.13157175314285713
R1802,0.0,0.0,0.0,0.0,0.0
R1804,0.9589549742857144,0.9370456528571428,0.9238991357142857,0.8826281714285713,0.8558252000000001
R1805,0.0,0.0,0.0,0.0,0.0
R1806,0.0,0.0,0.0,0.0,0.0
R1809,0.33804522428571426,0.3405696742857143,0.3269328314285715,0.2861337228571429,0.26829601999999997
R181,3.1643773714285715,3.1836013142857142,3.106976671428572,3.1686938142857146,3.228367057142857
R1810,0.8928490571428572,0.8721792128571427,0.8695314485714286,0.8473448428571427,0.8127039542857144
R1811,1.1107209285714286,1.088711257142857,1.0817286857142858,1.0453375,1.0143149914285714
R1812,0.004656655428571429,0.0,0.0,0.0,0.0
R1813,0.5170635942857144,0.5255739328571429,0.5077657642857142,0.4526112685714286,0.4118476757142857
R1815,0.09569947928571429,0.0365026,0.047198806,0.0358629229,0.03256641071428572
R1816,0.0,0.0,0.0,0.0,0.0
R1817,0.8188043342857144,0.7910295714285714,0.8035130500000001,0.7962174557142857,0.7536627357142857
R1819,0.26746491285714286,0.1772204814285714,0.14139291285714284,0.09095175071428573,0.062017168000000004
R182,3.3417604285714284,3.2834717428571425,3.257462057142857,3.3219578428571426,3.338148828571429
R1820,0.4135338528571428,0.39331401714285713,0.3644027657142857,0.3285349014285714,0.3015618585714286
R1821,0.17789401485714285,0.18421948000000002,0.15773432485714284,0.08962748575714286,0.06735440699999999
R1822,0.5674210057142857,0.5688995257142856,0.5601503699999999,0.5277796071428572,0.4992410471428571
R1823,0.0,0.0,0.0,0.0,0.0
R1824,0.0,0.0,0.0,0.0,0.0
R1826,0.22030784285714286,0.14925142514285714,0.1051359677142857,0.03186384235714285,0.007618359142857143
R1827,0.4464149628571429,0.4403221471428571,0.4274691857142857,0.37580721714285714,0.34408591285714285
R1828,0.5947508328571429,0.6221808128571428,0.6601918,0.6412630814285715,0.5912912957142858
R1829,0.32501991857142853,0.3496363957142857,0.33474163285714287,0.27813202857142855,0.25676948428571433
R183,3.9250403285714293,3.8187496,3.7247699999999995,3.6960765571428573,3.735807928571429
R1831,0.6471879528571429,0.64229264,0.6271274271428572,0.5941769485714286,0.5459150642857142
R1832,0.45027548857142863,0.42736550714285715,0.4268148628571428,0.3863833671428571,0.3516395285714286
R1836,0.009045038571428573,0.0,0.0,0.0,0.0
R1839,0.57737737,0.4855362457142857,0.44659340142857135,0.4036591242857143,0.35849656142857145
R1840,0.0,0.0,0.0,0.0,0.0
R1841,0.0,0.0,0.0,0.0,0.0
R1843,0.18002649714285715,0.23386293000000005,0.23534753714285714,0.18242945000000002,0.17957244642857143
R1844,0.24488340285714288,0.26334472999999997,0.26546640714285713,0.23433082285714285,0.20786959857142856
R1845,0.2930824885714286,0.2960371214285714,0.27041967142857143,0.22725266142857142,0.2200351285714286
R1846,0.0,0.0,0.0,0.0,0.0
R1848,0.005384649714285714,0.0,0.0,0.0,0.0
R1849,0.05118344514285715,0.0644749912857143,0.04583110114285714,0.018570457142857145,0.0132237848
R185,4.487984885714286,4.478796985714285,4.364855614285714,4.409994742857143,4.389692328571429
R1851,0.07395148314285714,0.02145283557142857,0.011088984428571428,0.0,0.0
R1852,0.0,0.0,0.0,0.0,0.0
R1853,0.44447355714285713,0.45047628,0.4400681085714286,0.40973294,0.38515226428571425
R1854,0.2972448714285714,0.3237818142857143,0.30770245714285716,0.27135496285714283,0.28140104714285713
R1855,0.38969855714285717,0.36217592285714284,0.3308240514285714,0.2877670928571429,0.2512987857142857
R1856,0.47915201285714293,0.4848739100000001,0.4612151414285714,0.4002382342857143,0.36305214714285716
R1858,0.9751170857142856,0.9167493128571429,0.8285499128571427,0.70405273,0.5956210571428572
R186,4.328787971428571,4.358085471428572,4.301096342857143,4.3793922571428565,4.423179142857143
R1860,1.0202508514285715,1.0111346357142856,0.9708948142857141,0.9399270114285713,0.9027043985714286
R1862,1.1874179571428571,1.1490672285714285,1.0660751185714286,0.9822882471428571,0.9181433557142856
R1863,0.5592919214285715,0.5442214185714286,0.5174636371428571,0.4669392142857142,0.43340315571428567
R1864,0.0,0.004458657285714286,0.0011644534285714288,0.00031530005714285714,0.0
R1865,0.7331481628571429,0.7362205285714286,0.7224947642857141,0.7188359142857143,0.6780404742857142
R1866,0.26566229714285716,0.18738153800000004,0.12943264428571427,0.0919011,0.08203261228571428
R1869,1.0190218285714285,0.9737546471428572,0.8770446042857143,0.7987910471428571,0.70608236
R187,3.2574579285714287,3.253259214285715,3.2512054428571426,3.199736742857143,3.1719080571428573
R1871,0.0,0.0,0.0,0.0,0.0
R1872,0.6993479685714287,0.6553943414285713,0.5927487914285715,0.5245099428571428,0.5078525371428572
R1874,1.145338292857143,1.0925393285714287,0.9893076142857142,0.8862186585714286,0.7828064914285714
R1875,1.1119028428571427,1.0591497385714288,0.9836476342857142,0.8797464028571428,0.7881548742857143
R1877,0.0,0.0008874961428571428,0.0,0.0,0.0
R1878,1.4200847714285716,1.3832067142857143,1.2952742,1.1668258,1.0928232785714285
R1879,1.4395077999999997,1.4041527285714286,1.311574257142857,1.2267747285714283,1.14027635
R188,4.242399399999999,3.9433329285714285,3.676662042857143,3.6398472142857146,3.6222747142857146
R1880,0.3963098914285714,0.4204243585714286,0.41013883,0.3894736842857143,0.3727552728571429
R1881,0.4441871657142857,0.46376645142857137,0.43720466714285716,0.40830219,0.38705681285714283
R1882,1.0170084285714285,1.0319586442857143,1.0337222357142857,1.0067912700000001,0.9627712885714287
R1887,0.4408567571428571,0.4173749528571428,0.3983862257142857,0.35190444142857136,0.31811480999999997
R1888,1.4050268142857143,1.3633847714285712,1.28507,1.163679957142857,1.0669087714285712
R189,3.0594693857142863,2.995466485714285,2.8685219571428573,2.9158313000000002,2.9443438285714287
R1891,1.02586558,1.0144546842857143,0.9565204085714286,0.8849463285714286,0.8049783985714286
R1892,1.1154302428571428,1.0566843928571428,0.9424935785714287,0.8504964557142858,0.7485030357142859
R1895,1.3525607571428573,1.351928085714286,1.2942633857142858,1.2228506142857143,1.132111942857143
R1898,0.9285125928571427,0.9181350428571429,0.8599595257142857,0.7924972800000001,0.7216633142857143
R19,2.9428239000000005,2.8473276142857142,2.7753592,2.647024571428571,2.5882076
R190,3.565452057142857,3.6689646571428574,3.769137528571428,3.869004928571429,3.9488334571428574
R1903,0.8457280428571429,0.8755308114285715,0.8372222914285714,0.8019863614285715,0.73498074
R1904,0.40186939714285713,0.4416479357142857,0.4353986785714286,0.41641717714285714,0.40475004
R1905,1.0414179428571428,0.9924637942857143,0.9043626385714285,0.7866843242857143,0.6780883400000001
R1908,0.4532920114285715,0.43216432714285713,0.40068384428571424,0.3389864342857143,0.29108685928571426
R1909,1.0550424485714285,1.0801056628571428,1.0389398571428572,1.0006529342857142,0.9326928785714287
R191,3.8954027428571427,3.9856449142857144,3.9467546,4.029067657142857,4.060045842857142
R1910,0.5080259057142857,0.5520796585714286,0.5422481128571429,0.5191173885714286,0.4926594128571428
R1911,1.2256851199999999,1.19807115,1.113430652857143,1.0422337085714284,0.9522942814285714
R1913,1.228426557142857,1.1602312142857143,1.07410627,0.9531321142857142,0.8681539957142858
R1915,0.0,0.007250513285714286,0.003015066857142857,0.00035403457142857143,0.0
R1916,1.174640157142857,1.1472044857142858,1.050361462857143,0.9626799785714285,0.874017357142857
R1917,1.5016129285714286,1.4662526714285715,1.3890614285714287,1.2937070285714287,1.2213063285714285
R1918,1.0734108057142857,1.07502469,1.0422669628571428,1.0104490857142856,0.9856368828571428
R1919,0.9922829185714287,0.9992513285714286,0.9850808442857142,0.9445279,0.8800342999999999
R192,3.258151185714286,3.2793683142857146,3.2174777857142858,3.2813730142857147,3.320462542857143
R1920,0.7640783828571428,0.7533485257142857,0.6954052928571429,0.6162634000000001,0.5468006171428572
R1921,0.22752608285714285,0.17417085057142856,0.13021707357142856,0.10191643071428572,0.08521645357142857
R1923,0.5252164757142858,0.6277015657142858,0.6616812342857143,0.6775183614285715,0.6659897942857143
R1924,1.4455118571428573,1.4351393714285714,1.3456906714285712,1.2280828371428572,1.1235280714285714
R1925,0.7905714285714286,0.8175055142857143,0.7954574842857143,0.7660763257142857,0.7320219914285715
R1926,0.0,0.0,0.0,0.0,0.0
R1927,0.34077666142857144,0.33799048571428575,0.2931646457142857,0.2627462878571428,0.24876490571428572
R1928,0.0,0.0,0.0,0.0,0.0
R1929,1.4189329714285712,1.4227326857142857,1.3696269857142858,1.3016452571428572,1.2147134428571429
R193,3.4495880571428574,3.5645741571428573,3.6629667999999995,3.738081342857143,3.832108957142857
R1930,0.004056436714285715,0.013306234285714286,0.009600017714285715,0.007102302142857142,0.00016627992857142857
R1931,1.2846573285714287,1.2063488142857144,1.1107546142857143,0.9981763885714285,0.9125870414285714
R1932,1.1215213571428573,1.1192813000000001,1.0435990257142858,0.9577432828571428,0.8665506985714286
R1933,0.7970530871428572,0.8010308942857142,0.7681165985714286,0.7549418842857143,0.6966360957142858
R1934,0.25364008857142856,0.2478395885714286,0.23323379285714285,0.19045701957142858,0.1545275951428571
R1936,1.0381276,1.0087074514285714,0.9121441642857143,0.81873205,0.7173120657142856
R1937,1.4652783857142857,1.419522842857143,1.3196380428571428,1.2271799857142855,1.135141242857143
R1938,0.5548260728571428,0.5560760828571428,0.54177582,0.5414635128571429,0.5226656157142857
R1939,0.84496304,0.9042989442857142,0.8738855614285714,0.8826361528571428,0.8720589657142856
R194,0.5643220914285714,0.6461652228571427,0.7261516842857143,0.7898658728571427,0.8622048957142857
R1940,0.08407356028571429,0.08255400085714285,0.048327378,0.048765028142857145,0.030809249142857143
R1941,1.0600892142857143,1.0595513328571429,0.9811052971428571,0.891589277142857,0.7924012228571428
R1942,0.9226315271428572,0.9160837671428572,0.8321144542857144,0.7388197957142858,0.64550686
R1945,0.36782663428571427,0.34558938,0.2944079314285714,0.2740565028571429,0.254765151
R1946,1.4682358285714285,1.4619573999999997,1.4250075714285715,1.4035382857142855,1.3826189999999998
R1947,1.0391526342857142,1.0316610400000001,0.9780482414285715,0.9097530571428571,0.8333507857142857
R1948,1.1209462857142858,1.1479051428571427,1.0982253,1.0368720571428571,0.9537708199999999
R1949,0.9310425442857143,0.9250906157142859,0.8707464128571429,0.8040609342857142,0.7274626385714286
R195,2.1659245285714284,2.1427266,2.107866242857143,2.1299100714285712,2.1548325428571427
R1950,0.5688828142857142,0.53608386,0.46929956857142857,0.4261381685714286,0.38885493
R1951,1.2094166285714285,1.1699023571428568,1.0871451142857143,1.0041168714285713,0.94066665
R1953,0.9665362999999999,0.936790037142857,0.84211831,0.7360493457142857,0.6376288657142857
R1955,0.9422249728571428,0.9305235528571429,0.8419606728571427,0.7447558757142857,0.6459229057142857
R1956,0.9458986600000001,0.8978262185714285,0.8023300657142859,0.6960188928571428,0.6098498128571429
R1957,2.076285257142857,2.119895314285714,2.0805081714285714,2.0688518714285715,2.036350042857143
R1959,1.2140746,1.1854952857142858,1.1321507714285715,1.1214440428571428,1.0728253357142856
R196,3.2626110428571424,3.2690759285714286,3.180058628571428,3.2399901285714283,3.298376414285714
R1960,1.7058496285714289,1.747411885714286,1.7002536714285714,1.723939142857143,1.6990472
R1961,2.112896514285714,2.0340455857142854,1.9360601857142858,1.927984757142857,1.8960165999999998
R1962,2.4514199857142853,2.4693481285714287,2.420388571428571,2.4093185999999998,2.3704971
R1963,2.468118442857143,2.5158783857142857,2.5089132857142857,2.5495065,2.5209772999999998
R1964,1.6865004857142856,1.6946983428571427,1.638868742857143,1.650481085714286,1.6462012714285714
R1966,1.867201442857143,1.8426956142857145,1.8103620285714286,1.852540257142857,1.8193766857142857
R1968,1.6006095000000002,1.6289177857142856,1.5973472142857144,1.6247084571428572,1.5763475285714286
R1969,1.4966818285714285,1.5060699857142856,1.4608182285714284,1.4645591285714286,1.4211626428571427
R197,2.298998657142857,2.3031187,2.2714928999999997,2.2792575000000004,2.298939
R1970,2.016462314285714,2.0005581714285716,1.9404531428571428,1.9635032000000001,1.923571442857143
R1971,1.8178457000000001,1.8299599857142856,1.7851819,1.7957883571428574,1.8016271
R1972,1.7315376285714286,1.7349737714285716,1.6983480428571427,1.7268276142857144,1.7016070142857143
R1973,1.2635807000000001,1.2708268714285715,1.2280029714285714,1.2436156857142855,1.21975938
R1974,1.773187257142857,1.7662622714285716,1.7190061285714289,1.7451594000000001,1.7113189428571425
R1975,1.829818985714286,1.8869248571428567,1.8450495857142855,1.8324852999999999,1.8115063714285715
R1976,1.492479814285714,1.4957334285714288,1.4434599428571429,1.4699011,1.451279457142857
R1977,2.089570185714286,2.1438641428571428,2.1051813285714287,2.0950932285714288,2.0749006142857143
R1978,0.9136638499999999,0.9041629228571428,0.8966959971428572,0.9174482585714286,0.9046149271428571
R1979,1.4271002714285714,1.4128560285714287,1.383097,1.402015442857143,1.4102385571428573
R198,2.547522757142857,2.4895072142857138,2.404555242857143,2.4148118,2.4274857714285716
R1980,1.1260857357142857,1.1742118142857143,1.1553590914285716,1.1830716,1.1874211000000001
R1981,1.4168313571428572,1.4046300857142857,1.3262315714285715,1.2799378857142858,1.2351327714285714
R1982,1.3271174714285716,1.3172582285714287,1.2935101999999998,1.3034335285714285,1.3075107857142856
R1983,1.6797225857142855,1.6835808428571428,1.6081815428571427,1.6152075714285714,1.5724785714285716
R1984,1.6033036428571426,1.6324829285714284,1.5850280285714284,1.5829021,1.5676112
R1985,1.4614456571428571,1.4566508142857142,1.4058350142857141,1.3976707285714287,1.361196842857143
R1986,1.6070018142857145,1.567519157142857,1.470382857142857,1.447112842857143,1.4160074142857142
R1987,1.7045911142857142,1.7663833,1.7555353,1.761268242857143,1.7105007857142858
R1988,2.015369742857142,1.9992447142857144,1.9378345428571428,1.9608514142857145,1.9236382285714286
R1989,2.1633869285714287,2.241278042857143,2.229300114285714,2.2468219428571428,2.234511257142857
R199,2.132273371428571,2.1236717285714284,2.1018925000000004,2.087941242857143,2.105377314285714
R1990,1.409328385714286,1.3323713714285714,1.3149218,1.3536797857142857,1.3004371000000001
R1991,0.8401333057142857,0.8023417428571429,0.7494774142857142,0.7651202571428571,0.7246252457142857
R1992,1.1353902285714284,1.0696977485714287,1.0280715571428571,1.05081505,0.9817558742857143
R1994,2.2127629142857144,2.201194157142857,2.1477189000000005,2.1344892714285715,2.0959882
R1995,1.0305713114285715,1.0535202942857143,1.0272398657142858,1.044770657142857,1.0291236600000002
R1996,2.3533091857142856,2.3106320857142855,2.2682385571428574,2.280146457142857,2.2448552
R1998,1.2567709,1.2642025571428572,1.2112356142857144,1.2137258757142857,1.1854981142857142
R1999,2.3078523,2.336805028571429,2.2998857142857143,2.3041425857142857,2.3015143
R2,0.20217208999999997,0.17281099714285714,0.2009032271428571,0.16102395571428568,0.14942821199999998
R20,1.9442223999999997,1.8593761571428573,1.790477242857143,1.6937426,1.6327505285714283
R200,2.700522628571428,2.649600071428572,2.5675444428571423,2.586057957142857,2.5903569714285717
R2000,2.2721140285714285,2.317914542857143,2.263582257142857,2.226764942857143,2.1852579
R2001,1.8700597428571428,1.9164276857142857,1.872318942857143,1.8868866428571427,1.8633378714285713
R2002,1.498558957142857,1.4776491714285716,1.4294790000000002,1.4475034857142857,1.4296967571428572
R2003,0.6549245428571427,0.6734064757142858,0.6493930214285715,0.6460097728571429,0.6386293157142857
R2004,1.7049218,1.6135277857142858,1.5432682,1.559061185714286,1.5249429142857145
R2006,2.0670032714285713,2.0318386857142854,1.9849255,2.0226222857142853,1.9878392571428574
R2007,1.9366429,1.9534959285714286,1.8977346285714287,1.899436842857143,1.8669632714285715
R2008,0.9317913757142859,0.9136478185714286,0.8533597457142857,0.8516155371428572,0.8141566114285713
R2009,1.5532062999999998,1.5560985857142853,1.5400633857142856,1.5721928857142855,1.5261897285714288
R201,3.0866736999999995,3.067930814285714,3.0019934428571426,3.031008671428571,3.0453740857142857
R2011,0.41583849285714286,0.4778701757142857,0.47030751285714284,0.4536368828571429,0.4347715157142857
R2012,0.06512042514285714,0.032517757,0.003295779214285714,0.0,0.0
R2013,0.3364628557142857,0.3419839471428571,0.3186079771428571,0.2672172,0.2404833942857143
R2015,0.32477401857142857,0.37461222,0.3657504642857143,0.31749194857142854,0.27407658285714287
R2016,0.25763970428571425,0.2845707042857143,0.27395420714285706,0.18724406242857142,0.15689292371428573
R2019,0.8749169642857143,0.959077342857143,0.97517865,0.9246099814285714,0.878109152857143
R202,3.6017470571428567,3.4691771571428567,3.289078485714285,3.3182715285714286,3.3489503714285718
R2020,0.16063508714285715,0.2315213,0.23224417857142857,0.21664430142857144,0.21219338285714287
R2021,0.28748342714285713,0.35726595,0.3268898385714286,0.28397416285714283,0.24754535999999996
R2023,0.64722059,0.7425723842857144,0.73996578,0.6760949814285715,0.6267739171428571
R2024,0.67100183,0.7575759842857143,0.7725541342857144,0.7217116028571429,0.6785395028571427
R2026,0.25318114999999997,0.28345659857142863,0.27756463142857146,0.2198597694285714,0.18319773885714286
R2028,0.44721147714285714,0.4893018928571428,0.4630412371428571,0.4202703085714286,0.3840170257142857
R2029,0.4877826357142857,0.4958453342857143,0.4656882628571429,0.4262240971428572,0.41328497
R203,3.7671896285714284,3.7467162000000003,3.6673362857142857,3.7366499999999996,3.7872999142857147
R2030,0.020720328899999998,0.05706934923799999,0.06513386942857143,0.06489166585714286,0.059714726142857145
R2031,0.3053902542857143,0.31399371,0.2752982534285714,0.22628283714285713,0.18460631428571425
R2032,0.004812598285714286,0.012615719,0.008621845714285713,0.0032515312857142853,0.0
R2033,0.36543507571428574,0.45323898428571435,0.4413035585714286,0.40799321571428576,0.37297880857142857
R2034,0.3124828614285714,0.3811642714285715,0.3606002728571429,0.3198333071428571,0.2909672985714285
R2035,0.16313196914285716,0.14550702028571427,0.12031315085714285,0.048662177142857144,0.0076801438
R2038,0.33470189,0.3617457757142857,0.30470800285714283,0.23019123857142856,0.16510355085714284
R204,2.9760462714285714,2.837620571428572,2.7458797285714285,2.8220150285714287,2.839357542857143
R2041,0.3249002142857143,0.38234231714285716,0.37364638714285714,0.36285786000000003,0.34542299142857147
R2042,0.3714559242857142,0.43306643142857143,0.4236748628571428,0.38429623428571424,0.35085049714285715
R2043,0.30993177285714285,0.3325022957142857,0.32231743999999996,0.23396221714285712,0.19928473714285716
R2044,0.20525397642857143,0.19729931142857143,0.15580970857142856,0.10234223885714286,0.07979354757142856
R2047,0.38463752714285715,0.4024088471428571,0.3772937657142857,0.33490031000000003,0.28493812999999996
R2048,0.42592322000000005,0.47012907857142855,0.44248578857142856,0.3979855957142857,0.35891366142857145
R205,3.8601124714285713,3.8686851428571427,3.779150285714286,3.8606686857142853,3.8818223714285716
R2050,0.09522227285714287,0.11875365285714287,0.09542041485714285,0.043918128705714286,0.028515339085714287
R2052,0.24552539571428575,0.22972354714285712,0.23417833285714287,0.1795669107142857,0.1378876242857143
R2055,0.15852223171428573,0.21909755142857143,0.20159086142857144,0.15777320514285714,0.12550706671428571
R2057,0.3732592957142858,0.40116476142857144,0.40933822571428563,0.38632295857142857,0.3658434242857143
R2058,0.24046255285714285,0.33071140571428576,0.3197783928571429,0.2914972571428572,0.25833578142857144
R2059,0.7510508357142858,0.8060970414285714,0.8175638028571429,0.7741758928571428,0.7216475628571429
R206,3.591364657142857,3.5472334142857136,3.4180766285714284,3.4644532285714287,3.474318542857143
R2063,0.023011139285714282,0.035495179714285716,0.025971021,0.008163145714285714,0.0022131374285714283
R2064,0.26257811285714283,0.3491745714285715,0.34481078571428564,0.32619593,0.3067193257142857
R2065,0.0,0.0,0.0,0.0,0.0
R2066,0.45263782571428574,0.5542977357142856,0.5307121171428572,0.4909941985714285,0.4570231314285714
R2067,0.0,0.0,0.0,0.0,0.0
R2068,0.22109122714285714,0.19293621714285716,0.14457237771428572,0.08568801142857142,0.05771206185714285
R207,3.7931953714285718,3.7608654428571424,3.638201871428571,3.674429071428572,3.707825742857143
R2070,0.0,0.0,0.0,0.0,0.0
R2071,0.03276617285714285,0.03169224914285714,0.028102482714285715,0.015501039428571428,0.009852459999999999
R2072,0.48352262714285715,0.5060888971428572,0.5179874542857144,0.48544800571428576,0.44475259714285714
R2073,0.0,0.0,0.0,0.0,0.0
R2074,0.24624845285714286,0.33715119714285713,0.3269580257142857,0.2987847771428571,0.26627791142857143
R2077,0.49259676571428573,0.5614825785714286,0.5343731414285714,0.45917115857142854,0.3987614728571428
R2078,0.32416811685714286,0.3371930578571429,0.32408588371428565,0.2675579928571428,0.22937096999999995
R2079,0.5271546314285714,0.5945194542857142,0.5896383214285715,0.5607426228571428,0.5286745957142857
R208,3.753700871428571,3.709559171428571,3.5747317428571423,3.6627221285714286,3.6914045428571427
R2081,0.16253501099999998,0.20762818942857142,0.18147936571428572,0.15061814200000004,0.143364362
R2083,0.2861812842857142,0.3261522057142857,0.30322937857142856,0.2830761528571428,0.2576394957142857
R2084,0.11296526742857142,0.1363224442857143,0.10815034142857143,0.07313765285714287,0.04718346628571429
R2085,0.4635084571428571,0.4902223985714285,0.47295500000000007,0.42603691000000005,0.3790294342857143
R2088,0.34818435714285717,0.3387459017142857,0.2979271571428571,0.20263018000000002,0.15278106128571428
R2089,0.017541272142857143,0.004683154,0.0,0.0,0.0
R209,4.122362157142857,4.025750057142857,3.853601457142857,3.898317028571429,3.9242430857142856
R2090,0.5176920771428571,0.5762017057142856,0.5812931571428572,0.5335979457142858,0.4868490785714285
R2094,0.45497650142857143,0.4791920485714286,0.4502650942857143,0.36956791285714286,0.32349276371428576
R2095,0.20867014714285712,0.19566078,0.17397850857142855,0.09108236871428572,0.04409073142857143
R2096,0.2778566471428571,0.26774262428571427,0.222966992,0.14695269828571428,0.11486784857142858
R2097,0.25715657457142854,0.27909054057142857,0.26581544714285715,0.20852880857142855,0.17887565
R2099,1.0535818285714285,0.9069531628571428,0.8442833442857143,0.7412559185714286,0.7301025857142857
R21,1.0633943342857142,0.9796481985714285,0.9291287571428571,0.8112471771428572,0.7715637557142857
R210,3.539735885714286,3.4522711999999998,3.342524528571428,3.4115129285714283,3.381163485714285
R2101,1.4890710714285713,1.3357657142857142,1.2634398,1.1684880857142856,1.1523828285714288
R2102,2.3608593285714288,2.322635057142857,2.337333414285714,2.296210428571429,2.3169776428571427
R2103,1.012205042857143,0.9009085814285713,0.8636639471428572,0.7335666300000001,0.7538897371428571
R2105,0.8667823771428571,0.7726006014285716,0.7407074257142856,0.6371547214285714,0.6315862657142857
R2106,0.21596199085714282,0.16903158785714287,0.18131119142857144,0.09505963357142858,0.12994409314285713
R2109,1.3043693142857147,1.242426614285714,1.204527092857143,1.1128066485714287,1.1190742285714286
R211,4.1867066714285714,4.102217928571428,3.998775828571429,3.9948897857142858,4.018854057142857
R2110,2.7274371714285714,2.672679757142857,2.7323019285714287,2.725402942857143,2.7595573285714283
R2111,1.3301354285714289,1.3865561857142856,1.4459303000000001,1.382084842857143,1.4063370999999998
R2113,0.8700600942857142,0.7923400871428573,0.7890428157142857,0.6939191057142856,0.7112690714285714
R2114,1.7047645285714288,1.650079914285714,1.643006357142857,1.5904569142857141,1.636240642857143
R2117,2.383876157142857,2.3350330285714285,2.347585414285714,2.282898,2.301904657142857
R2119,2.0048208714285716,1.881641957142857,1.8607126714285716,1.766659442857143,1.773582485714286
R212,3.9734740714285715,3.9391620571428576,3.8829377714285718,3.888542014285714,3.89604
R2120,2.0059618857142856,1.9493287285714287,1.9488979714285717,1.9042403714285714,1.8989547714285717
R2121,1.8477323571428574,1.8041839571428573,1.7661646285714288,1.6416708714285715,1.6414952285714288
R2122,0.9960285285714285,0.9993012985714286,1.0171720685714285,0.9505395357142857,0.9991732114285714
R2123,0.21361701785714288,0.11766767372857143,0.10133140571428571,0.05590000357142857,0.07334932142857142
R2125,1.9208809428571432,1.8889334285714285,1.9462833142857139,1.956608657142857,2.0051439857142856
R2126,2.3123727285714284,2.245284028571429,2.2555863142857144,2.2001264857142857,2.216566657142857
R2127,2.1760308571428575,2.071816514285714,2.048035742857143,1.9516791285714283,1.9254193714285717
R213,1.3854565428571426,1.3755422285714285,1.3403466714285714,1.2882961857142858,1.3197413
R2130,2.181848342857143,2.1545439428571425,2.216463885714286,2.2300989857142857,2.280242471428571
R2131,1.0418301142857143,1.007119342857143,1.0383113714285714,0.9807502128571428,1.0148367714285713
R2133,0.8884565785714285,0.7732151328571428,0.7302397228571429,0.6390565342857143,0.6438386028571428
R2134,1.3087043714285713,1.2774025285714286,1.3164122142857142,1.2306316142857143,1.2752047999999998
R2135,1.7538918571428572,1.7135760714285715,1.725882757142857,1.6871072857142857,1.704828085714286
R2138,0.54435813,0.5725845242857143,0.6478733657142858,0.5833308614285714,0.6280065585714285
R2139,1.016390457142857,1.042023024285714,1.1246584857142856,1.0738317842857141,1.1495301571428571
R214,4.922207771428572,4.933240071428571,4.851805885714286,4.8969483,4.882442500000001
R2141,0.5407853985714286,0.5034618285714286,0.5039628471428571,0.3725715057142857,0.3828917714285714
R2144,2.189321871428571,2.1095930571428574,2.069649614285714,1.9792727142857143,2.0138376714285715
R2149,1.11425278,1.0639550342857143,1.04024311,0.9641423985714287,1.0027206442857144
R215,3.6118102714285714,3.5693102285714287,3.430849142857143,3.473327714285714,3.515694914285714
R2154,0.6861404614285714,0.6567105428571428,0.6476848228571427,0.52442444,0.53566037
R2155,1.734415885714286,1.7778492571428575,1.8025132999999998,1.7027628142857143,1.6851962285714286
R2156,0.6944859,0.6390579571428571,0.5941269957142856,0.45909151000000004,0.45472027142857147
R2157,0.9589831085714285,0.9384321328571428,0.9739833942857142,0.8975209771428573,0.9277581157142857
R216,3.0014144714285718,2.9900368285714287,3.012344942857143,2.9638663142857147,2.939444185714286
R2162,1.7806966285714287,1.6721186857142858,1.6364492285714285,1.5406708714285713,1.5198880285714285
R2166,1.0349690428571428,1.0008858528571427,1.0170471571428572,0.9842230057142857,1.0195941114285716
R2167,3.5389176,3.486207228571429,3.5477501714285715,3.559438957142857,3.5624368428571427
R2168,2.3208661428571427,2.260627657142857,2.286588942857143,2.2610155142857145,2.2744714
R217,3.2666709999999997,3.200352714285714,3.2265016714285712,3.1703756428571426,3.1871301
R2172,2.098887357142857,2.013611057142857,2.0239765142857142,1.9681479428571425,1.9760180714285716
R2173,1.3038040142857141,1.1450097428571429,1.0691937714285713,0.961169122857143,0.9331763142857142
R2174,2.3350157,2.224392114285714,2.165318585714286,2.071078071428572,2.088250542857143
R2175,3.784638642857143,3.6615831,3.590150571428571,3.6244854999999996,3.553680585714286
R2176,0.4751934157142857,0.33584303428571427,0.2699751514285714,0.3039120985714286,0.34720695085714287
R2177,1.9614941714285714,1.7400838285714286,1.5898086571428571,1.5751682571428571,1.551841042857143
R2178,0.5270536085714286,0.4720792057142857,0.4432656228571428,0.5279222142857142,0.5797831442857143
R2179,0.8812446157142857,0.8332420857142857,0.8363532342857142,0.9322616857142857,0.9720662457142856
R218,3.1614440428571435,3.2132733999999994,3.240553928571429,3.2024216,3.1956531714285714
R2180,1.8283094428571427,1.6063582714285716,1.4726185714285713,1.4605475428571428,1.4790242428571427
R2181,2.351571028571428,2.2637800142857145,2.199098314285714,2.241852371428571,2.261086157142857
R2182,2.4641884142857142,2.287151414285714,2.179221057142857,2.161921528571429,2.125417042857143
R2183,1.7842944571428572,1.6229802142857144,1.526183642857143,1.5581440714285715,1.572812371428571
R2184,1.1454016714285713,0.8859102757142858,0.7040393457142857,0.6863513185714286,0.7075388428571429
R2185,1.0939779142857142,1.0172783714285714,0.9706425442857143,1.0237105285714285,1.0403939142857141
R2186,3.5829721714285716,3.469301957142857,3.3725404142857136,3.373646885714286,3.3283090714285715
R2187,3.214858385714286,3.1466309000000003,3.100221,3.1265806285714284,3.085617442857143
R2188,2.1269701999999997,1.915349042857143,1.8174285857142858,1.8528105999999998,1.7997887714285714
R2189,3.8167938428571433,3.6034891428571427,3.4468094714285717,3.468644085714286,3.430063442857143
R219,1.7188685571428572,1.6911842714285714,1.7872798,1.7601250285714285,1.8466452857142859
R2190,1.0438116671428572,0.8037565914285715,0.6366991257142857,0.65620661,0.6646385699999999
R2191,1.8241977714285713,1.7326690142857142,1.6788204714285715,1.7538926,1.7703098857142854
R2192,3.797881771428571,3.6448844714285715,3.561135271428572,3.5860568999999995,3.586816614285714
R2193,3.9099348857142857,3.819882014285714,3.755002671428571,3.772517,3.743417285714286
R2194,1.3686033285714285,1.3002131285714285,1.2648560714285715,1.3339826142857143,1.413920242857143
R2195,0.5468041914285714,0.3412593285714286,0.260430182,0.2920468385714286,0.3268974342857143
R2196,0.91184215,0.66907142,0.5515407514285714,0.58058148,0.6100153057142857
R2197,2.945516257142857,2.918941471428571,2.8795164428571427,2.9119553571428574,2.8708408142857142
R2198,0.9828211142857143,0.7780528000000001,0.6608292071428572,0.6760029014285714,0.6581163385714286
R2199,1.2882386857142858,1.2421733857142858,1.1935372857142856,1.2532593857142857,1.2677756714285715
R220,2.8235689571428573,2.6880157000000002,2.7075752428571427,2.6357549,2.6366576285714283
R2200,1.0176269557142859,0.8482365842857142,0.7713638457142856,0.8099766714285713,0.8117219757142857
R2201,2.3071676571428568,2.2221424285714284,2.1712005142857143,2.2056027428571428,2.1938276142857145
R2202,2.1428709000000006,2.1348675571428575,2.1142762,2.1907492428571427,2.189478042857143
R2203,1.1074690999999999,0.9664628414285714,0.92841196,0.9689537714285714,0.9809839442857141
R2204,1.9651774428571431,1.8224002000000001,1.7429066714285715,1.7995388428571428,1.7419897142857141
R2205,0.7015999057142857,0.5259767542857143,0.44953178857142856,0.4798752585714286,0.46423217
R2206,0.9282281499999999,0.8083691000000001,0.7286538614285716,0.7751780171428572,0.7493695699999999
R2207,2.205565742857143,2.063758385714286,1.9393212999999998,1.9425917142857145,1.9275476
R2208,0.7042018857142857,0.5878499271428571,0.5538632328571429,0.6422615142857142,0.66652602
R2209,2.0154570142857144,1.9919828142857143,1.9792325999999998,2.0598674999999997,2.0689155
R221,1.9219969142857143,1.7934025857142857,1.802944457142857,1.719959457142857,1.6675802
R2210,1.2161978999999998,1.0849424428571428,1.0070094871428572,1.056197262857143,1.091136242857143
R2211,0.0,0.0,0.0,0.0,0.0
R2212,0.24717325757142855,0.25109075057142854,0.2043153552857143,0.1271821585714286,0.07990816657142859
R2213,0.30031029142857146,0.27221085285714286,0.2170855128571429,0.11009168628571428,0.05415792128571429
R2214,0.5039643857142858,0.48359045,0.4373210157142858,0.33710175857142854,0.28543021142857145
R2215,0.0,0.0,0.0,0.0,0.0
R2217,0.0,0.0,0.0,0.0,0.0
R2218,0.0,0.0,0.0,0.0,0.0
R222,2.4413165142857145,2.392509657142857,2.367335814285714,2.3237573142857144,2.315288285714286
R2220,0.44819751142857145,0.45179236000000006,0.4236850985714286,0.3479559185714286,0.2764349771428571
R2221,0.0018509967142857143,0.008191449285714286,0.011035187,0.0,0.0
R2222,0.3458258271428571,0.33053337857142856,0.2881142157142857,0.23437988714285715,0.20077534142857142
R2224,0.0,0.0,0.0,0.0,0.0
R2225,0.5502469185714285,0.5631240042857143,0.54178816,0.5013797414285713,0.46313634428571426
R2226,0.41950000857142855,0.3993515971428572,0.3693991228571429,0.2960429542857143,0.21956471142857145
R2227,0.10594279442857145,0.08265532771428571,0.059871128142857145,0.020357131857142857,0.013607655714285714
R2228,0.4223555314285714,0.41907772857142866,0.41513106714285714,0.3598157828571429,0.3118426285714286
R2229,0.008728810728571429,0.015933036857142858,0.009821636428571428,0.0,0.0
R223,2.5538263000000003,2.526429942857143,2.5244642714285717,2.4835321142857145,2.488708771428571
R2230,0.3281977885714285,0.26283001714285714,0.21404118214285714,0.13416368642857143,0.08974758057142855
R2231,0.0,0.0,0.0,0.0,0.0
R2232,0.0,0.0,0.0,0.0,0.0
R2233,0.8067292557142858,0.84356058,0.8298728885714286,0.7714894942857143,0.7317930642857142
R2234,0.70267162,0.7216442414285714,0.7033454528571428,0.62428051,0.57267341
R2235,0.5915692157142857,0.5952007642857142,0.5799759642857143,0.53201641,0.4942316942857143
R2236,0.25966412714285714,0.36607391428571423,0.40365820428571425,0.34849241999999997,0.2997177871428571
R2237,0.2380958657142857,0.20487458428571428,0.17144220142857144,0.08260452757142857,0.035950797
R2238,0.0,0.0,0.0,0.0,0.0
R2239,0.0,0.0,0.0,0.0,0.0
R224,1.9976268142857143,2.0091533428571426,2.1344578000000003,2.178992942857143,2.2570319857142853
R2240,0.0,0.0,0.0,0.0,0.0
R2241,0.0,0.0,0.0,0.0,0.0
R2242,0.6235169242857143,0.6383278485714285,0.6280755857142858,0.5523294314285715,0.5031618585714285
R2243,0.5097078785714285,0.5146225400000001,0.4781859871428571,0.4240626228571429,0.3683184314285714
R2244,0.016018629142857142,0.05656565942857143,0.07149186328571429,0.042320906857142855,0.024013119142857142
R2247,0.7502840228571429,0.8271007471428572,0.8363735428571429,0.7819070499999999,0.737991702857143
R225,1.3427549714285714,1.2481112857142855,1.2303116142857142,1.1447380857142857,1.1109019042857144
R2250,0.0,0.0,0.0,0.0,0.0
R2251,0.06542718357142858,0.10911137571428572,0.11238762285714286,0.07325150257142857,0.06402810942857143
R2252,0.41591179142857143,0.43722403,0.4342335485714286,0.36387069142857137,0.3269137457142857
R2253,0.6255564457142857,0.6856555457142858,0.6994119128571429,0.6542295814285716,0.6084770557142857
R2254,0.09383275728571427,0.1410770757142857,0.14564737142857145,0.10601123771428574,0.0772899987142857
R2257,0.023113795714285713,0.029003432428571427,0.015125087171428572,0.0011357409999999998,0.0
R2259,0.02245956714285714,0.03907518785714286,0.03847353,0.014171217142857143,0.011764509285714287
R226,2.387812942857143,2.3886474285714288,2.443972057142857,2.4177523142857145,2.400931614285714
R2260,0.0,0.0,0.0,0.0,0.0
R2263,0.075374756,0.028590849999999998,0.011130656571428572,0.0009532655714285714,0.0
R2265,0.0,0.0,0.0,0.0,0.0
R2266,0.0,0.0,0.00044213022857142855,0.0,0.0
R2267,0.11956778700000001,0.12511084742857143,0.10919608485714286,0.03633134747142858,0.028189233857142858
R2269,0.0,0.0,0.0,0.0,0.0
R227,2.454463057142857,2.2599706285714287,2.2464142857142857,2.1375438285714283,2.1620713571428576
R2270,0.05314427602857143,0.07533591157142856,0.066122533,0.019048503428571426,0.011121724285714285
R2271,0.7652727742857144,0.75251618,0.7395830185714285,0.6647171428571429,0.6016644728571429
R2272,0.6146827085714285,0.5668030885714286,0.5191030314285714,0.45715376999999996,0.4230338814285714
R2273,0.0,0.0012835434285714286,0.0,0.0,0.0
R2275,0.10664347228571429,0.09018044657142857,0.03891188771428571,0.0,0.0
R2278,0.6004174928571429,0.6560032828571429,0.6588766457142857,0.6466566714285714,0.6751446799999999
R2279,0.4604545128571429,0.5058050857142857,0.5024455442857143,0.4817128442857143,0.4976470157142857
R228,3.166989371428571,3.169941028571429,3.3049778,3.2844525000000004,3.3186598999999997
R2280,0.9326537100000001,0.9198488357142857,0.8872579328571428,0.8471294557142859,0.8674146085714286
R2281,0.25746215142857143,0.26068583714285715,0.25003279999999994,0.2359529042857143,0.26095346
R2282,0.12031441085714287,0.1230942532857143,0.09478705242857142,0.05725240664285714,0.06777210042857143
R2283,2.0939064142857142,2.080574871428572,2.0316832571428574,1.9740647571428573,1.9322515285714286
R2284,1.3979194571428573,1.385952742857143,1.3172979714285713,1.2612551285714286,1.2362284657142857
R2285,0.6610757128571428,0.5965693342857143,0.5151838142857142,0.4775778257142858,0.48981643999999996
R2286,2.223200014285714,2.227842485714286,2.1848674571428575,2.136236942857143,2.095841385714286
R2287,0.5266300085714286,0.5775006842857142,0.5981199142857143,0.6321090285714287,0.6718212685714285
R2288,0.5297598171428571,0.5101633714285715,0.4909966,0.5053522728571428,0.5485779871428572
R2289,0.33377083714285716,0.3709324771428571,0.3949471385714286,0.3834244885714285,0.43678971857142856
R229,2.992239285714285,2.9382655428571423,2.969943142857143,2.938152028571428,2.9416172428571428
R2290,0.0,0.0,0.0,0.0,0.0
R2291,1.5580798571428573,1.5769414428571427,1.516017057142857,1.5036533285714289,1.5212358857142856
R2292,0.1422640942857143,0.11099131542857142,0.061852225142857147,0.020533885142857145,0.04493096942857143
R2293,1.3613656857142857,1.2787600428571426,1.1704309,1.0517448857142857,0.96690512
R2294,1.3740348714285713,1.3256778571428571,1.222404657142857,1.1520360485714285,1.0941590428571428
R2295,1.20513119,1.2037166614285717,1.1532973285714285,1.1169878942857143,1.1042175714285716
R2296,1.1281126657142857,1.1326106671428573,1.0745443571428572,1.0614474,1.1048713857142858
R2297,0.38144717142857143,0.42004954571428577,0.43612873285714276,0.4383109885714286,0.47388459857142856
R2298,0.4235149128571428,0.3804180285714286,0.29786485999999995,0.24703574285714286,0.25565757285714286
R2299,0.6868752242857143,0.7152227885714285,0.6785623857142856,0.6625226485714286,0.65703653
R23,2.0688630142857143,1.9700135285714286,1.8790104428571432,1.7553053142857142,1.6572809857142856
R230,1.8694009714285713,1.808824914285714,1.8306801285714285,1.7670714285714286,1.8074804714285715
R2300,0.60903082,0.6115740714285715,0.5732907057142859,0.5585165228571428,0.5786768442857142
R2301,1.4409629285714287,1.4457761714285715,1.405459,1.3654583142857142,1.3627899857142858
R2302,0.72286488,0.7171123142857142,0.6624552542857142,0.6200246385714285,0.6202514485714286
R2303,0.5639765557142856,0.6056677928571429,0.61982222,0.6284249042857143,0.6313642285714286
R2304,0.0004830871428571429,0.0,0.00035595894285714286,0.0,0.0
R2305,1.8509483,1.9129570571428574,1.8697359999999998,1.8343057142857142,1.808745257142857
R2306,2.0011858142857144,2.063346357142857,2.0311654999999997,2.0124279,2.008396714285714
R2307,1.2328603999999999,1.2303082571428572,1.1869758714285716,1.1694956714285714,1.202444785714286
R2308,0.0,0.0,0.0,0.0,0.0
R2309,0.3590223485714285,0.37642585,0.3798694757142857,0.36210775428571423,0.38791990714285723
R231,3.512850485714286,3.4618445,3.5079572,3.499485771428571,3.5251797571428574
R2310,1.0524711000000002,1.0151843785714285,0.9210410600000001,0.8685890471428571,0.8495141557142859
R2311,1.1940307285714287,1.229367157142857,1.2130382,1.1896708999999999,1.1454067714285714
R2312,1.7051404142857138,1.6414891428571428,1.557751357142857,1.482966628571429,1.4436647285714286
R2313,1.2877303999999998,1.2863418142857141,1.2339455285714287,1.2053755857142856,1.2196194285714286
R2314,1.4049677571428572,1.3571805428571426,1.2537415571428572,1.206145957142857,1.1994715757142858
R2315,0.35147064714285714,0.3520993371428571,0.325516308,0.328961595,0.3517902571428571
R2316,0.09679325928571428,0.06770932757142857,0.027759790614285712,0.020716087900000003,0.026931524571428573
R2317,0.6277929614285714,0.6795227157142857,0.6963613014285714,0.697425317142857,0.6670925514285714
R2318,1.581267385714286,1.5338419999999997,1.4321997857142859,1.3673248571428573,1.3284633
R2319,1.368010328571429,1.3305875571428571,1.2288477142857144,1.1165400342857141,1.0432620357142859
R232,2.9125546285714283,2.8831592,2.9010099142857144,2.8454630571428576,2.843152371428571
R2320,0.959867722857143,0.9499388342857144,0.8915913342857144,0.8630554014285714,0.8698491528571429
R2321,1.5992855000000001,1.6337900428571428,1.6247823571428572,1.5639185857142857,1.527831757142857
R2322,1.5265341714285712,1.5049044285714286,1.4424921285714287,1.4010789571428575,1.4076852142857146
R2323,1.540546857142857,1.5188072857142854,1.4428563857142858,1.3757388428571429,1.3368469714285716
R2324,2.040111271428571,2.1023187714285716,2.059013642857143,2.0267562999999997,2.0110330142857142
R2325,0.602707437142857,0.5493083314285714,0.4441170385714286,0.39158133285714297,0.41653285142857144
R2326,1.01115828,1.0664483185714284,1.0565667857142857,1.0265348714285714,0.9902184142857143
R2327,0.0,0.0,0.0,0.0,0.0
R2328,0.5999743528571428,0.5861063014285713,0.5280718814285714,0.4740563942857143,0.42085753142857146
R2329,1.4193313857142857,1.4201134714285713,1.3574619285714284,1.3379930428571427,1.3172217142857146
R233,3.899500985714286,3.9442322571428567,4.079868742857143,4.0606645285714285,4.043168485714285
R2330,1.2626765285714288,1.2473443142857144,1.224545057142857,1.2001324571428573,1.196425257142857
R2331,2.1687192000000004,2.2132027142857145,2.172446342857143,2.1710380714285713,2.1406281857142857
R2332,1.9082475571428572,1.9002976714285713,1.8000611857142856,1.7391189857142855,1.7032272
R2333,0.14097530542857142,0.17872589,0.1953292907142857,0.17082218142857145,0.16892937714285713
R2334,0.6972224257142858,0.7345657485714285,0.7337769571428572,0.7516113985714287,0.7564443600000003
R2335,1.4935505857142857,1.4682317999999999,1.4271179285714286,1.3950088142857144,1.3677677000000001
R2336,1.3953089571428574,1.3715342857142858,1.3460356,1.3286711,1.3017250428571427
R2337,1.3043910857142857,1.3774005714285715,1.3432230142857142,1.3579655428571427,1.3565804142857143
R2338,1.204471642857143,1.233116257142857,1.2173866285714285,1.246217457142857,1.2558214142857143
R2339,1.3632400428571427,1.3432917714285715,1.2864281,1.2413411714285714,1.2257675999999997
R234,2.3296422142857147,2.3383570428571434,2.389032957142857,2.359847,2.3857913142857146
R2340,1.2856411571428572,1.3040813999999998,1.313355542857143,1.3399927714285715,1.3316861
R2341,1.3186859714285715,1.3749772428571425,1.3299611,1.2599052857142856,1.2335931428571427
R2342,1.3016091428571428,1.2732938714285713,1.2584554142857143,1.2262787857142856,1.1946700857142858
R2343,1.3294185285714286,1.3536623142857143,1.3262385,1.3208694142857145,1.3025439714285711
R2344,1.869175642857143,1.8299304285714284,1.7191620142857145,1.7115898142857144,1.7076977142857146
R2345,1.5171629285714283,1.5294036285714288,1.4709441857142858,1.448275557142857,1.4301786285714286
R2346,0.9384551114285714,0.9035151785714286,0.8876366214285715,0.8617592900000002,0.8529893600000001
R2347,0.8301908528571429,0.8963901571428572,0.9385502000000001,0.9405303114285715,0.9406330285714287
R2348,1.1510389857142858,1.129485342857143,1.0977245642857143,1.0803154999999998,1.0547413657142857
R2349,1.4449148857142855,1.4015299857142856,1.3125966285714286,1.2441562714285712,1.2369879285714285
R235,2.328427342857143,2.3375954,2.400933685714286,2.3829143571428566,2.3837333857142857
R2350,1.7032441857142857,1.6894513,1.6757731714285715,1.6714896285714285,1.6663378428571427
R2351,2.0160354714285713,2.0289764428571426,1.9754880857142856,1.9549567428571426,1.9152341285714285
R2352,1.5647731,1.578337457142857,1.5577578571428572,1.5664726285714288,1.5640625714285714
R2353,0.10321535124285716,0.052541157714285705,0.03602042785714286,0.028806487,0.029983894857142857
R2354,1.3152021857142857,1.295019757142857,1.2528772428571429,1.221296,1.2054802571428571
R2355,1.6676032714285716,1.6370295714285716,1.5425910857142857,1.539554957142857,1.5311056571428572
R2356,1.2302879857142857,1.2220100428571428,1.2017012285714286,1.1812498857142857,1.1829442428571428
R2357,1.4549467142857142,1.4432492000000001,1.4333267285714286,1.4272246857142856,1.4128359142857143
R2358,1.5849650142857141,1.5579933571428572,1.4964517714285712,1.4311896285714287,1.4167305714285714
R2359,2.0248965428571433,2.058243442857143,2.0131536142857143,2.002843642857143,1.9832063714285717
R236,1.9895675,1.9308737285714286,1.934609857142857,1.8624221857142857,1.8506680857142856
R2360,1.7583790285714282,1.716524457142857,1.6493382428571428,1.6127944428571426,1.5966100999999997
R2361,1.5812156857142858,1.5400382857142858,1.4563896857142855,1.3794921285714286,1.3662046142857143
R2362,1.4990554,1.4638629285714286,1.4393344714285716,1.4117904714285714,1.3952920428571431
R2363,2.2068024,2.209971071428572,2.162882685714286,2.1858888142857142,2.1568669142857146
R2364,1.3182049285714286,1.3039439714285714,1.2836912285714284,1.2730599571428571,1.2462364285714287
R2365,1.5482454428571428,1.5343967285714284,1.4905450285714286,1.4887650714285712,1.4663082571428572
R2366,1.3084222714285716,1.3280820714285715,1.3086977857142856,1.2786397142857144,1.2784844
R2367,1.5222968285714285,1.5153127857142858,1.508434157142857,1.4737532285714288,1.4441997142857141
R2368,1.7087999857142857,1.7483992714285712,1.6994366857142857,1.7082405142857142,1.7008809285714288
R2369,0.4492965,0.4811358428571429,0.4572869328571429,0.38963067857142863,0.3703884242857143
R237,2.359858057142857,2.4164676714285713,2.5369327428571427,2.5272247142857145,2.553356642857143
R2370,1.6301143857142857,1.6064833571428572,1.5695994714285713,1.545306457142857,1.5188933999999998
R2371,1.6667283714285712,1.6640664857142855,1.6321023714285716,1.5751910571428571,1.5373562571428572
R2372,1.2401770142857145,1.2633131142857141,1.2589986142857144,1.2755034285714284,1.2851771142857142
R2373,0.5297816428571428,0.5514209257142858,0.5657402057142856,0.5847879171428572,0.5833579214285713
R2374,1.9305612857142858,1.9243079142857142,1.8748117,1.8977639285714287,1.8625429571428571
R2375,1.743295185714286,1.7619697428571428,1.7178231285714287,1.7230054857142858,1.7082306
R2376,1.2026888428571427,1.2430341857142857,1.256904,1.2547592428571428,1.2472747571428573
R2377,0.12408398714285716,0.16430767842857144,0.15881874457142858,0.11314232885714286,0.09838279685714287
R2378,0.41621484857142865,0.49737040428571433,0.5259306814285714,0.5218312842857143,0.5161159071428572
R2379,2.4094737571428575,2.3814342857142856,2.320274642857143,2.3164034428571427,2.2825650142857143
R238,3.103721314285714,3.143478971428571,3.2296186571428573,3.2088868142857145,3.249623242857143
R2380,2.1478694714285713,2.1714737714285715,2.1374095,2.1581028142857144,2.1351325857142855
R2381,1.7847221571428569,1.8361949428571427,1.8132949857142857,1.8192853142857144,1.7944534714285714
R2382,1.6125483428571428,1.5908890714285715,1.5737849857142856,1.566208957142857,1.558025114285714
R2383,1.103707057142857,1.080751447142857,1.0621513571428571,1.0545178071428571,1.0395076028571428
R2384,1.3995836714285712,1.4137337142857143,1.3816406857142858,1.3828083,1.3645531857142856
R2385,1.3730529285714286,1.383749642857143,1.3805180714285714,1.4041591571428573,1.390989042857143
R2386,1.596217985714286,1.6177282571428573,1.5933125571428572,1.6056179714285717,1.5816654428571428
R2387,1.8458513428571428,1.8501331857142858,1.8190447714285713,1.816236557142857,1.7906385857142857
R2388,1.3706552,1.3675021571428572,1.3288688142857144,1.315988842857143,1.2896354285714284
R2389,1.5883847142857144,1.5708897857142856,1.5386508857142858,1.5146176857142855,1.4947517142857143
R239,3.225626585714285,3.145543728571429,3.129221057142857,3.064824714285714,3.043849385714285
R2390,2.0105152714285714,2.0417384285714286,2.0034025,1.9384639285714285,1.891077557142857
R2391,0.43500402857142856,0.4315442571428571,0.35397362000000004,0.25543047571428573,0.23024846714285713
R2392,1.2573232285714286,1.2230162142857144,1.1729510714285714,1.1724666428571429,1.179935442857143
R2393,1.2797653142857144,1.3464353571428571,1.3166862,1.257178142857143,1.223518
R2394,1.270516885714286,1.273918042857143,1.2546720571428571,1.2367421142857145,1.1949522285714285
R2396,0.0,0.0,0.0,0.0,0.0
R2398,1.4471114428571428,1.3980883,1.304816214285714,1.15747475,1.0438363
R24,1.2191885285714286,1.1295463714285714,1.0480296142857142,0.9077395071428571,0.8359937114285715
R240,2.889187785714286,2.823256057142857,2.8099267000000006,2.7869703142857145,2.794336271428571
R2400,1.3999112714285713,1.397371857142857,1.3050153285714288,1.1870304571428572,1.0782042142857144
R2404,1.2699425285714285,1.2314566,1.1424413485714286,1.0330437814285713,0.9450511999999999
R2409,1.2057041714285714,1.1975177857142858,1.1202383285714286,1.0220083814285714,0.9399006842857143
R241,3.124956428571429,3.104746685714286,3.0902078428571427,3.0358300285714286,3.029288042857143
R2411,0.0,0.0,0.0,0.0,0.0
R2412,1.3295480714285717,1.2765349571428573,1.1827511000000002,1.0348102014285714,0.9094190428571427
R2415,1.2518165428571426,1.2230562142857144,1.1406143142857141,1.009165922857143,0.922076857142857
R242,3.2188420285714288,3.1430135142857147,3.167417257142857,3.1313150999999997,3.186077742857143
R2424,1.2790727285714285,1.266716942857143,1.1840285285714285,1.0853420285714284,0.9956184242857143
R2425,1.4666926999999998,1.4131777285714286,1.3050356714285714,1.1472342500000001,1.0369966357142857
R2427,1.9221809428571428,1.9477238714285716,1.8869884142857143,1.7614356714285715,1.6917356571428572
R243,2.657787085714286,2.5790613428571434,2.628531671428571,2.596337642857143,2.665497185714286
R2432,0.0,0.0,0.0,0.0,0.0
R244,2.5472942571428576,2.516572228571428,2.5615106857142855,2.4703047714285717,2.4644782142857147
R2440,0.9351683228571428,0.8922020399999999,0.7967336742857143,0.69895158,0.6176135671428572
R2443,0.0,0.0,0.0,0.0,0.0
R2448,1.4424287571428571,1.3765251714285713,1.2754046142857143,1.1330225785714287,1.0135221571428572
R245,1.8917798857142856,1.7574014428571427,1.6911014857142859,1.6399646142857143,1.6377819857142857
R2452,0.3768857207142858,0.4359742257142857,0.4100151342857143,0.28794384028571424,0.2477659142857143
R2455,1.3759104428571427,1.387130857142857,1.307725985714286,1.1936862714285714,1.0889437371428572
R2458,1.0973090428571428,1.10374239,1.0114183814285713,0.8741154371428571,0.7993061685714286
R2459,1.3784466428571427,1.3433141714285715,1.264385242857143,1.1280567714285714,1.0107818571428573
R246,2.6174059857142855,2.5944889714285715,2.6200904714285715,2.5956186000000003,2.593195257142857
R2466,1.3735755285714286,1.3837452571428572,1.300342885714286,1.1831627857142857,1.0733462571428571
R2469,1.0251361142857143,0.9955871328571427,0.8874624642857142,0.7292779071428571,0.6786528157142858
R247,2.6017322,2.578561142857143,2.635843085714286,2.605307057142857,2.5954302571428576
R2471,1.3999593285714285,1.4003778285714288,1.3023896142857143,1.176922007142857,1.0680424
R2478,0.039089100571428566,0.09150220657142857,0.055344837214285715,0.018553580342857146,0.014332686128571429
R248,2.5274326857142855,2.5535241714285712,2.6135139714285716,2.6068255142857137,2.6106635000000002
R2480,1.3036047714285715,1.2691762428571427,1.1882163714285714,1.0891634857142858,1.0097212514285716
R2482,1.384650457142857,1.3381162285714285,1.2493696714285714,1.1082208785714287,0.9998548114285714
R2483,1.3443458285714287,1.307687785714286,1.2176356857142856,1.078336457142857,0.9852587328571428
R2484,1.1616493857142856,1.1326996714285715,1.0506209771428572,0.9493959471428571,0.8661586228571428
R2487,1.2296865857142856,1.1856613714285713,1.095260642857143,0.9548715799999999,0.8451068371428571
R249,2.9030350428571423,2.808178742857143,2.7925473571428574,2.750472857142857,2.796455328571429
R2490,1.8734528714285712,1.8731076285714288,1.8817902857142859,1.8370627142857143,1.8050051285714284
R2491,2.240558514285714,2.183438985714286,2.2561880999999997,2.2175581285714285,2.1991571142857143
R2492,0.5493801828571429,0.5277715257142856,0.5543545842857143,0.50516379,0.46607925285714286
R2493,1.6724814428571428,1.6755659428571428,1.7519602428571428,1.7281706285714287,1.7341669142857141
R2494,1.4407940000000001,1.448559,1.4852009428571427,1.478673742857143,1.5351584714285715
R2495,1.7591007285714284,1.6405788714285714,1.6500149428571427,1.594671557142857,1.6301656999999998
R2496,1.3368171285714288,1.3128637571428572,1.4213539714285712,1.4220462571428574,1.4200486142857145
R2497,1.5906851285714285,1.5761728285714285,1.6570211285714287,1.6748287857142858,1.6923307142857145
R2498,2.175509214285714,2.0844342,2.1379039857142854,2.112736514285714,2.1355666857142857
R2499,3.1585952999999996,3.1896523714285716,3.3200628428571433,3.366102271428571,3.348615485714286
R25,1.4400173142857144,1.5114672571428573,1.4903063857142855,1.3800133285714284,1.3185776999999999
R250,3.3010829428571427,3.2578833428571423,3.304122514285715,3.240645528571428,3.2423983714285716
R2500,1.1943933428571427,1.0613713571428571,1.0708588714285714,1.0382737371428572,1.0445928428571427
R2501,1.487524257142857,1.3730054714285713,1.351046285714286,1.335629742857143,1.3476388857142856
R2502,1.6669915285714285,1.6548230714285714,1.7395339285714289,1.7381400999999996,1.7262300714285714
R2503,2.3429320714285713,2.3160713428571427,2.3437134285714287,2.325786942857143,2.2904518571428567
R2504,2.2395908428571425,2.186797214285714,2.2569228000000003,2.2394867571428567,2.215834414285714
R2505,2.5912843142857147,2.5247558999999997,2.5718361714285716,2.5699579,2.5473585714285716
R2506,1.9464987571428571,1.8449854285714287,1.8917610428571427,1.8527823714285714,1.8643500714285712
R2507,1.825844557142857,1.8080550142857146,1.8127677857142857,1.7835398857142857,1.7698093428571429
R2508,0.6208243514285715,0.5529769442857143,0.51983134,0.43318595142857147,0.4515639914285714
R2509,0.9730457271428571,0.9603573442857144,1.0328562485714285,1.0450093571428571,1.0905500057142856
R251,2.5705078142857145,2.5994872857142854,2.627917242857143,2.598074842857143,2.584498957142857
R2510,1.5140497428571429,1.5193375428571427,1.5628778714285716,1.5269900714285713,1.4705429999999997
R2511,1.0855167128571428,1.0622146214285715,1.1245957642857143,1.0967797,1.1084637885714286
R2512,2.5947153857142857,2.5627081714285715,2.621419528571429,2.637525057142857,2.680070528571428
R2513,1.951558757142857,1.9280591,2.0279818714285716,2.043099957142857,2.0206606285714286
R2514,1.8782265999999999,1.8555753857142858,1.8714755571428572,1.8587300857142854,1.8696403714285714
R2515,1.9725440142857142,1.969501971428571,2.045626042857143,2.0680551,2.0768673000000004
R2516,2.3089763714285714,2.247316457142857,2.275940342857143,2.261676142857143,2.2550377142857143
R2517,2.9317820142857145,2.865101914285714,2.896397471428571,2.8717444999999997,2.8698409857142857
R2518,1.4006015857142857,1.4122168571428573,1.5018964714285714,1.503156057142857,1.5001849428571428
R2519,1.4166623571428574,1.3882219857142857,1.3943188428571427,1.3720838000000002,1.3910127000000003
R252,3.203958471428571,3.142788471428571,3.1776691428571433,3.1363909714285714,3.1436071
R2520,2.3825906285714282,2.3334432,2.3952158285714282,2.3715652285714284,2.3698060714285716
R2521,0.5887348142857142,0.49451491857142854,0.4655077371428571,0.40008959285714285,0.3900045885714286
R2522,2.565594871428572,2.5933818714285715,2.6961306142857144,2.715377957142857,2.7842229857142855
R2523,1.3349866000000001,1.2438905999999998,1.1899735285714286,1.0952238,1.1014708757142857
R2524,2.397254528571428,2.2994293285714287,2.3318465142857145,2.3014218142857144,2.336015271428572
R2525,0.082958971,0.06738489028571429,0.11482458414285715,0.08241128900000001,0.10369348471428572
R2526,1.079768842857143,0.9729005842857141,0.9292346328571428,0.8524649085714284,0.8161654
R2527,1.703876842857143,1.5661186142857144,1.5617624857142858,1.4863598142857144,1.512725942857143
R2528,1.2510803,1.2807198571428573,1.3147277857142858,1.3337279714285712,1.3898400142857141
R2529,2.2268955285714287,2.1060384285714284,2.133042242857143,2.0773266142857145,2.0742082285714285
R253,2.1591645,2.1625725714285715,2.2069694142857146,2.1525022857142857,2.154818185714286
R2530,1.5404069999999999,1.5313904285714286,1.5837666428571429,1.598911285714286,1.6430531428571429
R2531,1.875659728571429,1.8035058714285714,1.8069047857142857,1.7571914,1.739892742857143
R2532,2.3190345999999997,2.377955242857143,2.4153667,2.390639114285714,2.367010371428571
R2533,1.9907856857142856,1.9049317142857143,1.9125405857142859,1.8732734714285715,1.8980935142857143
R2534,1.6614254714285714,1.5546869857142855,1.5695076571428572,1.5334795,1.5290648285714286
R2535,0.9077353585714286,0.88870975,0.9882527142857143,1.0131031371428572,1.0516062428571429
R2536,1.8512772285714285,1.8101854999999998,1.8166968000000001,1.798736042857143,1.8038228142857142
R2537,1.5636106285714284,1.551417071428571,1.5787415142857146,1.5746915142857143,1.5992681
R2539,2.2937892714285715,2.310716714285714,2.3450910285714284,2.356804442857143,2.3504923571428575
R254,1.9844401285714284,1.981141214285714,1.9712790000000002,1.9326987142857146,1.9250850857142854
R2540,1.7505271,1.7783303000000001,1.8587597999999999,1.8889662,1.9835850142857143
R2541,1.8812944428571428,1.730913,1.7159557714285716,1.6682234142857144,1.6343602000000002
R2542,1.8014537142857143,1.7791702714285715,1.8364416142857143,1.8531556714285713,1.857371314285714
R2543,1.933345557142857,1.847729185714286,1.8701532428571428,1.8201602142857143,1.8516897428571428
R2544,2.083291885714286,2.0240342142857144,2.1007192285714287,2.1311034285714285,2.1456219142857145
R2545,3.1417131428571428,3.0917670999999998,3.1758173,3.2009110000000005,3.231506314285714
R2546,2.5660431285714287,2.5312212142857144,2.4881828857142856,2.4033746571428574,2.3577128285714286
R2547,2.5557094857142855,2.5273128285714286,2.6197982571428575,2.6726334571428576,2.729514657142857
R2548,2.352719214285714,2.2022735428571427,2.229329942857143,2.1675963428571428,2.1972329
R2549,1.9051288285714283,1.9399852142857141,1.9896496857142856,1.962553142857143,1.9586190714285716
R255,1.6556658285714287,1.5723263428571432,1.5823872285714287,1.5279411142857142,1.5544820857142856
R2551,2.521711057142857,2.543827985714286,2.6609358999999997,2.662049114285715,2.6766838571428573
R2552,2.063319642857143,1.9571691142857142,1.9943714142857143,1.9611323857142853,2.0040612285714285
R2553,2.0070460142857143,1.9145793285714288,1.9627649857142857,1.944249857142857,1.8916241285714288
R2554,2.1339469714285713,2.024879957142857,2.0050682285714285,1.9606602857142856,1.981665542857143
R2555,1.0408696857142858,1.0447128771428573,1.1678916857142858,1.1978557614285716,1.1906869914285714
R2556,1.3513748571428572,1.3696571000000002,1.4138515571428572,1.4470423285714287,1.4965568
R2557,2.508235414285714,2.498851928571429,2.6050835714285716,2.6691210857142855,2.7323251285714285
R2558,2.476399971428571,2.4057444,2.464369571428571,2.4842798428571427,2.479741514285714
R2559,2.7194491714285713,2.704964142857143,2.6948533142857145,2.660320671428571,2.6008079857142863
R256,2.6128978857142857,2.4460973142857143,2.4482799571428573,2.3579422285714284,2.368542728571429
R2560,2.400951871428571,2.4146149,2.5447400285714283,2.6536266571428575,2.6748192285714283
R2561,1.655310185714286,1.6504157428571429,1.6597818142857144,1.6395492285714286,1.6504580571428573
R2562,2.651097071428571,2.589755357142857,2.5722791857142857,2.5502332,2.4968183857142856
R2563,1.4392349857142859,1.4214623714285715,1.4099722714285716,1.3235432142857142,1.323650657142857
R2564,1.6866231999999999,1.6028684,1.6274277000000001,1.5966132428571427,1.5998939714285716
R2565,1.1658861285714288,1.0033019114285715,0.9479767357142858,0.8648819171428571,0.8849018800000001
R2566,1.950396985714286,1.8324314714285712,1.8369167285714287,1.7817518571428574,1.7987005285714284
R2567,2.295224328571429,2.2100505285714287,2.1911126285714286,2.1540027285714287,2.1851580142857143
R2568,1.1795644,1.1305005714285714,1.1655519857142858,1.1567023285714286,1.1393584428571428
R2569,0.6546890285714285,0.5552632914285713,0.5064849214285714,0.4263099614285714,0.4270922757142857
R257,0.9408952828571427,0.9115499642857142,0.9509814957142856,0.9441983714285714,0.98315089
R2570,2.0169709,1.9947671857142857,2.0043750714285715,1.9753133714285716,1.9264562571428574
R2571,2.2841748714285717,2.232330485714286,2.2992659285714283,2.2995792142857145,2.2867707285714287
R2572,1.8336380857142855,1.7912614714285715,1.9020539428571428,1.9360376,1.9383390714285713
R2573,0.18446603857142857,0.17280394485714284,0.2287550971428571,0.23134377857142857,0.30382357142857147
R2574,2.598857028571428,2.640148057142857,2.761032971428572,2.7984505285714287,2.854508457142857
R2575,1.9172721571428573,1.7412088285714287,1.7269667714285715,1.6803623000000003,1.6440772
R2576,1.16537993,1.059570494285714,1.074195405714286,1.0303136228571428,1.0324240414285715
R2577,1.9490377857142858,2.0090121142857145,2.1414780714285713,2.188069,2.208618385714286
R2578,1.4703768142857143,1.351830342857143,1.369687257142857,1.3135507142857141,1.3222315428571427
R2579,2.591224557142857,2.652273214285714,2.7473792142857145,2.7654304857142855,2.8384570857142855
R258,1.4128343714285716,1.4088334142857144,1.5463853142857142,1.5806147142857143,1.6652167999999998
R2581,1.7604139142857143,1.658399642857143,1.6062166571428573,1.5480128142857144,1.5242066857142855
R2582,1.2092517142857144,1.1517638285714287,1.1675872928571427,1.1492949,1.1452782285714285
R2583,2.274908514285714,2.213372542857143,2.2525988571428566,2.2295947714285718,2.2329281857142855
R2584,2.4142425999999992,2.3071971428571425,2.318451971428572,2.245192728571429,2.2549777000000004
R2585,1.9141422428571429,1.9277904285714287,2.030090228571429,2.0505469,2.1248924857142857
R2586,1.9256294142857142,1.8928832571428573,1.9015162571428572,1.8876768857142856,1.8802709285714287
R2587,2.392987114285714,2.2890518285714285,2.273658642857143,2.254927814285714,2.3056158714285715
R2588,2.100749971428571,2.0681486857142852,2.091966985714286,2.0736037,2.0867668285714283
R2589,0.31050399142857144,0.31188888285714284,0.3496283942857143,0.33916931285714286,0.3534843614285714
R259,3.6316202857142854,3.6327931285714286,3.6956198428571425,3.6598240428571427,3.6517444428571433
R2590,0.7673579157142856,0.73479053,0.7746112700000001,0.77020122,0.8099017
R2591,0.5820856828571429,0.49848565,0.44789699142857137,0.37899227285714293,0.3658451057142858
R2592,3.456544142857143,3.449392457142857,3.575138914285714,3.605914071428572,3.642633828571429
R2593,1.6446749714285716,1.5318074142857143,1.4798921142857144,1.4135666714285713,1.4453832285714285
R2594,1.2680497714285714,1.2034331857142857,1.2366187714285712,1.2200533999999998,1.2317958
R2595,2.9448013285714287,2.8428153000000003,2.842070628571428,2.800034828571429,2.8079300714285713
R2596,1.07868651,1.0023776357142855,0.9604460842857142,0.8848094257142858,0.8497044471428571
R2597,2.117823342857143,2.0905761000000003,2.1880475428571424,2.1923293285714283,2.1589663285714287
R2598,2.0440105428571433,1.9926954285714282,1.9780682142857142,1.9374017428571426,1.907416514285714
R2599,2.4614784428571426,2.3511546428571433,2.3634013714285715,2.3086441,2.3215068285714286
R26,1.8349038428571427,1.7126716999999998,1.608386085714286,1.4678494571428573,1.3990494428571427
R260,2.815045285714285,2.8552704142857146,2.8828165714285716,2.8513703428571424,2.827589171428571
R2600,1.710192942857143,1.6514735285714288,1.6259979714285715,1.590241214285714,1.5725572285714287
R2601,0.7985737342857143,0.7275142114285715,0.7105721285714285,0.6472588528571429,0.6214655185714285
R2602,1.3080164,1.3120145285714284,1.3704614285714285,1.3688488142857143,1.352229814285714
R2603,0.9388573714285714,0.8830466971428572,0.9248097614285715,0.9328055971428572,1.0192352757142855
R2604,2.5791002714285716,2.6048658714285713,2.7288783714285714,2.8021859857142855,2.8560593285714284
R2605,1.793619942857143,1.7313643428571428,1.7057188142857143,1.6460821428571428,1.606458614285714
R2606,2.977555785714285,2.976411614285714,3.037566057142857,3.0511389,3.0779709571428566
R2607,1.3727623142857142,1.3389206571428574,1.3613512142857143,1.3499547142857142,1.3687357142857144
R2608,1.4338009571428572,1.4518541,1.4623536857142856,1.4763102142857143,1.508749957142857
R2609,1.2015566857142859,1.166008857142857,1.1965762857142859,1.171385814285714,1.1762327714285716
R261,3.0176087428571425,2.9449039285714287,2.9730283428571425,2.957946842857143,2.9651289428571426
R2611,1.2979629285714285,1.1620300357142859,1.181516434285714,1.2065665714285714,1.2347274085714286
R2612,0.1483475977142857,0.15842821085714287,0.19926719957142858,0.1901120985714286,0.23847656428571426
R2613,2.064941685714286,2.0935497,2.2309987571428573,2.2671623999999997,2.2708848
R2614,1.2259688571428573,1.2460967,1.3582515857142856,1.3847581714285713,1.374193357142857
R2615,1.9073329714285714,1.8456240714285712,1.8135648857142854,1.7645101857142858,1.7352145571428572
R2616,1.8861991857142857,1.8677271714285715,1.8944451285714285,1.8762012428571426,1.920660185714286
R2617,1.806085685714286,1.7865515285714288,1.8830005285714286,1.875806057142857,1.8801101571428573
R2618,1.199736957142857,1.1531431285714286,1.1323401,1.073841707142857,1.0332598957142856
R2619,2.583163885714286,2.581658428571429,2.6830694999999998,2.6830686285714287,2.6856863857142854
R262,2.7826591,2.7945944714285713,2.9024711571428568,2.918889528571429,2.9733141857142855
R2620,1.4967656857142855,1.385363057142857,1.439951214285714,1.4344196,1.4274939714285713
R2621,2.4806581285714286,2.501148142857143,2.584161114285714,2.6136814428571427,2.6929703428571434
R2622,2.5647004142857144,2.5353923571428574,2.604465528571428,2.602592828571429,2.5912580285714286
R2623,2.0318883999999997,1.9718905000000002,2.028303242857143,2.0382115714285716,2.0372120000000002
R2624,1.7486144000000003,1.683331757142857,1.6870196142857143,1.6396242285714284,1.6868484999999998
R2625,2.031935471428571,2.038775614285714,2.1454401142857145,2.195548442857143,2.2029246000000002
R2626,1.8481483,1.8084397714285712,1.8859233142857144,1.886556285714286,1.8754507999999999
R2627,2.153750914285714,2.1517681714285715,2.231478642857143,2.2514862714285715,2.3259391
R2628,1.616245785714286,1.5550546714285713,1.5270060285714286,1.4570524142857142,1.4628252857142858
R2629,3.2741770285714287,3.2248539428571426,3.2789004285714287,3.2687593142857145,3.340497371428572
R263,2.5260123285714284,2.437252242857143,2.4039745285714287,2.352814528571429,2.3914086142857145
R2630,2.0791779285714282,2.0655881857142857,2.1081057428571426,2.1044146285714285,2.095342414285714
R2631,2.2890537,2.268604414285714,2.3576907142857144,2.373456585714286,2.3607978714285713
R2632,0.8551243885714285,0.738163347142857,0.7571462071428572,0.7283592914285714,0.7379140971428573
R2633,2.4381348428571425,2.349364071428571,2.357192942857143,2.3401978285714287,2.3175439714285715
R2634,2.0137907857142854,1.9226482714285713,1.8769694,1.8283898285714286,1.7802690571428574
R2635,0.2344441257142857,0.20601156571428575,0.2492947142857143,0.22341811714285714,0.23243830857142858
R2636,1.8333670999999998,1.8621459428571427,1.8929503857142858,1.8895394,1.8429200571428572
R2637,2.2738541999999997,2.175170442857143,2.118544085714286,2.0379370714285714,2.0359295285714287
R2638,1.1934033714285714,1.1821033857142855,1.2870737142857145,1.312223942857143,1.3385853714285714
R2639,2.611518042857143,2.532608457142857,2.5618072714285716,2.538537542857143,2.508600442857143
R264,2.354713514285714,2.3967140428571425,2.4043999,2.4101278,2.4026053000000003
R2640,1.5372430000000001,1.4113888857142858,1.4304149714285717,1.4271825428571427,1.4110431
R2641,2.7017916142857143,2.5894905142857145,2.5847215857142856,2.530689157142857,2.5418503142857145
R2642,0.9433982785714286,0.7547726114285714,0.7388942185714286,0.718640192857143,0.7382258985714286
R2643,2.085014757142857,2.0120430857142857,2.0255113,1.9881936,1.9659411428571427
R2644,2.239705428571429,2.1942714857142858,2.1832624428571425,2.146576571428571,2.105452242857143
R2645,1.2826556285714286,1.278644257142857,1.3928448,1.4231273000000002,1.4411290857142858
R2646,0.9257062028571428,0.8520533257142857,0.8607530142857142,0.8202681071428571,0.8163439114285714
R2647,0.9173924099999999,0.8729981385714286,0.8566182142857144,0.8096245371428571,0.8031821714285714
R2648,1.1248170042857142,1.1275636,1.2431617428571429,1.2984640571428572,1.3529117714285717
R2649,2.415301457142857,2.4264934000000005,2.517649642857143,2.5512577142857142,2.575587157142857
R265,1.6115234428571428,1.4674386857142856,1.4122363857142857,1.3259215285714288,1.3655928428571429
R2650,1.4274643285714286,1.399205142857143,1.4638268857142858,1.4562120142857145,1.481140742857143
R2651,1.3929125428571427,1.3348422057142855,1.4137527571428572,1.4817210428571428,1.4820152142857144
R2652,2.1629497,2.142310385714286,2.2321127857142855,2.2124629285714286,2.1865833428571433
R2653,1.5435520142857142,1.5087544428571429,1.5275632428571428,1.5063350285714285,1.4902564
R2654,2.655977457142857,2.617733114285714,2.6773350857142857,2.6814896999999998,2.7395767285714285
R2655,2.0553752000000003,2.010627285714286,2.0328733999999997,2.019020257142857,1.9973323857142855
R2656,2.0103454,1.9941026714285717,2.0343889285714285,2.0302954,2.0290920714285714
R2657,1.2949006571428572,1.2404979285714286,1.2904021571428572,1.2672793,1.3071278714285712
R2658,1.482118957142857,1.497549257142857,1.5533710285714286,1.5452391,1.584215685714286
R2659,1.0656646571428572,0.999491547142857,1.0097996942857144,0.9804205671428571,0.9660689514285714
R266,3.263646814285714,3.2036712428571428,3.2599984571428573,3.243608314285715,3.2345813857142858
R2660,3.4272415571428567,3.4045449000000003,3.450364114285714,3.4635984428571427,3.5583061857142857
R2661,0.8031222528571428,0.7365611757142857,0.7133458557142857,0.6307567028571429,0.6395140971428572
R2662,1.1820180485714287,1.007142522857143,0.9303115214285714,0.8318239900000001,0.8671836728571428
R2663,0.04174797814285714,0.0077235951428571425,0.0008559141857142858,0.0,0.0
R2664,2.214812257142857,2.1633722285714287,2.1365709714285717,2.0814120857142857,2.0108316
R2666,1.005372282857143,0.871705162857143,0.8416013985714285,0.7887139314285714,0.7936064042857144
R2667,1.4746474857142857,1.4099009142857142,1.4776584714285714,1.4599572,1.429214842857143
R2668,1.4639605857142857,1.3648424000000003,1.3131296285714285,1.2499994,1.2763498
R2669,2.0309495714285712,1.8598822285714287,1.859445942857143,1.7755075,1.7910389285714285
R267,2.4937636000000003,2.506585128571429,2.590230271428571,2.5654813142857145,2.5788876285714286
R2670,0.0019939457142857143,0.0,0.002440520757142857,0.0,0.01583961057142857
R2671,1.5650974142857144,1.5156624857142857,1.4940402857142856,1.450994,1.4575001285714286
R2672,0.40892958,0.3015910314285714,0.24971231571428573,0.18914353657142854,0.1767816514285714
R2673,1.9839372714285715,1.9599347999999999,1.9391732428571429,1.9076047,1.8871770714285714
R2674,2.283071814285714,2.119847985714286,2.133803471428571,2.055569928571429,2.0782402142857146
R2675,2.189867128571428,2.1995803142857144,2.279247,2.303878442857143,2.362271085714286
R2676,0.8504607542857141,0.8727768585714285,0.9536180071428573,0.9728325714285715,0.9976972485714287
R2677,2.6589214857142855,2.5551999714285714,2.5543883142857142,2.5197456857142853,2.5531433714285714
R2678,1.557812342857143,1.485031042857143,1.5639907857142856,1.5912979142857142,1.6043352857142856
R2679,1.4667132714285713,1.3940671714285717,1.3533310714285716,1.2618068428571427,1.234711942857143
R268,1.3784873142857141,1.3327257,1.336780542857143,1.2977927,1.3340195142857143
R2680,2.0314555857142857,2.0177001999999997,2.1142505999999996,2.1439238714285715,2.2049799857142856
R2681,1.9317356,1.8519603571428571,1.9143225428571427,1.9039468857142856,1.8941524285714286
R2682,2.2029410571428576,2.1319683857142855,2.1977094714285714,2.185733657142857,2.146715742857143
R2684,1.3783656142857144,1.3447563285714286,1.4734108571428572,1.5249333714285718,1.5486261142857143
R2685,1.7021401285714288,1.7022753714285714,1.7804339857142857,1.7657763285714285,1.7536615142857142
R2686,2.007027285714286,1.8624728285714285,1.8132169285714286,1.7328615428571432,1.7348215571428571
R2687,1.4946422428571429,1.4151079,1.3883978714285716,1.3498457714285712,1.3082833714285715
R2688,1.4782543714285712,1.480692942857143,1.501020085714286,1.4426647285714285,1.3963032428571434
R2689,1.208664242857143,1.2026150142857142,1.2294091857142855,1.2240552285714286,1.2522339285714286
R269,3.7736632285714284,3.7847460142857137,3.9095289285714285,3.908170585714285,3.9627264428571425
R2690,1.0842389142857143,1.0633723714285714,1.058921,1.0187958657142857,1.0022230385714288
R2693,0.5169120771428571,0.4899539142857142,0.5151609128571428,0.5196322214285715,0.5289347128571429
R2694,1.7883103285714286,1.7955429857142857,1.880699157142857,1.8733009714285715,1.8691214428571428
R2695,1.3374977142857143,1.168152957142857,1.1006738285714284,1.028568842857143,0.9774938714285716
R2696,1.7162466285714284,1.6746756857142857,1.7041507999999996,1.7066042428571429,1.7207246428571428
R2697,1.6395407142857141,1.6267008,1.7168903285714285,1.7263401285714284,1.7627489142857142
R2698,1.7537962428571432,1.6790938285714283,1.6627943714285713,1.632452142857143,1.6241043142857143
R2699,0.0,0.0,0.0,0.0,0.0
R27,1.108427962857143,1.0035449285714286,0.91601411,0.8018330342857143,0.7499185985714286
R270,3.2046002142857146,3.1816427857142857,3.1813637571428575,3.120802142857143,3.102353814285714
R2700,2.4810069142857145,2.3568296285714285,2.3373855285714287,2.318834,2.3386148714285717
R2701,1.7079356428571428,1.6705939857142857,1.6560323571428572,1.5943383285714285,1.5740496142857143
R2702,1.7120423714285715,1.7441682285714284,1.7894409571428571,1.7739935571428571,1.757907457142857
R2703,1.3226041714285715,1.3470228,1.4891594857142858,1.5407399142857143,1.5304849428571428
R2704,1.767105542857143,1.723817757142857,1.7323136857142856,1.714340757142857,1.7211641428571427
R2705,1.1652897714285715,1.1222813,1.1691163285714286,1.1789696857142857,1.2553197857142855
R2706,2.0026288285714284,2.012121957142857,2.1067887857142855,2.1310281142857144,2.1928244571428572
R2707,1.9661161714285715,1.9256555,1.975590857142857,1.9458426857142859,1.9308017142857141
R2708,2.7859704,2.7062932714285712,2.768472885714286,2.781029128571429,2.831965057142857
R2709,2.544806057142857,2.506418385714286,2.4655012285714286,2.3948983142857148,2.3695531142857145
R271,2.6890378999999998,2.543806214285714,2.5462089285714287,2.4545563,2.4819746857142855
R2710,1.7075969714285715,1.7026798285714289,1.746876242857143,1.7519609142857144,1.790578557142857
R2711,1.434434442857143,1.3633115285714286,1.3953821142857143,1.3980917428571427,1.3883151285714284
R2712,3.121755271428572,3.066848971428572,3.1255802428571426,3.119866571428571,3.1188850857142856
R2713,1.8629737857142856,1.8192018571428572,1.839198157142857,1.8315700571428573,1.8503141142857142
R2714,1.0282848857142857,0.9295389542857143,0.8701907342857144,0.7784237957142857,0.7798944857142857
R2715,1.6052009285714284,1.5229653428571428,1.4925638142857143,1.4311865714285716,1.4233820285714285
R2716,2.680915442857143,2.640613871428571,2.6786514,2.669862042857143,2.642276485714286
R2717,0.5584482857142856,0.4857938342857143,0.47117813428571426,0.4286637785714286,0.4113832757142856
R2718,0.1697712457142857,0.12069493428571429,0.1272920957142857,0.09485827071428572,0.08443531014285714
R2719,0.9405844842857142,0.8894675757142858,0.8725318185714286,0.8231147800000002,0.820645942857143
R272,0.7915826885714284,0.7667787842857141,0.8479804214285714,0.8302558957142857,0.9391618857142856
R2720,2.3675471285714282,2.3427431428571426,2.40341,2.415216257142857,2.4682140428571424
R2721,2.353435,2.257664371428571,2.314691214285714,2.3252280428571432,2.3118736857142856
R2722,2.5840399714285716,2.5820300714285715,2.6657543285714285,2.700645014285714,2.694388028571429
R2723,1.6390118714285715,1.6379698999999999,1.6628086999999998,1.5979566714285716,1.5768679857142855
R2724,0.9032409757142857,0.7569607500000001,0.74362267,0.6833749814285713,0.6714649685714286
R2725,1.1121854357142857,1.06984617,1.09445196,1.0907708328571428,1.0825689757142858
R2726,1.4440983857142857,1.3388197285714285,1.3201960285714287,1.2895089,1.2692672285714284
R2727,2.3823132142857135,2.456537357142857,2.6194384142857143,2.688939157142857,2.7275324142857142
R2728,0.6755444371428572,0.5728890657142857,0.5995207857142856,0.5984460928571428,0.6046063257142856
R2729,1.5106236857142858,1.5181262428571427,1.6447779714285713,1.6825464285714287,1.6761076285714283
R273,1.868068228571429,1.7289206857142856,1.7256152,1.6754305857142857,1.695989257142857
R2730,1.3872266285714285,1.2998727571428572,1.3256907571428571,1.291398257142857,1.3158531428571425
R2731,2.9247347285714285,2.921910957142857,2.982988014285714,2.9699961714285714,2.978080142857143
R2732,2.2140117428571426,2.1632013714285714,2.166334657142857,2.1420153999999996,2.174325057142857
R2733,2.0281147571428573,1.9735391714285715,2.0017927,1.9890487142857143,1.9947560857142856
R2734,2.6209597285714286,2.6472603857142856,2.766766742857143,2.7675817142857144,2.7484421571428572
R2735,2.5525779714285712,2.5207290857142857,2.558553242857143,2.5523693,2.522454042857143
R2736,2.1325866571428573,2.0482200285714285,2.0899393285714285,2.0750995000000003,2.099890285714286
R2737,2.068470385714286,1.962845285714286,2.018143814285714,1.9901676428571429,1.9638031
R2739,1.0107773357142857,0.8992843071428572,0.8466469985714286,0.764321572857143,0.7501915828571429
R274,3.3381782714285713,3.2641374285714284,3.2191560142857143,3.170188557142857,3.147912857142857
R2740,2.0823191285714286,1.9435902142857144,1.9792180285714287,1.9365028142857141,1.908561142857143
R2741,1.8271033857142858,1.7290032285714287,1.7180517714285715,1.6513023714285713,1.6586067714285715
R2742,1.0545658657142858,1.0358979414285714,1.1160299285714286,1.1463187571428572,1.164316314285714
R2743,1.537178242857143,1.503599357142857,1.6056085571428569,1.6597639285714287,1.6860516142857143
R2744,4.667848457142857,4.704253214285714,4.7475692857142855,4.682234057142857,4.7310532571428565
R2745,3.927274157142857,3.838697928571429,3.7851413428571425,3.7782962428571425,3.7523438857142857
R2746,3.936986128571428,3.879954299999999,3.841239185714286,3.8296173857142857,3.7919212
R2747,1.2453072142857142,1.1798471714285714,1.2039692285714285,1.1968560857142856,1.2817636
R2748,2.8058800714285717,2.7932486428571432,2.8223707714285715,2.7733253285714285,2.7798425285714288
R2749,2.8979627000000003,2.904378942857143,2.921152914285714,2.9189597428571425,2.899184557142857
R275,3.043679214285714,3.0839501857142855,3.130880357142857,3.0898919571428567,3.087968
R2750,4.422526357142857,4.500887928571428,4.584008885714285,4.5483343142857136,4.5176363
R2751,1.6957068714285712,1.5668487714285715,1.5597817285714286,1.5028016857142856,1.5340352428571424
R2752,4.781208914285714,4.738089214285714,4.780541371428571,4.750990757142857,4.787909971428571
R2753,2.5463383714285714,2.595469071428571,2.7020148571428573,2.714893742857143,2.7640577428571427
R2754,4.503971957142857,4.475756342857143,4.508894442857143,4.416797528571428,4.455741057142856
R2755,2.8768795714285713,2.9026323285714284,2.9376915285714285,2.9009755142857143,2.927732128571429
R2756,1.3189166428571428,1.4356388428571432,1.6089428571428572,1.6813706,1.8025965285714283
R2757,1.6021926285714285,1.6603576714285715,1.7464820857142858,1.7673521142857143,1.8664013142857143
R2758,4.131327999999999,4.007284857142857,3.9278104714285718,3.8856665714285716,3.8538294285714287
R2759,4.289933842857143,4.264214957142857,4.3157421,4.2529507,4.307144257142857
R276,3.0723117,3.1139359857142854,3.1903745285714282,3.1759166142857143,3.2323345428571426
R2760,2.153002557142857,2.0773769,2.0273882,1.9722136142857143,1.9734945571428573
R2761,2.8783608000000003,2.832759714285714,2.8070915142857147,2.776153785714286,2.773120514285714
R2762,4.472215428571428,4.500489671428572,4.549504371428571,4.499658771428572,4.493619499999999
R2763,4.934604328571429,4.965192414285715,4.978688542857143,4.934846342857143,4.9308133142857145
R2764,4.9612191,4.9731932,4.993168028571428,4.952168371428572,4.955110871428571
R2765,2.9625321285714286,2.945189642857143,2.9690523285714283,2.959486742857142,3.00826
R2766,4.927803071428571,4.935001442857143,4.9281666571428575,4.893866857142856,4.873149842857143
R2767,4.889357914285713,4.857200242857142,4.871740699999999,4.797157771428572,4.7444467857142865
R2768,2.124915242857143,2.104483642857143,2.1020195999999998,2.0661578142857144,2.118295385714286
R2769,2.3021821571428576,2.2679017142857143,2.256223542857143,2.190345957142857,2.2135655285714284
R277,1.9093182428571427,1.9221179428571429,1.9557347,1.935725157142857,1.9263381285714285
R2770,2.472703842857143,2.3972904428571433,2.4059115285714285,2.353281085714286,2.448051885714286
R2771,3.7256432142857143,3.6898972000000003,3.694995414285714,3.6515300142857146,3.684886171428571
R2772,4.703419385714286,4.665792642857143,4.656257428571429,4.6251542714285705,4.5751102
R2773,0.8107164914285715,0.7623503485714286,0.76308092,0.7339803871428571,0.6884509799999999
R2774,0.0,0.0,0.0,0.0,0.0
R2775,0.6781174485714285,0.62804023,0.6244700257142857,0.6037830414285715,0.5793388128571431
R2776,0.8559444671428571,0.8072910014285714,0.7932485071428571,0.7577446814285713,0.7024320771428572
R2777,0.3474224957142857,0.41112549000000004,0.49610729142857135,0.53811197,0.5543229828571429
R2778,0.0033402614285714285,0.0,0.0,0.0,0.0
R2779,0.35103369142857144,0.3717715571428571,0.4038001285714286,0.3811273042857143,0.3674654628571429
R278,2.7356173142857143,2.7708342142857143,2.7876142285714285,2.751496257142857,2.7350651285714283
R2780,0.49707067,0.4719855657142857,0.4725074285714285,0.4387600114285714,0.41591782142857137
R2781,0.02041895014285714,0.0006386892857142858,0.009897811000000001,0.0056874411428571425,0.005094153571428571
R2782,0.0,0.0,0.0,0.0,0.0
R2783,0.3211943242857143,0.2890792228571429,0.2935034357142857,0.27978163142857143,0.25952302
R2784,0.32759383714285717,0.23485597714285714,0.2155471557142857,0.16351837857142856,0.12175284071428571
R2785,0.5860778585714286,0.5598099471428571,0.5119723928571428,0.4763971985714286,0.45997954428571425
R2786,0.7539386057142857,0.7284244971428572,0.7299534142857141,0.7096150842857144,0.6851325614285714
R2789,0.8397609857142856,0.8454098928571429,0.7638555757142858,0.6573244228571429,0.5775245785714287
R279,2.064535957142857,2.1077310285714286,2.1600285714285716,2.1837960714285716,2.183701314285714
R2790,1.2668909428571429,1.2937776714285716,1.2427537714285715,1.1781713228571427,1.1563368471428572
R2792,1.1155138,1.1276509428571428,1.05530518,0.9696561085714286,0.8943955928571429
R2793,1.0823240428571428,1.159759,1.1327681857142857,1.0766854728571429,1.0622768971428571
R2796,0.8859478728571428,0.9062304257142858,0.8237372557142858,0.7205346757142858,0.6455261914285714
R2798,0.8908208357142857,0.9068880842857144,0.8243271128571428,0.7195434071428571,0.6440198957142858
R2799,0.9083169085714287,0.9018569428571428,0.8391245814285714,0.7580344428571429,0.7068229371428572
R2800,1.538840442857143,1.4949898999999998,1.4177664857142858,1.2792147857142857,1.1621140285714284
R2801,1.180202342857143,1.2588393857142857,1.2497043714285714,1.2040068142857143,1.1621684285714287
R2802,0.8972401528571429,0.9279855785714286,0.8631418000000001,0.7518831871428572,0.6721803600000001
R2803,0.6680354599999999,0.7033186328571428,0.6490630199999999,0.5661358085714285,0.5189096842857143
R2804,0.8935837085714287,0.8655876285714286,0.75993683,0.6388430985714286,0.54115791
R2805,0.7833129014285714,0.7944123757142858,0.7519689528571428,0.6918230128571429,0.6480036842857143
R2806,1.1018760085714285,1.1233473571428572,1.0529352685714286,0.9607372142857145,0.8930366857142856
R2807,1.0124687742857144,1.0183042014285715,0.9616998514285714,0.8884243042857144,0.8340362514285715
R2809,0.9192425985714286,0.9086011328571428,0.8192883514285715,0.6787213057142859,0.6143001585714286
R281,0.33112687714285716,0.35431713571428575,0.33417419,0.29443136142857146,0.3043761785714286
R2810,0.9391706814285714,1.0011359285714285,0.9581317871428572,0.8954087728571428,0.8799511871428571
R2811,1.1775395285714285,1.2747926285714288,1.2517414,1.2115794999999998,1.196378365714286
R2812,1.4867100571428573,1.4725195285714285,1.3851291142857143,1.2368382571428571,1.1395444714285714
R2813,0.99978213,1.004686604285714,0.9485101057142857,0.875168452857143,0.8196048671428573
R2814,0.8497065714285714,0.8707445128571428,0.82460183,0.7526398328571428,0.7109057371428571
R2815,0.5042731771428571,0.5962488214285715,0.5884818528571429,0.5277508585714286,0.4977162028571428
R2816,0.5994466085714286,0.7170283342857141,0.7139011014285713,0.6705889857142857,0.6567021042857143
R2817,0.9079913714285713,0.8983354099999998,0.8076072842857143,0.7008947514285714,0.6110353585714287
R2819,1.0193645857142857,1.0997035142857143,1.0502836785714285,0.9635263614285714,0.9021445814285715
R282,0.37737441,0.3213122557142857,0.2431484871428571,0.1774121785714286,0.17231300085714282
R2821,1.1695568142857142,1.141025257142857,1.048826947142857,0.9069582442857141,0.8386940285714285
R2822,0.5062724914285714,0.5415704757142856,0.5068386242857142,0.4639670771428572,0.4393400571428572
R2823,1.2399653714285714,1.2823519714285716,1.2336370857142858,1.1670337785714284,1.148561692857143
R2825,0.9430553900000002,1.03142681,1.04048191,1.00568623,0.9944698085714287
R2826,0.9717440071428572,0.98443223,0.9385213585714285,0.8739416257142858,0.8215971214285716
R2827,1.166495457142857,1.1263260142857143,1.0378035857142858,0.9117719057142858,0.8238015985714285
R2828,0.8042871285714286,0.7902510457142858,0.7123437585714285,0.6158823028571428,0.5703312571428572
R2829,0.6981672185714286,0.7250475157142857,0.6647600585714286,0.6067051271428572,0.5639147157142858
R283,0.4000347528571429,0.4102390571428572,0.38438664285714286,0.3420745642857143,0.36690511
R2830,1.0192432142857144,1.0272465,0.9518232871428571,0.8524940800000002,0.7616715542857142
R2833,0.4835526871428572,0.51774046,0.4816106828571428,0.4376047571428571,0.41219065142857136
R2834,0.7542499914285715,0.7844190371428572,0.7424260599999999,0.6718349685714285,0.6337569785714285
R2835,0.7179322185714286,0.7003506014285714,0.612753972857143,0.5141012128571428,0.47483989000000004
R2836,0.7485247242857144,0.7339792528571428,0.6544298199999999,0.5578651542857143,0.5128265814285714
R2837,0.6607063242857143,0.6883141028571428,0.6638754828571428,0.5921621442857142,0.5672431871428572
R2838,1.4347540857142858,1.4011403857142857,1.3187994142857142,1.1850109714285713,1.0775856285714285
R284,0.015021102714285714,0.017374907571428573,0.018771512285714283,0.007781165142857143,0.018940346714285714
R2840,1.3541198285714287,1.4310006714285712,1.4263432142857142,1.3920045428571426,1.371034785714286
R2841,0.8662165971428573,0.8855067057142857,0.8154133571428571,0.7450715457142857,0.6830801642857143
R2842,0.8484731914285714,0.9077663485714286,0.8732540628571429,0.8122158800000001,0.7987590014285714
R2843,0.36198701428571434,0.37586916428571426,0.36642961999999996,0.3182321428571428,0.29372960285714284
R2844,1.1248404657142859,1.1250827428571428,1.076250542857143,0.9972425185714285,0.9279175357142856
R2845,0.7703987842857142,0.7871884914285714,0.7569561257142858,0.6907985942857143,0.6543764142857142
R2846,1.0046706314285714,1.0050636,0.9105329728571429,0.7941273928571428,0.7109462700000001
R2848,0.5998992799999999,0.6084905371428572,0.5685601857142857,0.5135184714285714,0.47805370714285716
R285,0.0030818667142857143,0.002262984,0.0,0.0,0.0
R2850,0.6046768971428572,0.6128382757142857,0.5764897842857142,0.4928671985714286,0.4564625628571429
R2851,0.9136107428571428,0.8912988000000002,0.8161605399999999,0.7149538514285716,0.6555779714285714
R2852,0.7847193657142857,0.8103392828571429,0.7612383271428571,0.6986949342857142,0.6654078099999999
R2853,0.5030622171428573,0.6171807114285714,0.6152978628571428,0.5671608985714286,0.5602488871428571
R2854,0.9042176557142857,0.89944063,0.8129627957142856,0.7117041757142857,0.6263540657142858
R2855,0.8766323985714285,0.8853382871428571,0.7966044614285713,0.6736380357142858,0.5857044
R2856,0.9768838557142857,1.0599722071428572,1.0551845128571429,0.9969634528571428,0.9728930628571428
R2857,1.1734774285714287,1.1785127857142856,1.1140611714285715,1.0435832414285715,0.98914933
R2858,0.7713440685714287,0.7529765214285714,0.6841272042857144,0.5975133642857143,0.5514875328571428
R2859,0.9856205928571428,1.0967982142857142,1.086814857142857,1.042038957142857,1.0227472842857144
R286,0.24420241,0.2548354685714286,0.24442148285714285,0.20807739799999997,0.2062135572857143
R2860,1.3555287428571428,1.3195811142857143,1.2231346428571428,1.0747177057142856,1.0022338342857142
R2861,0.21324688,0.30414158857142853,0.3001985714285715,0.23467683142857143,0.21377266342857143
R2862,0.6897325028571429,0.7162358542857143,0.6714436914285714,0.5966702385714286,0.556092102857143
R2863,1.1540691714285713,1.1429034428571427,1.0560073271428574,0.9154788585714286,0.8527239414285714
R287,0.9854984714285715,1.0019813142857144,0.9693632142857143,0.9427248385714284,0.9614659928571428
R2872,1.0829363485714285,1.142515614285714,1.104914552857143,1.0360082957142855,1.0218980142857141
R2873,0.4698909842857143,0.5079171771428571,0.47674859571428563,0.43714817142857143,0.41497567285714293
R2874,0.8926778314285715,0.9272917957142857,0.9090945285714287,0.8812026942857142,0.8604596514285713
R2875,1.4302122857142858,1.4106184285714285,1.3138463142857142,1.2010809714285713,1.1071207142857145
R2876,0.48781932,0.5324023999999999,0.4719840342857143,0.3850439928571428,0.3450762985714286
R2878,0.9142888257142856,0.9279899799999999,0.8882371514285714,0.8159401214285714,0.77614789
R2879,1.3823191142857145,1.3824097714285715,1.2983987142857143,1.1868945571428573,1.0914533
R2881,0.36598268714285714,0.4001585185714286,0.3865262871428571,0.34880562428571427,0.3258006
R2882,0.5078209385714286,0.6053563385714286,0.6027367942857144,0.5472101942857143,0.5222700257142857
R2883,0.9597770499999999,0.9776587142857144,0.8940204814285714,0.7890595985714285,0.7122830971428572
R2887,0.03785172467142857,0.04944677064285714,0.03607406914285714,0.027969301,0.020289676571428574
R2888,0.7408304457142857,0.7253236799999999,0.6585168142857142,0.5752055557142857,0.5327566671428572
R2889,0.8094627714285715,0.8301138714285716,0.7511416142857142,0.6494873371428572,0.5760355871428572
R289,0.5756173271428572,0.5832261757142857,0.5561831585714285,0.5125838828571428,0.47201198428571434
R2891,0.9670733485714286,0.980711882857143,0.9232084300000001,0.8690587057142858,0.8129700742857143
R2892,0.9199063057142857,1.029453662857143,1.0159856714285713,0.9689832828571427,0.9481191857142858
R2893,0.9900809914285714,1.0683973442857142,1.041307042857143,0.9877424214285716,0.9755408057142858
R2896,0.8684277528571428,0.8410642685714286,0.73757578,0.61887459,0.5254758414285715
R2898,0.6784581657142857,0.7747433085714286,0.7481770957142858,0.6860478957142856,0.6553959071428571
R2899,0.7694754714285715,0.83871797,0.8350231342857144,0.7759862528571428,0.7465271442857144
R290,0.0,0.0,0.0,0.0,0.0
R2902,0.47561915714285713,0.5741519314285713,0.5733966971428571,0.5204311114285713,0.49782814142857135
R2903,0.59137827,0.6861863342857143,0.682516547142857,0.6249012457142857,0.5977796557142857
R2904,1.0575070485714284,1.0653833857142858,0.98950331,0.8903415142857144,0.7990959857142858
R2907,1.5119091285714286,1.4664870714285716,1.3942169,1.2639054857142857,1.1540791285714285
R2908,0.8021874571428571,0.8142527714285713,0.77323176,0.7141215828571428,0.6706872028571428
R291,0.9701980557142855,1.0485417542857145,1.0197901357142858,0.9655064228571427,0.9529510685714285
R2911,1.2697153571428572,1.2347312142857145,1.1392898857142857,0.9900151771428571,0.9175405457142858
R2912,0.6901931085714287,0.6743841342857143,0.5938561728571428,0.49756210714285715,0.45162823714285716
R2914,0.95170677,0.9524318871428571,0.8585990771428571,0.7450147857142858,0.6648454428571429
R2919,0.47872215714285715,0.5000140557142857,0.4800034071428571,0.43272837285714283,0.41042101000000003
R292,0.6579937757142857,0.59904357,0.5559945128571429,0.4997715557142857,0.5247779342857142
R2921,1.7197954,1.7480724142857142,1.7340580428571428,1.851947842857143,1.8579029714285713
R2922,2.1037860714285714,1.9677059714285714,1.8893794714285712,1.930021557142857,1.8442249
R2923,1.2918126285714284,1.3153668142857142,1.3276989714285714,1.4538265428571429,1.480627642857143
R2924,1.9927974428571429,1.9584053714285719,1.9335410857142858,1.9766736714285715,1.9499484999999999
R2925,0.8990705128571427,0.8196305442857142,0.7769112128571429,0.8260593514285716,0.8373236871428571
R2926,0.8511931014285714,0.7790998028571429,0.7490973428571428,0.8335263628571428,0.8563410357142857
R2927,0.6431139671428572,0.515300817142857,0.42944833285714273,0.48609017857142856,0.46679976428571435
R2928,1.1279914000000002,1.1179512428571425,1.112110457142857,1.1994072,1.2205031285714285
R2929,1.699090557142857,1.5611812285714284,1.4750299999999998,1.5225771857142856,1.4842825000000002
R293,0.4502705114285715,0.3991248457142857,0.35928682857142863,0.3016982085714286,0.33310431142857144
R2930,1.9227881285714283,1.9297531142857145,1.9111853714285714,1.9996236142857142,1.9805060714285716
R2931,2.2866408857142853,2.1879228428571427,2.1043361285714286,2.1781396714285717,2.157344114285714
R2932,1.5873970285714287,1.3905586285714286,1.2353775857142855,1.2381367,1.1808397428571429
R2933,2.3672766142857142,2.384777285714286,2.353846357142857,2.4447618285714285,2.4178104857142855
R2934,1.10427375,0.9928080928571428,0.931547567142857,0.9670663142857142,0.9932006085714287
R2935,0.4901870871428572,0.35690028142857144,0.2418389342857143,0.26099210857142857,0.2610584142857143
R2936,1.6344631428571428,1.675740685714286,1.7373028999999998,1.8989740571428573,1.9783269714285718
R2937,1.6102560999999997,1.5622604857142854,1.5335427714285716,1.6062820857142857,1.619152857142857
R2938,1.5048433571428572,1.4554979714285712,1.4235148571428573,1.4998162,1.5401869857142858
R2939,1.7569588714285713,1.752442442857143,1.744484,1.8093000857142858,1.795477642857143
R294,0.4844660814285714,0.49206456285714284,0.5020464814285714,0.4669223357142857,0.4606111071428571
R2940,1.7103132142857143,1.6929239142857144,1.6738942142857145,1.7394704714285716,1.759665857142857
R2941,1.8317695,1.8079522142857143,1.8176893142857142,1.8902924285714284,1.876026542857143
R2942,1.9020549999999996,1.843278457142857,1.8004473857142855,1.8544964285714285,1.8187686714285716
R2943,0.8576423071428572,0.7262804342857142,0.64499706,0.6910940357142856,0.7141572042857145
R2944,2.158345328571429,2.1489805,2.1352643000000002,2.2213068857142857,2.2168557285714288
R2945,0.097087912,0.024581142285714286,0.007570505142857142,0.022519417914285713,0.04223758871428571
R2946,1.0322452785714284,0.9286677814285715,0.8698930000000001,0.9170287357142856,0.9183210914285714
R2947,1.815595114285714,1.786631642857143,1.7774481428571427,1.8570749857142859,1.8616274285714287
R2948,0.65775731,0.5821115185714286,0.5246471185714284,0.5782214457142857,0.5985156542857144
R2949,0.6647506828571429,0.50237765,0.36753503285714284,0.38526834857142855,0.38814047428571424
R295,1.2077582000000002,1.2377463142857141,1.2765005285714286,1.2588337714285713,1.2878340857142856
R2950,2.201837285714286,2.081276228571429,2.003028985714286,2.0477538285714285,2.074258057142857
R2951,1.2912111,1.247713514285714,1.2052736571428573,1.2479870857142856,1.2453007714285713
R2952,2.1761158142857147,2.1141973285714286,2.0862576142857145,2.144599442857143,2.0915893857142858
R2953,1.4834616285714284,1.4597903428571428,1.4429459142857142,1.528483,1.5062423285714284
R2954,1.603593257142857,1.5388089857142855,1.5097880714285714,1.6026707142857144,1.6587177142857144
R2955,1.6952348714285714,1.6359014428571428,1.6204484857142856,1.6961598428571427,1.7028841428571428
R2956,2.688041857142857,2.6696915714285714,2.643078271428571,2.724254628571429,2.6777634428571426
R2957,1.3505237,1.3261732428571429,1.3014231714285713,1.3878210714285715,1.4162063142857142
R2958,2.0029299857142853,1.8326048428571429,1.7099581714285712,1.7650107714285714,1.7148221285714287
R2959,2.6839502714285715,2.682171342857143,2.657345457142857,2.7108971857142863,2.683472857142857
R296,0.912158342857143,0.8569894199999999,0.8195091214285715,0.7418855228571429,0.7035927571428571
R2961,0.05721787004285715,0.10366399085714287,0.09227939857142857,0.031051499312857146,0.011800527571428573
R2962,1.1559876428571427,1.2171470714285717,1.167606,1.05027354,1.0013661785714285
R2964,0.03775058485714285,0.042850621857142855,0.022206906285714284,0.004098879428571429,0.0035999587142857142
R2969,0.8396482157142858,0.8532814728571428,0.7734346514285714,0.6676517000000001,0.5820131399999999
R297,1.1285468385714286,1.1624493714285715,1.1822208571428572,1.1845638142857144,1.1831413942857143
R2974,0.48594265142857146,0.5747053985714284,0.5926273742857143,0.548236852857143,0.5124461642857143
R2977,0.47272253714285706,0.5207259599999999,0.46440496000000003,0.36705859285714293,0.3096925685714286
R2979,1.094972677142857,1.1548061285714284,1.103673007142857,0.9861427757142857,0.9354211771428573
R298,1.5473076142857143,1.4597910857142857,1.3904064,1.3098436714285715,1.2413574142857142
R2981,1.0442486657142858,1.1069218857142855,1.055209367142857,0.9238240857142858,0.8640987742857142
R2982,1.6570929285714286,1.7191836714285713,1.6835830000000003,1.6122123000000002,1.529060085714286
R2983,1.5014110714285713,1.4868567428571429,1.3956241999999999,1.2893014142857144,1.2025297142857145
R2984,0.03757490471428571,0.04985539428571428,0.036123385714285715,0.014017462857142856,0.009482221428571429
R2985,0.005903772,0.03915598571428571,0.047010421428571425,0.0194953,0.009987498999999999
R2986,0.7441190085714285,0.8159367057142858,0.7635578142857143,0.6396074514285714,0.5938962714285715
R2987,1.2099221285714286,1.1890593,1.0920129428571428,0.9877769642857144,0.9074547042857143
R299,0.6151720557142857,0.6362138014285714,0.6687892171428571,0.6518965285714285,0.6641207428571428
R2990,0.0,0.0,0.0,0.0,0.0
R2991,0.9601833271428571,0.9505810728571429,0.8568923628571429,0.7456897971428572,0.6586282299999999
R2994,0.3501387214285714,0.44354823142857136,0.45550131,0.39742712428571425,0.3686927742857143
R2998,0.0,0.004867315285714285,0.006300023571428571,0.0,0.0
R2999,0.9006844185714286,0.9717936571428571,0.9236130928571428,0.7985259257142857,0.7567291628571429
R3,1.5759136571428571,1.5017852571428574,1.4876387,1.4068611714285713,1.3543822428571428
R30,0.024671928942857142,0.03798541,0.03389315914285714,0.008292113,0.007226671571428571
R300,0.3892265528571429,0.3371884128571429,0.34600452428571427,0.28455169571428574,0.26504683285714287
R3000,1.409950957142857,1.4512944857142858,1.4035127142857142,1.3214282714285714,1.2378142714285711
R3003,0.5537222342857143,0.6344938971428571,0.6058056828571429,0.5083458128571429,0.47408660999999996
R3004,1.0542208857142856,1.0509430271428573,0.963877167142857,0.8584865257142857,0.7766276857142858
R3007,0.0,0.0,0.0,0.0,0.0
R301,0.20781350528571432,0.23877736714285716,0.30207191285714285,0.2968670257142857,0.35121289142857137
R3011,0.0,0.0,0.0,0.0,0.0
R3014,1.5227144714285714,1.5739133285714284,1.5209091142857143,1.405202657142857,1.343385642857143
R3017,1.5752667285714284,1.5236854,1.4673685000000003,1.4023463285714282,1.3438454142857144
R302,2.0056699,1.949010542857143,1.8871274428571427,1.8122418857142857,1.7342956
R3020,0.5995258157142859,0.6184642942857143,0.6157210571428572,0.5648420857142857,0.53364461
R3021,1.5454648285714288,1.4918294285714286,1.4354559285714288,1.3745229142857143,1.3271091428571427
R303,0.13594964714285715,0.06924074,0.029252290571428575,0.011256354185714287,0.018876399285714284
R3031,1.3386307857142856,1.3020404000000003,1.2437102857142857,1.1762466,1.1085250428571427
R304,0.83938017,0.8393573442857143,0.8516633857142857,0.8132207842857142,0.8496579414285714
R305,0.7532258728571427,0.7796884328571428,0.7942536185714285,0.7782466942857144,0.8013204457142857
R306,0.5036970442857143,0.4432073842857142,0.40807964571428573,0.3371319371428571,0.36335933857142855
R3062,1.5738630142857144,1.5413572,1.4875686714285716,1.425058842857143,1.3663030714285713
R3063,1.7963407285714286,1.7259470999999997,1.708137257142857,1.6346664857142856,1.5733016142857144
R307,0.3127333108571429,0.30580960285714287,0.3149874242857143,0.26502852857142856,0.2424722542857143
R3070,1.553308314285714,1.4971926857142859,1.437590414285714,1.3673628,1.3016535428571427
R3073,0.3968391885714285,0.38433867571428576,0.38167431714285716,0.31174933857142856,0.26635602428571425
R3076,0.47156197857142856,0.4704414742857143,0.44120516,0.36342419571428575,0.31192491714285714
R308,0.9071863042857143,0.8568626642857142,0.8161812528571428,0.7475251242857144,0.7458601471428572
R3087,2.0366566285714285,1.9961180714285713,1.965921885714286,1.9255793857142858,1.9098494000000004
R3088,0.8345240657142858,0.8125411242857142,0.7541726799999999,0.7395639385714284,0.7294227414285714
R3089,2.0109830285714283,2.0691183714285715,2.0221896285714287,2.0024910142857144,1.9687648285714285
R309,0.19695467714285714,0.12793144214285715,0.07574701314285714,0.03972457094285714,0.037327578714285714
R3090,2.8472679142857147,2.735657428571429,2.6794822142857138,2.624397728571428,2.6244656142857146
R3091,2.530080414285714,2.5434331714285716,2.5253489000000005,2.5040552428571425,2.4466412142857137
R3092,1.5474960428571427,1.5722386571428573,1.529418442857143,1.5190825999999997,1.4866845000000002
R3093,3.1448873857142856,3.141426514285714,3.113875642857143,3.082324314285714,3.0412540285714287
R3094,2.8687629142857145,2.8619564714285715,2.8213357571428572,2.7693573428571425,2.764354657142857
R3095,2.395438942857143,2.3897286857142856,2.376652571428572,2.3860457,2.354935428571428
R3096,1.0872375614285716,1.1632056914285713,1.137971547142857,1.1647761142857145,1.1887198571428572
R3097,2.292395442857143,2.2436368857142854,2.2284060285714284,2.1831329714285714,2.159863871428571
R3098,3.6898985142857144,3.6068664,3.5730136428571426,3.5712236857142856,3.535576771428571
R3099,2.7998486999999996,2.7854381,2.7675102428571425,2.746248357142857,2.721572214285714
R31,1.6654475714285717,1.5552341714285716,1.4438668142857143,1.3042446714285716,1.2047904
R310,0.9582395428571427,1.0036739742857141,1.0273527571428571,1.029405237142857,1.0279728285714287
R3100,2.1482510714285716,2.174752714285714,2.1180693714285717,2.115834857142857,2.101695571428571
R3101,2.1170153571428574,2.015829071428571,1.962327242857143,1.9391203000000001,1.911208728571429
R3102,2.088884985714286,2.0472533428571427,2.0005053285714287,1.9395193000000002,1.9278645285714284
R3103,0.90082225,0.8633983585714287,0.7629964514285715,0.7617415257142858,0.746307012857143
R3104,2.6419132857142857,2.4827082142857146,2.3975457714285713,2.338263142857143,2.3057979142857143
R3105,3.170204028571429,3.1528462999999998,3.1481726714285716,3.0944710714285715,3.0685835571428575
R3107,2.012457657142857,1.8726135,1.7966038,1.7365428,1.7649508142857144
R3108,1.4209786857142856,1.3827409857142856,1.2988435857142857,1.2890954714285716,1.2863110857142857
R311,0.3928364485714285,0.3250971114285714,0.2797746542857143,0.22485384571428574,0.2445972742857143
R312,1.4632053,1.4927667428571427,1.5160905285714286,1.5041262857142856,1.5190202857142856
R313,0.25940011199999996,0.21473024428571424,0.17953860914285716,0.11119629618571428,0.10383606142857142
R314,0.6325565942857143,0.6670476014285713,0.6981590857142856,0.6876017057142857,0.7218311057142858
R315,1.6857672142857145,1.6781715714285714,1.6767193142857142,1.6143744142857144,1.5861303285714285
R316,2.2976608857142855,2.2430557,2.198272757142857,2.1146598142857145,2.0265711285714287
R317,0.9487524357142857,0.89041312,0.8470015628571428,0.7701760328571429,0.7679226842857142
R318,1.390216142857143,1.461043,1.5141891714285716,1.5213128142857142,1.546070242857143
R319,1.3447711857142859,1.4200476142857144,1.4689840142857142,1.4326105000000002,1.4153309142857142
R320,1.396804314285714,1.2996557714285715,1.1884961285714286,1.0632516642857142,0.9517093628571427
R321,0.28288368,0.26721892857142854,0.27281228,0.22940014999999997,0.2117630247142857
R322,1.5878309428571427,1.6314244285714286,1.6535499571428571,1.6306904714285715,1.6155193428571428
R323,0.010909965714285713,0.0,0.0,0.0,0.0
R324,0.32247869285714287,0.36447620571428574,0.39044234,0.3824887771428572,0.4112389428571429
R325,0.7459408171428572,0.7540024471428571,0.7575072685714286,0.7021262000000001,0.6746709414285714
R326,0.8270733914285714,0.8812338271428571,0.9301412357142856,0.9365066485714287,0.9519672242857141
R327,1.0690857871428572,1.0075354614285714,0.916801707142857,0.8588775242857143,0.8182325885714287
R328,0.6108966271428571,0.5376347742857143,0.5165872085714286,0.47297996,0.4689476
R329,0.38669648285714286,0.3395964591428572,0.2959539508571428,0.26551243357142856,0.2181697814285714
R33,0.35287572857142857,0.3573946985714286,0.36431484714285717,0.2870314628571429,0.26514200000000004
R330,0.37932297857142855,0.35182768999999997,0.31429792285714286,0.3065595814285714,0.33932495285714287
R331,0.43746091571428575,0.41016945000000005,0.44812308428571423,0.43107838428571427,0.4400725714285714
R332,0.46452743857142853,0.38649931000000004,0.35771878142857144,0.31412329,0.32893142
R333,1.091539214285714,1.0393367385714285,1.0141606714285714,0.9432733999999999,0.9003963400000001
R334,0.7281908385714286,0.6579377885714285,0.6261252328571428,0.6036325314285714,0.5854690114285714
R335,1.4275135714285714,1.3804973857142857,1.332803757142857,1.2578191428571428,1.194605685714286
R336,0.5789288485714286,0.48584064285714285,0.44276945999999995,0.3715731671428571,0.3703728885714285
R337,0.6550777457142857,0.6472585300000001,0.6346427942857142,0.5748312042857143,0.5697394257142857
R338,1.7751209285714287,1.7501451714285714,1.726208857142857,1.6440766142857144,1.5762106
R339,0.8642649142857142,0.8323525985714285,0.7847757328571427,0.7227327985714285,0.7050958571428572
R34,2.498328785714286,2.540467742857143,2.544500171428571,2.5085265571428574,2.4880825857142854
R340,1.0916167385714286,1.0863399428571427,1.0805561428571429,1.0109155757142856,0.9598507985714286
R341,1.0010933785714287,0.9360752099999999,0.9105830642857143,0.8520636942857144,0.7956905342857142
R342,0.7378001228571428,0.6839787214285714,0.65313429,0.5816636771428573,0.5617135271428572
R343,0.8894362785714286,0.8185228814285714,0.7877803514285714,0.7183331942857143,0.6841180185714286
R344,1.1797342,1.1261743628571428,1.077775984285714,0.9756561857142858,0.9275235571428571
R345,1.2481450714285713,1.2319729714285717,1.2383989571428573,1.1790352714285715,1.1969019428571428
R346,0.6215249971428572,0.66337698,0.7319197000000001,0.7211964857142857,0.7786384485714286
R347,1.1224928142857142,1.07531085,1.0509498257142857,0.9838743085714284,0.9391736042857143
R348,0.12398786285714285,0.04456303728571429,0.0071043117714285715,0.0,0.0
R349,0.9384542514285715,0.9880478614285713,1.0475435242857143,1.0238821857142857,1.01563238
R35,0.8209749100000001,0.8879298928571429,0.93645277,0.9347236928571429,0.9217936414285715
R350,0.8929233400000001,0.8622396371428572,0.8187924285714286,0.7563772357142857,0.7377518014285716
R351,0.8851533457142858,0.8261610442857144,0.7817263014285716,0.7006805314285716,0.6986077957142857
R352,0.31424609142857146,0.3432066685714285,0.34544428857142856,0.3342781457142857,0.3475318671428571
R353,0.492152,0.43551485857142863,0.37087146,0.3306238128571429,0.3416299814285714
R354,0.8027191871428571,0.8387925014285714,0.8761674514285714,0.87210201,0.90907438
R355,0.5269115257142858,0.4535759357142857,0.4187528442857143,0.3721895499999999,0.38528157714285716
R356,0.7279271528571429,0.6993641799999999,0.63538358,0.5703340814285714,0.5145731814285714
R357,0.84773483,0.7167285271428572,0.6095986657142857,0.4996957257142857,0.45872520142857137
R358,0.6670463057142857,0.6604525185714286,0.6465596357142857,0.60467895,0.5853971142857143
R359,0.6808321528571428,0.6916766171428571,0.6801607914285714,0.6634873314285714,0.6658733957142857
R36,0.3911842642857143,0.4910329357142857,0.49511811142857143,0.42953293285714284,0.3747510885714286
R360,0.9648648728571431,0.8964429857142857,0.8537048142857142,0.8102682057142856,0.7953785671428569
R361,0.9149324614285714,0.9372725557142857,0.9564690014285714,0.9518737471428571,0.9456993414285714
R362,0.9542579928571427,1.0554612242857142,1.1167955428571428,1.1505095142857142,1.1612761
R363,2.1138668285714286,2.0589001285714286,1.9864007428571429,1.9226170142857144,1.8551166428571428
R364,1.9214697428571428,1.8939402714285714,1.8072354714285712,1.715164157142857,1.6237001285714285
R365,2.2951641714285715,2.257048842857143,2.1667989142857143,2.0750299142857145,1.9924912857142854
R366,1.2150919571428571,1.2657182857142857,1.3061958285714286,1.2528623571428572,1.200688614285714
R367,0.997692157142857,0.95459275,0.9349504014285716,0.8845936042857142,0.8528351900000001
R368,0.5769022385714286,0.5974544785714285,0.61621817,0.6259504442857143,0.6301212414285714
R369,2.542866742857143,2.510986142857143,2.4540247428571433,2.4006981142857144,2.3587197000000004
R37,1.7208363571428573,1.7940055000000004,1.7840254714285717,1.6782775285714286,1.6012733285714287
R370,0.35006243,0.3376958528571428,0.3404473985714286,0.33958025999999997,0.3439343357142857
R371,1.4254549714285714,1.4415847857142856,1.4461557285714284,1.4211177571428573,1.4332125571428571
R372,0.8039094914285714,0.7243305614285714,0.6391500157142858,0.5947564828571429,0.5711322542857143
R373,0.6002926471428571,0.6250273257142858,0.6375406642857142,0.6255743100000001,0.6591057771428571
R374,0.6281775471428571,0.6093400385714286,0.5854265371428571,0.5592614871428572,0.5729690542857142
R375,0.35296539,0.4038021514285714,0.41187947,0.43178302857142853,0.4421129414285715
R376,2.086009614285714,1.9854937,1.8765496571428568,1.7768549,1.7061891428571427
R377,2.435798957142857,2.4203292285714286,2.3825554857142857,2.3148921142857146,2.2808156285714287
R378,0.5531142014285714,0.5747160342857143,0.6161259328571429,0.6243784071428571,0.6796182742857143
R379,1.01561962,1.0601880000000001,1.102525657142857,1.1188565999999998,1.1229701428571428
R380,2.7379140428571427,2.688564771428571,2.626969628571428,2.5137397142857147,2.447107785714286
R381,0.46618803999999997,0.5048884314285714,0.4591445285714286,0.3439765,0.2719226571428571
R382,1.0668491857142859,1.0558345571428571,1.0634064042857143,1.039258394285714,1.085620092857143
R383,0.6160870085714285,0.620246562857143,0.6628716685714285,0.6558867314285715,0.7175087871428573
R384,2.1436411142857144,2.0505508142857143,1.9723409571428572,1.8803692714285716,1.7837846285714285
R385,2.1611839571428573,2.1535336857142857,2.0956824714285713,1.9801121285714285,1.9055857857142857
R386,1.4549241,1.3789865714285714,1.2630067285714286,1.1349990428571428,1.0615838371428572
R387,1.1238367571428571,1.0372984442857143,0.9142896671428572,0.8139546328571428,0.7816325228571428
R388,1.2353357428571428,1.3103175,1.336506614285714,1.3332196857142857,1.325926157142857
R389,1.716565085714286,1.6236412999999998,1.5025991714285711,1.375214314285714,1.2877413714285715
R390,0.5329621,0.606279017142857,0.6543613042857144,0.6875656185714287,0.7383610357142857
R391,2.5704042857142855,2.535402214285714,2.4672188999999998,2.360777357142857,2.2854536142857143
R392,1.1235197285714285,1.0400737042857142,0.9725154028571429,0.9019621057142857,0.8787597357142857
R393,1.5938976285714286,1.5333028571428573,1.431411357142857,1.3441540714285714,1.2777004657142856
R394,0.27450047857142856,0.30375122857142856,0.3056480285714286,0.31219700428571423,0.3165536442857143
R395,1.0943407142857142,1.163522532857143,1.1964568142857144,1.2118849614285716,1.2296904642857143
R396,1.5669742857142857,1.460009957142857,1.3529731428571432,1.2398480428571428,1.1597145857142857
R397,2.689509057142857,2.6593043,2.6113703142857143,2.567405442857143,2.534798
R398,1.2563472714285717,1.2728063142857144,1.2561974857142857,1.2364095000000002,1.2606040714285716
R399,0.3786257314285714,0.4410752242857143,0.42090781857142856,0.31884245999999994,0.2661635508571429
R4,2.3098743142857145,2.3587663428571433,2.321098957142857,2.2081718571428572,2.1525194285714284
R400,1.0725641285714287,1.0084840985714287,0.9125413714285714,0.7977703857142858,0.7213069528571429
R401,0.9157758428571429,0.9712888757142858,1.0085312199999998,1.0190781014285715,1.0144284142857143
R402,2.842185657142857,2.9127652428571422,2.8887486285714283,2.8288998857142853,2.7767366428571427
R403,0.44881925714285714,0.46781593571428565,0.4715925785714285,0.46441624285714284,0.45199717857142857
R404,1.4787417142857142,1.3886695857142857,1.3610550571428572,1.2963578142857144,1.2536330142857142
R405,1.790090057142857,1.6927210571428575,1.5675866285714286,1.4527725142857142,1.359788257142857
R406,1.0876726714285714,1.0027351014285715,0.9045197485714285,0.7844730814285715,0.7004388114285715
R407,1.1200654428571428,1.05000379,1.0009641714285715,0.9039475457142858,0.8357874228571429
R408,0.5740996085714286,0.5863177671428571,0.5908767557142858,0.5992604342857142,0.6107157699999999
R409,0.38395695999999996,0.3528151685714286,0.33970145000000007,0.3291277214285714,0.36735857
R41,2.6041436,2.5042043714285716,2.4234583571428567,2.3341724142857143,2.268392528571428
R410,2.1033320000000004,2.0978747571428573,2.042098642857143,1.9962592428571428,1.9435406142857143
R411,0.69975986,0.667968572857143,0.6563372442857143,0.6369568457142858,0.6244832642857144
R412,1.2024173,1.2606248142857144,1.2838029857142856,1.2722218285714284,1.2935485142857144
R413,1.4912937857142856,1.4275677285714286,1.3423716857142856,1.2199170857142858,1.1279306085714287
R414,2.915831457142857,2.961056514285714,2.938391657142857,2.894760185714286,2.8530544142857144
R415,1.9155308857142859,1.8746198714285716,1.7679003857142859,1.640956485714286,1.5364999285714285
R416,1.7732881285714286,1.7044545285714288,1.5873732,1.462376042857143,1.3606293142857144
R417,1.7967227714285716,1.754727842857143,1.6510166285714285,1.5496858999999998,1.4762075714285712
R418,2.7805418714285715,2.8497046999999998,2.8248188142857145,2.7616200999999996,2.705721571428572
R419,1.3973502142857142,1.364255,1.2706123,1.1445627285714284,1.0591693342857142
R42,0.037179743142857144,0.06750423542857142,0.05415575828571429,0.004202740571428572,0.002828393642857143
R420,0.8153555828571429,0.9189008014285714,0.9818562985714286,1.0259440785714287,1.0515767857142857
R421,0.8030754057142858,0.7983392714285714,0.8201971357142857,0.7372433771428571,0.7076069214285715
R422,1.9150894285714284,1.9022994285714285,1.8076391285714284,1.7055401714285714,1.6195556285714285
R423,1.8680752714285713,1.8058158,1.7412745142857144,1.6796399285714283,1.6014193
R424,2.5722226285714287,2.5642615857142856,2.517036557142857,2.471110242857143,2.4505243
R425,1.1433898914285714,1.043572857142857,0.9164150257142857,0.7902881214285715,0.7306272742857143
R426,0.7731489142857144,0.7176238185714287,0.6271842000000001,0.5206207457142857,0.46466886857142853
R427,1.322603842857143,1.2516807857142855,1.1438224,1.0165316571428573,0.9341445657142857
R428,2.794151842857143,2.794488042857143,2.7693942714285713,2.7557044571428575,2.758732857142857
R429,2.022314857142857,1.9311995428571431,1.8400100857142856,1.706240942857143,1.5932664714285714
R43,1.4869425571428572,1.400236742857143,1.313148757142857,1.182603857142857,1.0902089228571428
R430,2.566795157142857,2.511148,2.450326371428571,2.3677085428571423,2.299641585714286
R431,1.7739684571428571,1.7298752857142858,1.6272940571428571,1.5518656142857143,1.4834030000000002
R432,2.402124657142857,2.3150150571428574,2.224932442857143,2.1203680142857144,2.027471642857143
R433,2.9024212428571423,2.872268785714286,2.8236765428571426,2.7581427285714284,2.709642514285714
R434,2.461098128571429,2.502724085714285,2.4817271142857145,2.441394214285715,2.398601914285714
R435,1.6273678714285713,1.7206839285714286,1.7646535857142855,1.791353557142857,1.808645442857143
R436,1.9953043571428573,1.9244271714285712,1.8114794,1.6696966857142859,1.5576569285714288
R437,0.9238611028571427,1.0076466042857144,1.056791057142857,1.0780231185714286,1.0908894357142855
R438,1.265765185714286,1.1941606,1.1299827857142857,1.0916558428571428,1.0987920142857144
R439,1.693550428571429,1.6490877285714287,1.5915959857142858,1.5722492714285714,1.5569176428571427
R44,2.5438355571428573,2.592119828571428,2.6090504857142855,2.566249828571429,2.5287271857142857
R440,0.514770032857143,0.5298910971428572,0.5084957128571429,0.5003285457142856,0.5243384714285714
R441,2.344510985714286,2.3125700428571427,2.2755613142857145,2.239900357142857,2.2227645
R442,2.7963024142857145,2.865496614285714,2.850065657142857,2.8267936285714286,2.801586414285714
R443,0.28416356,0.2680557285714286,0.24125526857142857,0.21373161285714287,0.20576931571428572
R444,0.10359559785714285,0.08120460985714285,0.05862774128571428,0.03311625528571428,0.022707683714285717
R445,1.9690037857142857,1.9250987142857146,1.8916544142857143,1.8479848,1.8324883142857142
R446,0.257988318,0.242799775,0.23625311142857144,0.21770002164285715,0.2205877307142857
R447,0.37679210142857145,0.26582158285714286,0.21296657000000002,0.13928108642857143,0.14901673857142855
R448,0.28052048714285716,0.2714381114285714,0.24041068857142853,0.2379719192857143,0.25785871771428576
R449,0.6657793685714285,0.5687422585714285,0.5204337271428571,0.4680706414285714,0.45043248714285716
R45,1.104361537142857,1.1430023285714286,1.07819891,0.9814465685714285,0.9141709428571428
R450,0.1438268422857143,0.09535798071428571,0.045320681714285715,0.01707255857142857,0.025176081999999995
R451,1.6467313857142856,1.6265853428571428,1.5363989857142855,1.4397167142857141,1.3728098285714285
R452,1.6515597285714285,1.5696246142857144,1.4812300999999999,1.4302299142857144,1.3974393999999999
R453,0.014144489142857142,0.0,0.0,0.0,0.0
R454,0.9749665985714285,0.9960900514285715,1.0299566428571427,1.0608242371428571,1.0578267914285715
R455,1.7355476857142857,1.6763828428571426,1.5602401714285716,1.4546853857142854,1.3619995857142855
R456,0.9557192914285714,0.9867258185714286,0.9909742071428571,0.9985841628571429,1.0372218285714285
R457,2.770267057142857,2.805252457142857,2.7840852,2.7362452,2.693651571428572
R458,0.5528571928571429,0.5900568528571429,0.6049980228571429,0.6003104285714286,0.5764982371428572
R459,1.452049557142857,1.4594274285714286,1.4261992571428572,1.4129469142857143,1.4243957999999997
R460,1.1412375285714287,1.1578859,1.1321938285714286,1.132710957142857,1.1666549857142858
R461,0.5419679885714286,0.5553962699999999,0.5514207114285714,0.5453905,0.5341166071428571
R462,1.6143059,1.568948214285714,1.486707357142857,1.4144100142857143,1.3661820857142857
R463,1.5939990857142856,1.517785557142857,1.4147865714285714,1.2741551428571432,1.1590917285714286
R464,0.9565450371428572,1.0707760857142856,1.1564331428571428,1.1986616857142856,1.2314930571428573
R465,2.8047393,2.877152042857143,2.8500326571428576,2.8033050142857143,2.772794714285715
R466,2.2170129285714286,2.194730942857143,2.1344722714285713,2.083143042857143,2.0360801285714287
R467,2.4111201000000007,2.3892138285714286,2.3352156571428573,2.2924628285714284,2.2578826428571426
R468,2.403762742857143,2.337028514285714,2.243583557142857,2.1313882714285715,2.0347250999999997
R469,1.04383988,1.05787188,1.0813189,1.1193007085714286,1.1222145485714285
R470,0.68580283,0.6987642285714285,0.6619651099999999,0.5577106485714286,0.5053651971428571
R471,0.8093082257142857,0.7488302671428572,0.7005432428571429,0.6525282571428572,0.6338931057142857
R472,2.307537942857143,2.2273677714285713,2.1297199571428567,2.0232763857142855,1.9396421285714283
R473,2.0200695142857144,1.9186415285714287,1.8203326428571434,1.679231842857143,1.563355185714286
R474,1.2809941571428571,1.3291282857142857,1.3481124857142857,1.3451874000000001,1.3303035285714286
R475,2.1428711285714286,2.0690348428571426,1.9631712,1.889455485714286,1.8378315285714284
R476,2.1175543571428572,2.0368833428571427,1.9666945714285713,1.8569147714285716,1.7514773000000001
R477,1.4257363428571428,1.4057736142857142,1.3189402428571426,1.2333297857142858,1.1631829571428571
R478,1.2650398714285715,1.2278449714285713,1.1986629142857144,1.1308295571428573,1.056333224285714
R479,2.141024642857143,2.1316441,2.0860996857142857,2.0756342571428568,2.089985442857143
R48,1.8833447,1.9527740571428573,1.8964684714285716,1.7846310571428572,1.7201873714285711
R480,2.829887,2.801358514285714,2.728954042857143,2.6281255999999997,2.556885971428571
R481,2.331397371428572,2.2642659285714286,2.1850576428571427,2.1157484714285717,2.071804757142857
R482,0.4732848471428572,0.4793187414285714,0.44990688142857144,0.44069595285714286,0.4650657942857143
R483,1.4106571428571428,1.2684511714285713,1.1301480428571429,1.0278892428571427,0.9805358142857141
R484,2.7433565000000004,2.749174328571428,2.742486742857143,2.684319728571428,2.6392218
R485,1.6283537428571428,1.5597304571428572,1.4597972428571426,1.3422877857142856,1.2543960242857144
R486,1.2619626857142856,1.4041989000000001,1.5024736428571432,1.5558474142857144,1.5888249857142858
R487,2.6948435999999996,2.729995928571429,2.717697757142857,2.686929657142857,2.6539677571428575
R488,2.5290442285714287,2.460465542857143,2.394216685714286,2.322473457142857,2.277217357142857
R489,1.0794872857142859,1.2056493142857143,1.2617395142857144,1.3139799999999997,1.3611219428571428
R49,0.0,0.0,0.0,0.0,0.0
R490,0.85042463,0.76554254,0.7209892828571428,0.6914435171428572,0.6704592957142858
R491,2.044475785714286,1.9437355714285718,1.8578219857142855,1.773033657142857,1.6774443428571428
R492,1.2566692857142858,1.2138992857142856,1.2077957714285716,1.2053721857142856,1.2071445714285716
R493,2.040963571428571,1.9512048428571427,1.867433557142857,1.7894225285714287,1.7137552142857142
R494,0.0,0.0,0.0,0.0,0.0
R495,1.1467867428571428,1.1403298142857143,1.1013460857142856,1.0776452428571428,1.0929453999999998
R496,1.1373953285714284,1.0746297142857144,1.0179453857142857,0.9917792142857144,1.0115870342857143
R497,1.4657041428571431,1.3966258999999999,1.2966001714285713,1.1663628571428573,1.0739717242857143
R498,0.5667658571428571,0.5543836414285714,0.5501159214285714,0.5430506228571429,0.5402076328571429
R499,2.4244200428571427,2.341914014285714,2.2581405142857145,2.162729614285715,2.0824678142857143
R50,0.0,0.0,0.0,0.0,0.0
R500,0.46935607714285715,0.507472802857143,0.5297396885714286,0.52950292,0.525447642857143
R501,1.3567775999999998,1.4199336999999999,1.4904350857142856,1.5184598857142857,1.5344281857142856
R502,1.2618507142857145,1.206441642857143,1.1104396857142855,0.9867448785714285,0.9291797857142857
R503,2.5182980857142856,2.452850828571428,2.3812134285714284,2.319790428571429,2.280662857142857
R505,0.7552519585714286,0.8720516985714287,0.95123801,0.9826137857142856,1.0203644857142857
R506,0.7819819628571427,0.7376483185714285,0.7117624285714287,0.6794693514285715,0.7110839985714286
R507,2.244734028571428,2.2168461714285717,2.1584946,2.1098771,2.0688257142857145
R508,1.1882765428571427,1.2088439857142856,1.2366059285714286,1.240857714285714,1.2353953714285715
R509,1.3555923571428572,1.3885943571428574,1.3936801428571428,1.3798856999999998,1.397279971428571
R51,2.5774840142857145,2.493929142857143,2.4282882285714287,2.3176133142857145,2.2731045714285716
R510,2.2543116142857142,2.250881314285714,2.2351713285714285,2.1801913285714285,2.140840314285714
R511,1.1102395285714286,1.0806843857142856,1.0861563142857142,1.05547387,1.0270990914285714
R512,1.4106988714285715,1.3523221857142858,1.2549551285714284,1.1309819928571427,1.0727064114285714
R514,0.37177630714285714,0.38813006285714285,0.38064365000000006,0.37616509285714284,0.37835598
R515,0.7587043814285713,0.8373626428571429,0.8685263928571428,0.8878137457142856,0.9078450542857143
R516,2.4379577714285716,2.4742974714285713,2.472645814285714,2.442628357142857,2.392465357142857
R517,1.5324070857142857,1.4341134714285713,1.328238042857143,1.2124866571428572,1.14167345
R518,1.811310185714286,1.587504914285714,1.3989818285714286,1.4093402714285717,1.3967243428571428
R519,2.1804367285714283,2.0924919714285717,2.0381954714285713,2.0942122857142857,2.0884537857142855
R520,2.0739534857142856,1.9264757,1.8532813000000004,1.8522561571428573,1.8257496857142856
R521,1.8158157857142858,1.7601115285714286,1.7460594857142857,1.7370288714285718,1.7726303571428572
R522,1.5094706714285715,1.3384169714285714,1.2386682142857144,1.2650958428571428,1.1953393857142858
R524,2.3775918285714286,2.321169714285715,2.2363983000000003,2.238008928571429,2.210328614285714
R525,1.6155441571428573,1.6048519,1.5668039285714284,1.6299626714285715,1.626703257142857
R526,1.8026560428571428,1.7919844,1.7931773142857141,1.8719242999999999,1.8562101
R528,1.196333964285714,1.10107771,1.0761048085714287,1.130742757142857,1.1356375814285715
R529,3.0000321571428574,2.9481034142857143,2.8844178142857144,2.892329828571429,2.8800265714285715
R53,1.8161977285714284,1.7575594,1.7153010285714285,1.6122676571428571,1.5686652
R530,2.6065812285714283,2.4851885714285715,2.3666610857142856,2.375388671428571,2.3510738571428575
R531,1.7317465571428574,1.5246171571428573,1.3595915428571428,1.3920633571428571,1.3780699571428572
R532,1.9528207857142859,1.7900948142857143,1.7252309999999997,1.710086757142857,1.681937042857143
R533,2.9794838142857145,2.7936231571428576,2.6536154714285716,2.6211454714285716,2.5825215
R534,2.81986,2.6502082714285713,2.5295276857142857,2.5001556714285718,2.4514066
R536,3.5556375285714283,3.438777985714286,3.331368585714286,3.2838375285714285,3.238321471428571
R537,1.3241417999999998,1.2125419999999998,1.1066194857142857,1.1401503285714285,1.1676851857142856
R538,1.5410485571428574,1.4749893142857144,1.4349867857142855,1.4256982285714288,1.4402978571428575
R540,2.3300223571428567,2.2385469285714286,2.1613838285714286,2.2013870428571427,2.1836208714285714
R541,3.5069580142857144,3.460688185714286,3.3898529857142856,3.3838857999999994,3.3297410714285713
R542,0.8504287785714286,0.7051142328571427,0.5850898928571429,0.592151777142857,0.5661523628571429
R544,4.5043192,4.428359657142857,4.362305071428572,4.3472319,4.273777542857142
R545,2.244224157142857,2.1207203142857147,2.0264975285714284,2.0491166714285716,1.9901240999999998
R546,1.06149841,0.8572543057142857,0.7048618585714286,0.7091495457142857,0.67643119
R547,2.5743740857142856,2.4661248857142857,2.3973291142857143,2.380401,2.3067263285714286
R548,0.745188342857143,0.6205133042857142,0.56356387,0.6069205328571429,0.5859484985714286
R549,3.0246824571428568,2.964729342857143,2.896289142857143,2.896976914285714,2.8282642857142855
R55,1.1865011285714284,1.258748957142857,1.3032375142857142,1.2846357285714285,1.2788823428571428
R551,3.289280428571429,3.3314422,3.305492414285714,3.3297734285714284,3.289835014285714
R552,0.9795209114285713,0.8045044585714286,0.7284674271428572,0.7930981128571428,0.7474338857142857
R553,2.7761795857142855,2.6293023,2.537769885714286,2.524900614285714,2.4900548285714286
R554,2.7697200142857143,2.5459879571428568,2.3665594857142858,2.3415419571428573,2.307586171428571
R555,2.5136392285714284,2.4476059428571424,2.335732971428571,2.3564835,2.333171742857143
R556,2.429703942857143,2.2758413571428573,2.174354242857143,2.163542157142857,2.1253443285714284
R557,2.491344571428571,2.4406459285714286,2.4303394,2.480122242857143,2.4232909857142855
R559,3.5614769714285717,3.4294551142857146,3.300784357142857,3.2450298714285712,3.2028100142857143
R56,2.828914414285714,2.828305342857143,2.8298743285714285,2.7537997142857145,2.6948029285714283
R560,1.4998604,1.4228581000000002,1.3561742142857143,1.4235574571428573,1.4375813714285715
R561,0.8862351957142857,0.7345148371428571,0.6225902085714285,0.65895823,0.6881145499999999
R562,1.7084795428571429,1.6818947285714285,1.5891793857142857,1.4565789285714286,1.4169705857142856
R564,0.8384330228571428,0.8489605671428571,0.7736429614285714,0.6488020942857143,0.5794718585714286
R566,1.7394227857142857,1.7720531285714287,1.7067706285714286,1.6313436571428572,1.6023767857142857
R57,0.74968755,0.82765124,0.9044387857142856,0.9266762842857142,0.9385736071428571
R570,1.6662519428571427,1.6681561285714286,1.6035654285714287,1.491626042857143,1.4555441428571427
R571,1.336570785714286,1.3766566,1.3470612857142856,1.3034961,1.252918042857143
R572,0.9174576385714286,1.028076392857143,1.0557502485714285,0.9977058571428571,0.9459332957142857
R573,0.93227555,0.9486259814285715,0.8622415785714285,0.7636767642857143,0.6840495385714286
R576,1.1190837657142858,1.1462925428571429,1.0783544071428572,0.97857959,0.9264095442857142
R577,0.7694085342857144,0.8353058514285714,0.8642188271428571,0.8109907157142856,0.7546774814285715
R578,0.8687984585714286,0.8614692228571429,0.7705657728571428,0.6562976871428571,0.5736130371428573
R579,0.9324001242857143,1.0064968342857143,0.9575926814285713,0.84840697,0.7852565885714285
R581,1.858045457142857,1.8930647285714284,1.8458899857142856,1.7843355857142857,1.7097936714285713
R582,0.8088633171428573,0.8007919857142857,0.7363006128571429,0.6279161014285713,0.5650805514285715
R583,0.758214737142857,0.8211185071428572,0.8421191714285714,0.7753149442857143,0.7106774671428572
R584,1.3206399142857144,1.3888054142857142,1.3481013285714287,1.2591609428571429,1.1982146285714284
R586,0.7578779271428572,0.7538460614285715,0.6771435814285715,0.5538054085714286,0.48000264714285706
R587,1.0095095142857142,1.0142620514285714,0.9465886128571429,0.8231439257142856,0.7612835785714286
R588,0.0,0.0,0.0,0.0,0.0
R59,1.1436479642857142,1.177843842857143,1.1980608857142858,1.1003196199999998,1.035723052857143
R590,0.5017755128571428,0.5164512585714286,0.46601755428571423,0.3629016028571428,0.32758346857142856
R593,1.3613160571428569,1.3814035285714286,1.3818869142857142,1.3072987285714286,1.251099257142857
R595,0.22936548571428572,0.19784976785714287,0.10602828514285714,0.015843255342857143,0.0014066015000000001
R597,0.5212182814285714,0.4765834285714285,0.39664145714285715,0.26681690571428573,0.22718669485714285
R598,0.3081314214285715,0.32827544000000003,0.3137768514285714,0.20449759185714284,0.16380718714285716
R599,1.2377985571428571,1.2499322428571429,1.2266420714285715,1.1622864285714287,1.0950738714285715
R6,2.1039238428571427,2.0320851,1.9580665142857143,1.8352087857142858,1.747745
R601,0.6368657414285713,0.6411843228571428,0.57256587,0.4669551157142858,0.3995413757142857
R606,0.7875401099999999,0.8509490000000001,0.8739400485714286,0.8079967699999999,0.7435390842857144
R607,1.2464591142857144,1.2765374428571428,1.2549443,1.1844573571428572,1.1378015428571426
R608,0.9041659128571429,0.9392217942857144,0.96762919,0.89346262,0.8106246671428572
R609,0.3946451385714286,0.39730982285714284,0.34234907,0.23317921285714288,0.1993109142857143
R61,1.6918367571428572,1.7043200571428572,1.6686055571428573,1.5689626285714289,1.4930026285714286
R612,0.7741731571428572,0.8638261585714285,0.8346342757142856,0.7366883314285715,0.6714428028571431
R614,0.0,0.003161736857142857,0.0,0.0,0.0
R615,1.18313715,1.278514014285714,1.3158019428571428,1.2539937142857143,1.2209310300000003
R618,0.6547279899999998,0.7640645142857144,0.7857937185714287,0.73900666,0.6932397814285712
R619,1.4780450142857142,1.504307542857143,1.450765442857143,1.3736497714285714,1.3114194714285714
R62,2.513332028571429,2.418487442857143,2.3313162285714286,2.1978867142857146,2.1081003142857146
R620,0.8594799071428573,0.8596929642857143,0.7908618599999999,0.6641921928571429,0.6126176185714286
R621,0.8834080114285714,0.8904926471428573,0.8117916371428572,0.6860600042857142,0.62467655
R623,1.0027886428571429,1.0781657957142856,1.1111441499999999,1.0273822057142856,0.962581037142857
R624,1.1849344,1.2017185571428572,1.1561619285714286,1.0498852442857143,1.017664307142857
R626,1.870191257142857,1.8642962428571432,1.8088461571428573,1.7046525857142858,1.6680041142857145
R627,0.14511033357142858,0.13130347814285714,0.07209348777142856,0.027454648142857144,0.015415004428571428
R629,0.67166972,0.6584594771428571,0.5752656171428571,0.43847604142857144,0.37383403857142855
R63,1.2749827571428571,1.3515560857142856,1.3585689,1.2577599714285714,1.2163029
R630,1.612612857142857,1.6731298714285714,1.619622,1.5191284285714286,1.4968033142857142
R631,0.8148174942857144,0.8088778328571429,0.7361514157142858,0.6231965714285714,0.5563389828571429
R633,1.2663192428571428,1.3576083714285716,1.3902423857142858,1.3170930571428572,1.2812502857142858
R635,1.4792013999999998,1.4898589,1.4391180142857143,1.3488413285714285,1.2830752571428572
R638,0.5206052114285714,0.6250780942857143,0.5638588085714286,0.45076800571428566,0.4312017328571428
R64,0.7661405414285715,0.8410742328571429,0.8642215585714286,0.8042202814285714,0.7576703271428572
R642,0.26332226857142854,0.29114305942857144,0.27672173285714285,0.1814701234285714,0.15574289942857145
R645,1.4899367714285714,1.4835896285714285,1.4236738571428573,1.297772157142857,1.2423804999999999
R646,1.970732028571429,2.0050827285714283,1.9423244142857143,1.8649090714285712,1.8337543285714286
R647,1.4358324857142857,1.4291943714285715,1.360219857142857,1.2385164857142859,1.191656514285714
R648,0.9436265200000001,0.9693359614285714,0.8895545314285714,0.7751449057142857,0.7135801585714285
R649,1.0404499185714287,1.0460702214285715,1.0166756142857143,0.9012810357142856,0.8571085642857142
R65,0.03344639714285714,0.009388446857142857,0.006409628,0.0,0.0
R651,1.2690020571428573,1.3018019428571428,1.2767662714285712,1.1615780714285715,1.110938542857143
R653,0.9330497428571427,0.9289767342857143,0.8736131742857143,0.7885722771428572,0.7221506714285714
R655,0.3713293271428571,0.39176281857142853,0.35393082857142855,0.23936968285714286,0.2025521485714286
R659,0.0,0.0,0.0,0.0,0.0
R660,1.3934427857142855,1.4724065714285712,1.5132259999999997,1.4683708857142856,1.411412714285714
R663,1.1980269285714285,1.280149057142857,1.3056098571428572,1.2319302000000003,1.1763650142857143
R664,0.7634611185714286,0.8232007,0.8253822757142856,0.7675262414285715,0.73116668
R665,0.7923166085714285,0.8205354814285715,0.8254857742857142,0.7767113157142858,0.73217655
R666,1.2136686,1.2865470285714287,1.2304121142857143,1.1138193757142858,1.0399585785714287
R667,1.3646084999999997,1.4009818,1.378923142857143,1.3289508285714287,1.2637161142857143
R668,0.23760380142857146,0.24165965857142857,0.1911655142857143,0.10087001142857141,0.059543047
R669,0.3834497728571428,0.38056438142857146,0.34568060857142857,0.24712300142857144,0.17561066057142855
R67,0.121841159,0.13580702014285714,0.12392146200000001,0.07441592157142858,0.05972937188571429
R670,1.1176635785714286,1.1818741714285714,1.1220044999999998,1.005802942857143,0.9206907914285715
R671,1.059198054285714,1.1233963657142856,1.1273773385714285,1.0981375514285714,1.0552251628571427
R672,0.6678875785714284,0.6547949057142858,0.6282784014285714,0.5410754314285715,0.4894478128571428
R673,1.160417342857143,1.1845397857142856,1.0944107385714286,0.9614554928571428,0.8679422485714285
R674,1.1297515571428571,1.1134225,1.0064958128571428,0.8989640314285715,0.8107732571428571
R675,0.33116487714285714,0.3422126035714285,0.3077713085714286,0.23990237857142857,0.19166043571428568
R676,1.2542727857142857,1.2857032428571427,1.2148871285714284,1.0952468214285713,1.0326785342857143
R677,0.19710940999999998,0.2499518205714286,0.18979510142857142,0.09173248385714285,0.053121634571428565
R678,1.0927925571428572,1.1593704142857142,1.1054434142857144,1.0286890214285713,0.9724726942857143
R679,1.0526621114285715,1.1398879857142856,1.1034461142857144,1.0096308642857144,0.9314210571428572
R68,2.2863589,2.3029113857142858,2.4405747285714283,2.487620614285714,2.5449679714285716
R680,0.40220226571428574,0.3877855614285714,0.37126276857142854,0.2903556985714285,0.2271959602857143
R681,0.19155524514285713,0.2061039057142857,0.16564413385714286,0.08817827642857143,0.03631406185714286
R683,0.82145764,0.8685852028571429,0.9125344957142857,0.8697032928571428,0.805411907142857
R684,0.8823407814285716,0.87939563,0.7951760585714285,0.7011100342857143,0.6146505328571427
R685,1.2323877857142858,1.3527571999999999,1.323582657142857,1.221123857142857,1.1507238714285717
R686,1.1120655999999998,1.093136314285714,1.0278382142857143,0.9389165914285714,0.8671962071428572
R687,1.1811103428571428,1.2551394142857144,1.1820566714285714,1.0861056000000002,1.0112315342857143
R688,1.1139398857142857,1.1659509571428572,1.205466157142857,1.1580711142857143,1.1244232857142857
R69,3.586152571428571,3.6739642,3.8415305857142856,3.919483085714286,3.935284242857143
R690,1.030200232857143,1.0494843428571428,1.0472188185714286,0.9772376957142856,0.9133692485714286
R691,1.1122198857142858,1.0964183285714286,0.9893510085714287,0.8787948785714285,0.7881761785714286
R692,0.6995005285714285,0.7407536428571427,0.7134859842857143,0.6486810842857142,0.60154425
R694,1.3275770857142857,1.3602057999999997,1.2905602857142857,1.1732495914285717,1.111451757142857
R697,0.40380066,0.40160403857142857,0.35560463000000003,0.26340561142857144,0.20348145185714286
R698,0.37122796571428573,0.3726804071428571,0.34816221999999997,0.2792184457142857,0.22913356285714287
R699,1.2635561714285717,1.3519849428571429,1.317516757142857,1.2094091428571427,1.1215015857142856
R7,0.7410949357142856,0.6119944728571428,0.5178759257142856,0.39713074571428575,0.3559602685714286
R70,1.6737351857142857,1.5862064142857142,1.6359927000000003,1.6192913,1.669658814285714
R700,1.3114418142857143,1.3818364000000003,1.4268367714285712,1.3878389,1.336047842857143
R701,0.10584475185714284,0.10757369640000002,0.08231030228571427,0.019045949,0.0
R702,1.3195031142857143,1.4063851999999997,1.3425649285714285,1.2128985857142855,1.13760405
R703,1.3351159428571429,1.4299274714285717,1.3947954285714286,1.2900789571428573,1.2066872942857143
R704,0.9233544942857144,0.9191562585714286,0.8141411100000001,0.6913741499999999,0.5868009671428572
R705,0.0,0.0,0.0,0.0,0.0
R706,0.19289038857142857,0.18759373142857141,0.16731221142857142,0.08992697457142858,0.04588525628571428
R707,0.47428555285714286,0.46957615571428574,0.48051912714285716,0.42159616857142856,0.36141855142857143
R708,1.096105677142857,1.1395605285714285,1.175296457142857,1.1430532285714285,1.0807173142857143
R709,1.1118988857142857,1.139408,1.1471918285714284,1.0902481342857142,1.0325845228571426
R71,1.3899118000000001,1.4916864285714284,1.7008741142857144,1.795253728571429,1.837462428571429
R710,1.212507757142857,1.297307842857143,1.2582974142857142,1.1483750999999998,1.0598167914285714
R711,0.13933982214285714,0.1261675857142857,0.10235503857142857,0.025944607071428573,0.006605182428571429
R713,1.1276017857142857,1.1752245,1.2094967142857143,1.1567799,1.1175191142857144
R714,0.8002148671428572,0.8324150271428571,0.7578993142857142,0.6554980557142857,0.5835633142857143
R715,0.6600161,0.6573685071428572,0.6428249685714286,0.5689212699999999,0.510765702857143
R716,1.1342293142857145,1.1183513428571428,1.0044386900000002,0.8729232928571429,0.7674856099999999
R717,1.15409815,1.2313520142857144,1.2356821,1.1764051000000002,1.1312121857142856
R718,0.9376905057142857,0.9443096842857143,0.8392543771428571,0.7242122928571427,0.6239383885714286
R719,1.0181759857142858,1.0783213728571428,1.1022770414285714,1.0800418999999999,1.0257522285714287
R72,2.2738129428571425,2.393179214285714,2.582333671428571,2.6962225,2.7897487142857145
R720,0.9951652714285714,0.9932421300000002,0.9777126114285714,0.9456582857142858,0.8919612971428572
R721,1.0375294042857144,1.1340371714285715,1.083075537142857,0.9723282500000001,0.9121786357142857
R722,1.3456375,1.4132321857142855,1.3348497428571429,1.2286906428571431,1.1645888757142857
R723,1.0906156785714285,1.0893788428571427,0.9804540728571427,0.8592907914285715,0.7602465742857143
R724,1.3454647285714287,1.3427481142857143,1.2575007714285713,1.1615957,1.0754982814285714
R725,1.033053037142857,1.1384337714285715,1.120218124285714,1.016787227142857,0.9667272857142857
R727,1.01096323,1.033492957142857,1.0403923814285714,0.970823477142857,0.9303635257142856
R729,0.47820245,0.4989437685714286,0.5034295885714287,0.4437196057142857,0.40387859428571427
R73,2.2897587285714285,2.210205971428571,2.282245328571429,2.2962715,2.3296783142857143
R730,1.4991797142857144,1.4693618142857143,1.3652778428571426,1.265994342857143,1.1695307571428573
R731,0.36289244,0.3812679128571429,0.34251289285714287,0.27563182428571426,0.21611018714285707
R732,1.1939058285714286,1.2384034857142858,1.1669469857142858,1.0745985371428572,1.0056817342857143
R733,0.7395125657142857,0.7540899871428571,0.6848735671428571,0.5909497257142856,0.5060360728571428
R734,1.2452620571428572,1.2721543000000002,1.3019658428571428,1.2979396142857145,1.2494001285714285
R735,1.2502689714285715,1.2746391285714285,1.1795845714285715,1.0564023485714285,0.9645409414285714
R736,0.9833531814285715,0.9693940928571428,0.8784465857142857,0.7652106414285715,0.6718580057142856
R738,1.0543606142857145,1.098991257142857,1.108250242857143,1.0761576857142858,1.0345617371428573
R739,0.7264705342857143,0.71530937,0.7059922757142856,0.65885086,0.6059671171428571
R74,3.482206471428572,3.6616840285714285,3.8618351,3.9471665857142857,3.9963658000000004
R740,1.002033807142857,1.0070783342857144,0.9056882300000001,0.7891706414285713,0.6960960942857142
R741,1.3349799,1.3683546,1.2849906142857142,1.1677891714285715,1.0843616042857143
R742,0.19551091571428572,0.18017964514285717,0.13715713471428573,0.05805327252857143,0.020384345999999998
R743,1.300614542857143,1.2922201571428573,1.2202894857142856,1.1293555857142858,1.0676593385714286
R744,0.6452887385714285,0.6761898857142856,0.6085647442857144,0.5184406657142857,0.43998952428571425
R746,1.4002268285714286,1.4646708714285714,1.4233282857142857,1.3488275428571428,1.2912302
R747,0.9686948357142857,0.9833227571428571,0.8917340600000001,0.7876562985714287,0.7049801071428572
R748,0.7697351085714287,0.8439374342857144,0.8901794528571428,0.8588730614285713,0.8116374657142857
R749,0.05362669014285714,0.050066470714285716,0.038732272914285715,0.0033432244285714285,0.0
R75,2.8319716428571424,3.0568632571428576,3.3270629285714284,3.460864342857143,3.497422514285714
R751,1.022790157142857,1.1316910857142857,1.102154,1.01168425,0.94733618
R752,0.8287720928571429,0.8380907528571429,0.76300178,0.6616604514285714,0.5708844142857142
R753,0.4942699757142857,0.4929359071428571,0.46253782428571427,0.3705790428571429,0.3126367171428571
R754,1.0689925142857142,1.1141492714285715,1.1331492285714286,1.0973762,1.0424639857142857
R755,1.113647557142857,1.1127917285714286,1.1293963571428571,1.0701765714285714,1.0195257014285712
R756,1.9898550428571429,1.9589829285714284,1.877182957142857,1.7244175428571429,1.6651752142857144
R757,0.28501518142857146,0.3325655914285714,0.2980190228571428,0.20466155714285714,0.18949659571428573
R758,0.30820405428571424,0.30266739571428575,0.2607988985714286,0.14321211528571426,0.070165582
R759,1.9696045142857141,1.977941942857143,1.9246751571428573,1.7894788857142854,1.7066622285714284
R76,2.487520214285714,2.475610314285714,2.5339628000000003,2.5302725571428577,2.617557742857143
R760,0.8030917171428571,0.8717091614285714,0.8861301585714286,0.7979210728571429,0.7833249342857143
R761,1.0433853428571427,1.0513753000000001,1.0516408428571427,0.95934028,0.8904648028571429
R762,0.7484469899999999,0.7446670299999999,0.7203430457142858,0.5809673828571428,0.5125532271428571
R763,0.013074874714285714,0.0298217371,0.041832540571428566,0.018629568285714288,0.02872453428571429
R764,0.9913960185714286,1.0060884414285716,0.9771335742857143,0.899676967142857,0.8277742614285714
R766,2.2088792142857145,2.226912071428571,2.177311742857143,2.060593485714286,1.9756449428571428
R767,1.0929870000000002,1.0656957142857142,1.0393857857142856,0.9117822857142858,0.8350774571428571
R768,2.6809269285714286,2.7248445285714284,2.704378771428572,2.5949255428571427,2.536008
R769,2.2629806571428572,2.2690717428571427,2.1944907999999996,2.091834557142857,2.0251020714285715
R77,2.359252628571429,2.4406249571428567,2.613318771428571,2.7173144571428574,2.7843337285714287
R770,2.2888884142857147,2.303106185714286,2.2042960714285713,2.0465728857142857,2.0090543571428574
R771,0.0,0.0,0.0,0.0,0.0
R772,1.2218157142857144,1.181205857142857,1.1527361857142857,1.0297922285714285,0.9592325785714285
R773,2.1169635,2.0823276428571433,1.9823858142857147,1.8909065999999999,1.827954257142857
R774,0.7510950985714285,0.7537244228571429,0.720452,0.6372289185714287,0.5698988657142857
R775,2.238739171428571,2.259417242857143,2.169242042857143,2.0251285428571433,1.9883875
R776,2.1842178857142853,2.186593685714286,2.1273587,2.0356819,1.9848504714285717
R778,0.9310028442857142,0.9814623071428571,0.9977984857142855,0.89025062,0.8462001642857143
R779,2.4861821571428573,2.5135353428571428,2.469091457142857,2.3536442,2.2878930142857143
R78,0.8805472442857142,1.1252655042857143,1.3819084285714287,1.5670273571428572,1.6622776
R780,1.4796129142857144,1.5662037857142859,1.5569569142857145,1.4560998142857144,1.4152714285714283
R782,1.4584404714285717,1.502295857142857,1.4718616285714285,1.3785386000000002,1.3360456428571428
R784,0.37116383000000003,0.36260257285714287,0.2875907414285714,0.17723151500000003,0.14270957785714286
R785,2.322832057142857,2.3022593714285713,2.2363143,2.1405081999999997,2.1001794142857144
R787,1.9519688142857141,1.9441068,1.883501342857143,1.8083906857142862,1.7429214285714285
R788,0.2209734242857143,0.20871015857142858,0.19349721357142857,0.06583416383285715,0.039116587142857144
R789,0.8953736785714286,0.8682838457142855,0.8260945971428572,0.7048773242857144,0.6600848985714285
R79,2.4183753285714285,2.3901267,2.481969614285714,2.5041534000000003,2.4939689428571428
R790,1.4974495857142858,1.5374593285714284,1.536397042857143,1.4665007285714284,1.4141964857142857
R791,2.1588972285714285,2.193975657142857,2.1043606,1.9651897999999999,1.9410562857142857
R792,2.0880614,2.0590592285714284,1.9999858,1.8528077714285713,1.7746467714285714
R793,1.4037386714285716,1.4605208,1.469886442857143,1.3797492285714286,1.332890442857143
R794,2.442849,2.4870634714285713,2.455046928571428,2.3340879142857145,2.2733970428571433
R795,2.0765192142857143,2.0941392999999997,2.0324639714285717,1.939987557142857,1.8653319142857145
R796,0.0,0.0,0.0,0.0,0.0
R797,1.7937231857142855,1.8187187857142857,1.769227942857143,1.6489306142857143,1.6029530857142855
R798,0.49721552,0.5471190571428571,0.5393873057142857,0.47258099,0.4806316257142858
R799,0.2349857102857143,0.18646769914285713,0.11470827142857143,0.01625231342857143,0.003497770857142857
R8,2.222010357142857,2.180194371428571,2.1128992857142856,1.9827609,1.8898428142857142
R80,3.406943557142857,3.596673071428572,3.8160037,3.966362742857143,4.013152185714286
R800,0.92923212,0.963007362857143,0.9725343514285715,0.9079486071428571,0.8596532228571429
R801,1.1503189714285715,1.1389767714285715,1.0697141714285714,0.9467441814285715,0.8864031471428572
R802,2.2851705285714283,2.2320745428571427,2.1123074,1.9679929999999999,1.9287756285714288
R803,1.6004284571428573,1.6322919285714284,1.6219339428571427,1.5344105857142858,1.484087142857143
R804,0.6424643142857143,0.6337538571428573,0.6173610328571428,0.48157411285714286,0.4312187257142857
R805,1.5364570857142859,1.547950457142857,1.5012871285714287,1.3648577857142856,1.3009749285714285
R806,1.7940290571428572,1.8131880428571427,1.7747691857142858,1.6526259285714286,1.5840025000000002
R807,1.8528794142857146,1.9022609428571429,1.9073582857142857,1.8012203142857144,1.7647323714285714
R808,0.0,0.0,0.0,0.0,0.0
R809,1.4822356714285714,1.5232407857142858,1.520491642857143,1.4550774428571427,1.4285671
R81,2.0001316,1.9652911142857143,2.0813499714285717,2.1150595714285716,2.188447214285714
R810,0.0,0.0,0.0,0.0,0.0
R812,0.0,0.0,0.0,0.0,0.0
R813,0.2582176228571429,0.2796690128571428,0.24314721971428568,0.12060298057142857,0.08453577
R814,2.1450736714285714,2.101155042857143,2.023800885714286,1.870152257142857,1.810964557142857
R815,1.1169447285714287,1.1376980857142858,1.0917259857142858,1.0108675371428573,0.9684184428571427
R816,1.7826924857142856,1.8095581857142855,1.7631615714285718,1.6577667285714284,1.601539957142857
R817,1.890756942857143,1.9185492285714285,1.8589616142857144,1.7446127,1.6927430714285714
R818,2.405318542857143,2.451191214285714,2.425094871428571,2.3027151857142854,2.249678771428571
R819,1.8532719714285713,1.8626764999999996,1.81037,1.6795765285714286,1.6298855428571428
R82,2.361379014285714,2.5716319142857142,2.777614171428571,2.840917585714286,2.895929071428572
R820,0.7961052714285716,0.8496406328571429,0.8161581028571429,0.715413457142857,0.6929889914285713
R821,0.6011258014285714,0.5979820185714286,0.6099014128571428,0.5352354542857143,0.47444400142857146
R822,2.3665331999999997,2.3751321000000005,2.2859645285714287,2.150498057142857,2.1034170285714286
R823,2.3069852857142856,2.321709328571429,2.260152,2.162573171428572,2.115560257142857
R824,0.5512354257142857,0.5900814357142857,0.5805692514285715,0.47131954000000004,0.45534996999999994
R825,0.1898971287142857,0.1799752682857143,0.12744561357142856,0.037504093714285716,0.023587533285714286
R826,2.033998214285714,2.014900414285714,1.931596342857143,1.8562798857142855,1.7975497714285713
R827,2.065996657142857,2.0497787857142855,1.9691791714285714,1.8956300714285714,1.838374285714286
R828,0.9814868142857144,1.0383970657142856,0.9895843085714284,0.8827110057142857,0.8842003957142858
R829,1.0925996285714286,1.1328193657142858,1.1281291814285714,1.075453247142857,1.0222081285714284
R830,2.2563473142857147,2.199319814285714,2.090682114285714,1.9729171857142855,1.938545542857143
R831,2.2503461142857146,2.3081276714285717,2.2810794857142858,2.195588842857143,2.134508657142857
R832,1.5322156142857144,1.5088775714285716,1.4126613285714285,1.2739820714285714,1.2217568142857143
R833,1.5956706,1.591425057142857,1.494381542857143,1.3461948142857143,1.3177075714285713
R834,1.8483923,1.8573734857142858,1.7827486,1.6460318285714286,1.6054472
R835,2.0817476285714287,2.0430421428571433,1.9578282285714288,1.8012505714285714,1.7523102714285714
R836,2.4566427285714285,2.4816339999999997,2.437924457142857,2.3196007714285716,2.258845942857143
R837,0.0,0.0,0.0,0.0,0.0
R838,0.7857523471428571,0.8221687214285716,0.76685981,0.6419035485714286,0.6131645242857143
R839,1.1345906,1.2025849857142856,1.1809576714285714,1.1224798285714286,1.0877967285714285
R840,1.9042740285714286,1.8718843571428572,1.8275466428571427,1.6870232285714286,1.6084959285714286
R841,0.0,0.0,0.0,0.0,0.0
R842,2.3385719000000003,2.370201942857143,2.295695571428571,2.188878342857143,2.1518428000000003
R843,1.1405119857142856,1.2125114571428572,1.1823103285714287,1.0715748,1.0404231957142858
R845,1.9729008,1.9823679714285716,1.9309597,1.799797242857143,1.7191527285714285
R846,2.436015857142857,2.4828926714285715,2.4492683428571427,2.3283042000000003,2.2731363
R847,1.7471476714285714,1.7726553,1.7429947857142858,1.6310646285714283,1.5716716285714285
R848,1.5008090285714286,1.5204437428571427,1.4872309142857143,1.3871843714285714,1.3339875285714287
R849,2.6135927857142858,2.6612212285714287,2.6289469571428574,2.5443794857142854,2.491221157142857
R850,0.0,0.0,0.0,0.0,0.0
R851,0.8086623657142857,0.8194338600000001,0.810453477142857,0.7348516257142856,0.6747210314285715
R852,1.9608080857142858,1.906000557142857,1.8153330857142858,1.678431628571429,1.629357542857143
R853,1.3022074142857143,1.3220475285714284,1.3158488714285714,1.2260718142857143,1.1937188285714286
R854,1.7836055428571427,1.8276356285714286,1.8191627142857143,1.7434816142857146,1.6868418571428574
R855,1.8211196142857144,1.7466038000000002,1.6868573,1.545248685714286,1.528027442857143
R857,1.9658681857142857,1.8967452142857144,1.772920714285714,1.6023278142857145,1.5547407285714285
R858,0.9504769,0.7954712985714286,0.70277016,0.5922850142857142,0.5609246985714286
R859,0.9863579185714285,0.8888609699999999,0.8177660157142856,0.70999278,0.7026921899999999
R86,0.45407232,0.4324263,0.41429542428571425,0.3185042142857143,0.29672724857142857
R860,0.6363814371428571,0.6099417542857142,0.5895285285714286,0.44645650000000003,0.42019583428571433
R861,1.9257270571428573,1.852069571428571,1.7309782285714286,1.5679480571428572,1.520899557142857
R862,0.5576793742857143,0.5505624457142858,0.5356736828571428,0.45008291714285703,0.45914420428571434
R863,0.8463223500000001,0.7639925557142856,0.6661679757142858,0.5558815128571428,0.5486473314285715
R865,1.3434316285714287,1.3866442857142858,1.4078524142857145,1.2943623857142856,1.276443557142857
R866,2.408203442857143,2.3690173428571426,2.337848128571428,2.3165456142857144,2.3090471285714282
R867,1.1439791657142855,1.0057914342857142,0.9114299114285714,0.8417428314285714,0.8472656414285714
R868,2.0967110285714283,2.0968218142857142,2.026325642857143,1.9616711857142857,1.9335769571428574
R869,1.9233077,1.9216912714285712,1.8628368428571427,1.8095002571428573,1.790741714285714
R870,0.8831016014285714,0.88214799,0.8430108771428572,0.7261442228571429,0.7043267685714285
R871,2.187754242857143,2.1350585,2.0927491285714286,2.018482642857143,1.9930170571428572
R872,0.5358936928571428,0.45638049714285717,0.4104520728571428,0.3109405028571429,0.34016984428571423
R873,1.173760507142857,1.2170265,1.23589,1.1171470185714285,1.1054594857142859
R874,0.6207829800000001,0.5201266728571429,0.4534531128571429,0.3792068042857143,0.3480644828571428
R876,2.1724644714285715,2.1953775285714285,2.1181177142857144,2.0185584285714286,1.9922886000000004
R878,0.1743248777142857,0.10308579085714285,0.03882755514285714,0.0,0.0
R879,0.6385044228571429,0.6080643114285714,0.6074383085714287,0.51276853,0.5276314157142857
R880,0.7715354942857141,0.6622486585714286,0.5874807314285714,0.5362334185714285,0.5458583657142857
R881,1.9054943285714285,1.890443457142857,1.8378370857142856,1.7764414285714287,1.7504890714285715
R882,1.6279775714285714,1.5103544857142857,1.450994642857143,1.4110812714285714,1.3867925714285714
R883,1.3370915857142855,1.3623147142857142,1.3777246285714284,1.3684539857142857,1.3825147285714288
R884,1.811489957142857,1.7482725428571428,1.6433900571428572,1.4816465571428572,1.4384776
R886,2.4896551142857146,2.3856241000000002,2.3218788285714287,2.236372257142857,2.1715925
R887,1.4254184,1.418612542857143,1.4149055000000001,1.4053655142857144,1.4002664
R888,2.1578513,2.0273777,1.991382142857143,1.9367143,1.945760585714286
R889,1.7747249999999999,1.6467137857142855,1.5767821714285712,1.5145357142857143,1.504288842857143
R890,2.6780339714285715,2.6393561142857145,2.6785389142857143,2.6468066142857145,2.6458967142857146
R891,1.9665763142857144,1.9473463714285715,1.9109143857142854,1.801036657142857,1.7677630714285713
R892,2.428179014285714,2.3980174857142855,2.4279237142857144,2.4045502714285716,2.4095715142857137
R894,0.73822606,0.6746981214285713,0.5811810728571428,0.4564568528571429,0.4538063214285714
R895,2.3162197714285715,2.2197787714285715,2.21958,2.1992905142857144,2.1883373
R896,0.2885259828571428,0.2601670685714285,0.2859606085714285,0.3005722085714286,0.3365194271428571
R899,0.12048813357142858,0.045070333428571425,0.004557286071428571,0.0,0.0
R9,2.6465550428571434,2.5489293285714285,2.4706865571428573,2.386260985714286,2.3244766857142856
R90,0.7226006842857143,0.6303971585714285,0.5556380399999999,0.4506853128571428,0.4220178857142857
R901,1.9617231142857143,1.9402578571428573,1.9907310285714284,2.0099173714285716,2.0365998285714286
R902,1.1987366285714285,1.1424462857142859,1.0889916142857141,0.9967938142857141,0.995157942857143
R903,1.8613020285714286,1.799216357142857,1.7414985285714286,1.6492800428571428,1.621353085714286
R904,0.9816828399999998,0.9247982585714285,0.8652768228571429,0.724095937142857,0.7234278142857143
R905,1.2968556,1.3088536057142857,1.3259332428571429,1.3281731,1.332392
R907,0.39465822428571423,0.39604215857142855,0.3568872414285714,0.31642912,0.3389845842857143
R909,1.7334199428571428,1.7809241,1.8412290142857144,1.8679106000000003,1.867899057142857
R910,1.8772323714285715,1.8053699142857143,1.7082775714285714,1.5447788428571432,1.4996979
R911,1.03994305,1.0177109957142856,0.9548518899999999,0.8659313457142856,0.8498059028571429
R912,1.1584562857142857,1.1074223857142855,0.9965719314285714,0.8847228342857142,0.8897946414285716
R913,1.6944724285714285,1.6116597714285716,1.4939312714285715,1.3421598142857145,1.2969999285714287
R914,2.002862157142857,2.0244249142857145,2.0937825142857145,2.112239757142857,2.133547557142857
R916,0.38933650000000003,0.4070977828571429,0.3782354557142857,0.34136188142857143,0.3653494871428572
R917,0.835115577142857,0.7794226399999999,0.7209799157142857,0.5911463957142857,0.60751886
R919,3.2380757571428576,3.1395335,3.162423928571428,3.1354652428571432,3.1557532428571435
R92,0.0,0.0,0.0,0.0,0.0
R920,2.0869692428571427,2.0293114285714284,1.9124497,1.7637971285714287,1.7343559714285715
R921,1.9107386571428573,1.8978058428571427,1.866105414285714,1.745136485714286,1.719504057142857
R922,0.027238411428571425,0.012195638571428571,0.002369225,0.0,0.0
R923,0.8982539357142857,0.7905235700000001,0.7235043800000002,0.6602869471428571,0.6367726242857142
R924,2.3574421,2.3477575,2.269421114285714,2.156563257142857,2.108074285714286
R925,0.6955001728571429,0.6350224485714285,0.5850302371428572,0.5038659642857143,0.5004288671428572
R927,0.0,0.0,0.0,0.0,0.0
R928,0.7503647742857144,0.6631388685714287,0.6054361857142858,0.5624842128571429,0.5688927171428572
R930,1.4623409285714284,1.3888201142857144,1.3190775285714287,1.2274103857142857,1.2167223714285715
R931,1.7516089571428572,1.672581957142857,1.642697242857143,1.6255151714285714,1.6054826142857141
R932,1.3962714285714284,1.3339540142857143,1.256467442857143,1.1382619857142857,1.1341235714285713
R933,1.866427,1.8687383142857144,1.8058364999999998,1.758449657142857,1.7383766000000003
R934,0.8539939642857143,0.7979887914285715,0.7277882342857144,0.6381285985714286,0.6333518957142857
R936,1.8432146,1.7441967999999999,1.6576217857142854,1.5563507571428572,1.507781457142857
R937,1.2602433857142858,1.2067498428571428,1.1288845857142857,1.05184235,1.00909448
R938,1.5609826285714286,1.4750916000000003,1.3793111142857144,1.2544607714285714,1.215474714285714
R940,0.7739059471428572,0.5587539314285713,0.46647443714285713,0.39239287857142857,0.34187075714285714
R941,0.4478985914285714,0.37591477714285715,0.2984416814285714,0.16767672085714286,0.15855693999999998
R942,1.8827914285714284,1.8541333285714285,1.9017147285714286,1.9262800571428573,1.9597705571428572
R944,1.5089480714285715,1.4262428428571428,1.3670096571428572,1.3299461285714285,1.3149975
R945,2.3220342714285716,2.2311016714285716,2.1991953285714283,2.1753098,2.1621885142857145
R946,2.0287694857142857,2.019210885714286,1.9608452285714288,1.8917736714285713,1.8716897428571428
R947,1.7543340428571432,1.6950275714285714,1.614877257142857,1.5226544714285715,1.4931575
R948,2.8319881285714286,2.691952814285714,2.6779689285714285,2.6137113999999997,2.603756957142857
R949,2.535635685714286,2.4748006714285715,2.5150900285714286,2.4981457714285713,2.5165933000000003
R950,0.3791835285714286,0.29619539571428577,0.20662168142857143,0.08230331932857142,0.06739124228571429
R951,2.2826601428571425,2.2454825,2.209813728571429,2.1813048428571427,2.1875392857142857
R952,1.236132642857143,1.1097558428571428,1.0301446785714286,0.9722586514285715,0.9608691814285714
R953,2.5269259857142856,2.5181710714285717,2.4360850857142857,2.3300706285714283,2.2830842857142852
R954,1.6865027142857143,1.5505150285714286,1.5007817428571428,1.4333229714285716,1.3972952
R955,1.7062407142857143,1.6372137857142857,1.535459242857143,1.4001638714285716,1.365020157142857
R956,2.0509927285714284,1.961209057142857,1.9420618285714286,1.8913778,1.8635611
R957,0.6545543814285715,0.5859617228571429,0.5375891571428573,0.40264076857142855,0.40188372142857137
R958,0.10326109628571427,0.06620834542857143,0.032136082,0.0,0.0
R96,0.51724498,0.43980144428571427,0.3836909557142857,0.2870389257142857,0.26731872
R962,1.2722520285714285,1.3833414714285712,1.3788301857142857,1.293356357142857,1.229671442857143
R963,0.6809527757142858,0.7755906285714286,0.7070143314285714,0.5840426971428572,0.5559494714285714
R966,1.3673764428571429,1.3339921571428572,1.2629917857142858,1.1399979857142857,1.0383818571428571
R970,1.5625634571428573,1.6368251571428571,1.5832684999999997,1.4949253571428571,1.4327375857142857
R972,1.591934057142857,1.6777711571428569,1.639981657142857,1.5286469571428571,1.4897852428571425
R973,1.5270236285714283,1.6224945428571431,1.5652417428571428,1.4236736142857143,1.3724474
R974,1.2701042857142857,1.3019418999999999,1.2131712142857143,1.0813815714285715,0.9947609571428571
R977,1.7289547142857142,1.8244148142857146,1.7417893428571432,1.5962872714285712,1.5667597142857144
R979,1.4547375857142855,1.5032229000000001,1.3993756285714285,1.2592107000000001,1.2290656857142856
R980,1.3629094285714285,1.3997580714285713,1.3246688714285713,1.2133058571428574,1.1372444385714284
R982,1.4291985142857144,1.5211040428571427,1.4685613142857143,1.3450212,1.280738
R985,1.4548125142857142,1.4758847714285712,1.3939690857142857,1.2924057142857142,1.2215436228571426
R989,1.0632941814285715,1.1023854857142859,1.0207465585714286,0.8880466771428572,0.8255618385714286
R990,1.4407830714285716,1.5335272571428573,1.4702287285714284,1.3241634,1.2719108285714285
R992,1.4588503714285714,1.4682803999999998,1.3969097714285716,1.2668657857142858,1.2076841285714284
R995,1.787626442857143,1.795220157142857,1.7416821714285715,1.6166456999999999,1.5554148714285714
R999,1.4046629285714285,1.5024895571428571,1.4623515285714286,1.3495740000000003,1.2989660285714284
