region_id,pred_week1,pred_week2,pred_week3,pred_week4,pred_week5
R1,0.77339375,0.6441287,0.5574208,0.4348263,0.37044805
R2,0.20723581,0.17239606,0.24204731,0.20405197,0.20636332
R3,1.6045599,1.5197988,1.5156443,1.4428837,1.4008102
R4,2.361682,2.397448,2.3750544,2.2646852,2.2198663
R6,2.0351958,1.9600042,1.9021001,1.784155,1.7106411
R7,0.7947531,0.65902185,0.5805534,0.45569074,0.41037
R8,2.2179766,2.1727881,2.115318,1.9965515,1.9173616
R9,2.6238859,2.5169203,2.45909,2.3794138,2.3432891
R11,1.4571993,1.4085321,1.3753755,1.2659473,1.1798439
R13,0.14665377,0.10197008,0.117063046,0.06332135,0.038610816
R14,1.7981308,1.7710376,1.7743869,1.6707134,1.6320026
R15,2.4550667,2.45573,2.4512718,2.3453655,2.2725031
R16,1.4634538,1.3519061,1.2701712,1.1634986,1.0806282
R18,1.3913927,1.2599078,1.1792498,1.0360339,0.9708837
R19,2.920036,2.8248863,2.776352,2.6724174,2.6399653
R20,1.9759127,1.8780318,1.8115667,1.7009456,1.6503094
R21,1.07676,0.98257303,0.9449754,0.8300805,0.7988546
R23,2.0590296,1.9468176,1.8792264,1.7478666,1.6662251
R24,1.2452306,1.152799,1.101392,0.9628899,0.8897494
R25,1.5298624,1.5979421,1.593282,1.499825,1.4561869
R26,1.828204,1.6969671,1.6123263,1.4762721,1.40342
R27,1.1188954,0.9939691,0.9235951,0.7878034,0.7375262
R30,0.0035238266,0.027240992,0.035360813,0.0,0.0
R31,1.7384766,1.6089212,1.5093089,1.3575114,1.262484
R33,0.40081918,0.40856767,0.43963218,0.37354207,0.3407308
R34,2.5032656,2.524225,2.5417342,2.5089977,2.530837
R35,0.7964567,0.86102104,0.92026794,0.91241455,0.9164643
R36,0.5326965,0.5913849,0.5852127,0.49298596,0.4051597
R37,1.7304335,1.8073308,1.8245867,1.7352147,1.6731728
R41,2.6040537,2.4924564,2.428614,2.343621,2.3038938
R42,0.061770916,0.10155749,0.0973866,0.0,0.0
R43,1.3756135,1.2831857,1.2181433,1.0874532,0.99035716
R44,2.4701412,2.500605,2.539764,2.5005853,2.4897385
R45,0.9616339,0.9921116,0.95450914,0.86554044,0.80907404
R48,1.8305151,1.8823671,1.8379354,1.7292109,1.6814069
R49,0.0,0.0,0.0,0.0,0.0
R50,0.0,0.0,0.0,0.0,0.0
R51,2.5956802,2.5113573,2.458988,2.3505898,2.3087764
R53,1.8481873,1.7835171,1.751477,1.6522685,1.6101668
R55,1.1676093,1.2584054,1.3302977,1.3213419,1.3359901
R56,2.7351995,2.7120013,2.7222886,2.6514807,2.6178296
R57,0.80740654,0.86529744,0.9587047,0.9663025,0.984259
R59,1.2350564,1.2468903,1.2680187,1.1642692,1.0711048
R61,1.775162,1.7745435,1.7525344,1.6517591,1.5621331
R62,2.557098,2.4530163,2.3962111,2.273035,2.2095215
R63,1.2477175,1.3264359,1.3548422,1.2651191,1.2327819
R64,0.8328235,0.89873385,0.9427235,0.87896204,0.8172574
R65,0.04395902,0.0,0.0,0.0,0.0
R67,0.10901821,0.114881754,0.11376238,0.046501875,0.0018353462
R68,2.2024992,2.2535381,2.39713,2.4695165,2.49665
R69,3.3184817,3.4803987,3.6853876,3.785811,3.793599
R70,1.5744009,1.5276186,1.6044571,1.6177359,1.6187289
R71,1.1644752,1.3233386,1.5612817,1.672974,1.6796417
R72,1.9577991,2.140956,2.359283,2.5038161,2.574966
R73,2.2244802,2.1447775,2.2494235,2.2597752,2.271489
R74,3.072071,3.3926797,3.6053648,3.7241292,3.6921444
R75,2.6335287,2.9699073,3.2719297,3.4306283,3.402289
R76,2.109866,2.2114315,2.310723,2.3456407,2.3761716
R77,2.2376366,2.3670359,2.559836,2.6884942,2.7293565
R78,0.5357876,0.9073572,1.2143519,1.4244981,1.4691067
R79,2.3151386,2.3896003,2.515476,2.555122,2.4864888
R80,3.1081798,3.3959112,3.6512427,3.8222032,3.84652
R81,1.9024143,1.9353126,2.0768025,2.116943,2.133696
R82,1.9238586,2.2524705,2.481759,2.5747132,2.5822387
R86,0.47068262,0.4169451,0.4193957,0.33134878,0.30061066
R90,0.7383113,0.6224326,0.5836965,0.49861002,0.47872794
R92,0.0,0.0,0.0,0.0,0.0
R96,0.5223207,0.45302916,0.4359017,0.35310113,0.31965154
R111,0.44795468,0.40702546,0.4221851,0.3503954,0.33169875
R119,1.14282,1.1002667,1.1029236,1.0311787,0.9894062
R123,0.79197335,0.73979414,0.77037674,0.70366764,0.71029806
R128,1.4704238,1.3491995,1.310345,1.2051287,1.1343648
R129,0.0,0.0,0.0,0.0,0.0
R132,0.42710733,0.35874534,0.34552884,0.24772352,0.21141338
R149,1.1989751,1.0719326,1.0519829,0.9535129,0.91596687
R152,1.9432124,1.8444506,1.7695743,1.644517,1.551816
R158,3.3649392,3.397223,3.3025367,3.343454,3.3150592
R159,2.576618,2.4365194,2.2778847,2.2476916,2.2628036
R160,2.6007495,2.6064043,2.462309,2.5277014,2.5225923
R161,3.6164947,3.5550184,3.2992263,3.3744972,3.3038414
R162,4.4080687,4.368855,4.1735144,4.1738105,4.1365724
R163,3.9514456,4.0499988,3.9036489,4.02224,3.9461393
R164,3.1050913,3.1041555,2.970295,2.9928994,2.972116
R165,2.440473,2.3827128,2.3595178,2.4478936,2.4205863
R166,4.2484503,4.1523128,3.9166121,3.8972979,3.8680477
R167,3.5974226,3.6844702,3.5514936,3.6048465,3.621523
R168,4.1235895,3.9392796,3.627424,3.6980472,3.6072502
R169,1.9466465,1.806381,1.6800134,1.745682,1.6885414
R170,3.3754005,3.6442118,3.7746134,3.8968616,3.8382692
R171,4.204772,4.3599415,4.4003706,4.410768,4.456379
R172,1.9450386,2.0088437,1.9331691,1.9569829,1.9125217
R173,3.5920105,3.73836,3.655055,3.7591944,3.7658253
R174,3.466546,3.387897,3.1525211,3.2373102,3.1906645
R175,4.136179,3.9887853,3.8338487,3.867885,3.8779035
R176,1.279573,1.3450614,1.338662,1.3717201,1.3188196
R177,3.6107018,3.5062442,3.3105562,3.338951,3.3184733
R178,2.842331,2.7901769,2.676724,2.7296128,2.7195346
R179,3.167809,3.023914,2.800008,2.7819312,2.7962399
R180,2.8857722,2.7637687,2.5308552,2.544494,2.463916
R181,3.0519881,3.1300035,3.0189307,3.0988941,3.0880132
R182,3.161738,3.0816343,3.0325553,3.0730026,3.0508993
R183,3.8566906,3.7335305,3.6466737,3.5969443,3.6270595
R185,4.367471,4.4078503,4.250307,4.2983613,4.222912
R186,4.195846,4.2105036,4.0891447,4.1455555,4.119867
R187,3.086513,3.1157446,3.0842347,3.0392075,2.960347
R188,4.1409407,3.8553712,3.5431776,3.5221305,3.4520922
R189,2.999403,2.9236674,2.7349482,2.7632785,2.7259727
R190,3.076311,3.314414,3.404707,3.5627127,3.5752773
R191,3.6896024,3.8299308,3.7654777,3.8646617,3.8521972
R192,3.0627613,3.1371992,3.0501733,3.1300745,3.116099
R193,3.0209913,3.2811527,3.3791704,3.5196252,3.5543933
R194,0.49469042,0.6590065,0.73564553,0.8552624,0.8749019
R195,2.1030056,2.0595174,2.0373142,2.0693254,2.066838
R196,3.1934385,3.243756,3.120402,3.2035224,3.1988268
R197,2.1206818,2.2082915,2.1761494,2.236176,2.21628
R198,2.2950246,2.2368748,2.1548803,2.175178,2.1639845
R199,1.955332,2.0101035,1.9923427,2.0215118,2.0182283
R200,2.652045,2.6434836,2.5492048,2.591364,2.5542438
R201,2.8907032,2.8687716,2.8030295,2.836708,2.8211856
R202,3.548728,3.4348164,3.2049913,3.2731652,3.2576182
R203,3.6126277,3.569784,3.4381409,3.4821224,3.468022
R204,3.2106996,3.0350363,2.8823202,2.9418893,2.8894362
R205,3.5627663,3.6254954,3.5149384,3.612298,3.5976062
R206,3.4959211,3.4910333,3.3352602,3.4144745,3.3804476
R207,3.368614,3.4007688,3.250971,3.3027234,3.2976747
R208,3.545611,3.5762074,3.387154,3.5283985,3.48266
R209,4.0049996,3.95053,3.721138,3.8043766,3.7664196
R210,3.6581118,3.5589292,3.4322245,3.5009503,3.422246
R211,3.885423,3.8530755,3.7336004,3.7426867,3.7169027
R212,3.8809552,3.8291488,3.759085,3.736229,3.722981
R213,1.1731079,1.2340443,1.2117702,1.2190204,1.2350131
R214,4.958926,5.0,4.8916626,4.959222,4.902382
R215,3.3927455,3.3969398,3.2185163,3.2994878,3.2821846
R216,2.9805727,3.0074048,3.0374432,2.9917836,2.9485364
R217,3.2834933,3.2057018,3.2833028,3.2116063,3.246132
R218,3.0591087,3.142224,3.186976,3.1480825,3.1283872
R219,1.6297979,1.5966091,1.7017784,1.6674995,1.7744112
R220,2.7779243,2.6735864,2.7312238,2.6619906,2.6487398
R221,1.8435411,1.7390656,1.7912862,1.693626,1.6087542
R222,2.383801,2.3434794,2.3531072,2.2944841,2.2928796
R223,2.5051837,2.482964,2.5202298,2.4631872,2.4735942
R224,1.9706597,1.9402966,2.097337,2.1101067,2.1849227
R225,1.2520537,1.1880157,1.2035689,1.1031623,1.0420151
R226,2.4656053,2.4217887,2.507923,2.4427233,2.4261737
R227,2.4230237,2.2005167,2.2262511,2.0986984,2.1356287
R228,3.1762018,3.1430964,3.329014,3.2843614,3.335483
R229,2.8607473,2.839658,2.912134,2.8713253,2.8379538
R230,1.874449,1.805823,1.8512778,1.7714666,1.8095036
R231,3.595388,3.5273886,3.595874,3.5607276,3.589705
R232,2.7307425,2.7342749,2.7677052,2.7154799,2.7042036
R233,3.8637707,3.9272428,4.0829496,4.0668974,4.032605
R234,2.2684102,2.2927656,2.3768196,2.3306174,2.349544
R235,2.260105,2.2291694,2.3314786,2.2939532,2.3345046
R236,1.986831,1.9396012,1.9633397,1.8732412,1.8378334
R237,2.2667317,2.3334298,2.4983149,2.4829488,2.513303
R238,3.1674156,3.1998913,3.3410616,3.3047395,3.3479974
R239,3.2768445,3.176889,3.209155,3.1199675,3.120624
R240,2.8675482,2.7489944,2.752466,2.690223,2.7155516
R241,3.1583889,3.067412,3.0927086,3.0078144,3.0505137
R242,3.2417655,3.1354175,3.1919115,3.1335502,3.2035167
R243,2.7152405,2.5877855,2.6758137,2.6177838,2.7115386
R244,2.6042304,2.5801945,2.6761262,2.5733917,2.55674
R245,1.9513786,1.7461562,1.7014277,1.6150806,1.6565902
R246,2.6462877,2.6275196,2.6945217,2.654671,2.6600065
R247,2.4589748,2.461142,2.5649018,2.525464,2.503048
R248,2.5350816,2.5982685,2.7012093,2.700019,2.6907384
R249,2.908288,2.7502599,2.772187,2.695238,2.775024
R250,3.3394194,3.2833405,3.3824906,3.3151126,3.3136606
R251,2.5774817,2.597974,2.6563659,2.611588,2.6137815
R252,3.0751917,3.0234523,3.1042767,3.0540242,3.0554569
R253,1.9635019,1.997923,2.0788915,2.0255551,2.0071576
R254,1.8646855,1.8985455,1.8994051,1.8636016,1.8491119
R255,1.5897882,1.498291,1.5175629,1.4543533,1.480545
R256,2.5870373,2.3848286,2.4245682,2.3178663,2.346474
R257,0.81697965,0.800838,0.81922054,0.80460525,0.83482933
R258,1.3184636,1.3458656,1.4899678,1.5546799,1.6083701
R259,3.5310345,3.5365584,3.6406524,3.602517,3.6012974
R260,2.7520123,2.8328023,2.872803,2.8492637,2.8190718
R261,2.8191192,2.7822533,2.8589213,2.8339279,2.808729
R262,2.744577,2.7462807,2.8872662,2.8972144,2.9507592
R263,2.5514584,2.42132,2.44066,2.3655152,2.4272592
R264,2.2649488,2.3491192,2.371176,2.3736734,2.355125
R265,1.5936246,1.3928668,1.3549464,1.2320824,1.3150451
R266,3.3470747,3.3248005,3.404326,3.3746688,3.3362167
R267,2.3876238,2.4340317,2.5579128,2.5386531,2.5268028
R268,1.4292295,1.3881946,1.371314,1.3120773,1.3376997
R269,3.788764,3.7972713,3.9973154,3.9981837,4.080303
R270,3.1933417,3.1101437,3.1425424,3.0450776,3.0540051
R271,2.6366405,2.4772758,2.539538,2.4449937,2.4798687
R272,0.7977035,0.7385378,0.82515454,0.784287,0.9231105
R273,1.8202772,1.6761692,1.6937306,1.6400402,1.6523237
R274,3.2815309,3.2471294,3.2137032,3.1598327,3.119838
R275,3.1406329,3.1138701,3.1987019,3.1116116,3.1217608
R276,3.0539045,3.0836165,3.214603,3.179769,3.2497716
R277,1.875572,1.9286137,1.9936473,1.9868021,1.9693036
R278,2.659775,2.7283397,2.754733,2.7185662,2.692065
R279,2.0370727,2.1244814,2.194796,2.2207975,2.2181723
R281,0.35370803,0.37372398,0.34364152,0.30836105,0.3086536
R282,0.37118018,0.3072918,0.22536421,0.16931129,0.1586169
R283,0.34965646,0.35155725,0.31328654,0.27990055,0.3074423
R284,0.02342391,0.0,0.0,0.0,0.0
R285,0.0,0.0,0.0,0.0,0.0
R286,0.32019413,0.32928538,0.30462384,0.27728248,0.26302755
R287,1.006692,1.0191302,0.9749204,0.963907,0.980638
R289,0.54708254,0.5556006,0.51347864,0.48691702,0.4423561
R290,0.0,0.0,0.0,0.0,0.0
R291,0.8915256,0.97507834,0.92886186,0.89620936,0.89592886
R292,0.6741403,0.6173279,0.55222774,0.48902643,0.54094005
R293,0.47198367,0.42006594,0.37888867,0.3297518,0.39449883
R294,0.59029794,0.57922935,0.5938126,0.53802586,0.5498476
R295,1.2869542,1.3159837,1.3360257,1.304293,1.3679198
R296,0.92715037,0.8616402,0.83013034,0.723567,0.720762
R297,1.2718854,1.2974775,1.3269157,1.3014531,1.3456242
R298,1.5626109,1.4654443,1.4043825,1.3217182,1.273329
R299,0.6253958,0.64077055,0.68017435,0.64955163,0.7007805
R300,0.45196962,0.39221656,0.39723158,0.3201009,0.33567786
R301,0.11891401,0.14491916,0.20179963,0.19532895,0.29333353
R302,1.9994489,1.9498775,1.8827044,1.7876959,1.7266328
R303,0.17668569,0.09589696,0.038109183,0.0034894943,0.033527374
R304,0.8530258,0.86354125,0.8823426,0.8398349,0.92208326
R305,0.6980095,0.72205114,0.72357523,0.7016548,0.75053155
R306,0.6846733,0.60471225,0.5642468,0.48563087,0.545889
R307,0.3868165,0.36156726,0.4004972,0.3325596,0.3206998
R308,0.9716995,0.92585063,0.8779144,0.7988789,0.83336043
R309,0.23219538,0.15741944,0.10717571,0.055810213,0.056392193
R310,1.0143547,1.0662761,1.0997779,1.113069,1.1303904
R311,0.49729383,0.4235161,0.36137646,0.29964888,0.34502965
R312,1.4898183,1.5196714,1.5509844,1.5165861,1.5628245
R313,0.30250883,0.24122655,0.21133864,0.13525343,0.13172317
R314,0.667544,0.7105104,0.7385529,0.7389684,0.80987704
R315,1.7637556,1.7308176,1.7188088,1.6081309,1.6064478
R316,2.3165164,2.2822556,2.2420824,2.1398249,2.0826213
R317,0.9933161,0.9313636,0.87351435,0.7794266,0.80058
R318,1.3886331,1.4635504,1.5192273,1.5062821,1.566366
R319,1.4248203,1.4927236,1.5427992,1.4863884,1.5122044
R320,1.3057867,1.2009535,1.1019189,0.9716871,0.88032866
R321,0.3108554,0.2941594,0.29810822,0.22550249,0.24648213
R322,1.5918627,1.6212287,1.65168,1.6344438,1.6559117
R323,0.0,0.0,0.0,0.0,0.0
R324,0.36387706,0.411381,0.43344736,0.41982174,0.4834447
R325,0.7386726,0.7441978,0.7508961,0.6710038,0.6789412
R326,0.8729595,0.92246366,0.9797697,0.9682034,1.0225298
R327,1.0868886,1.0249202,0.9423276,0.8901199,0.8741214
R328,0.6509974,0.57189775,0.52996814,0.46987104,0.48838425
R329,0.43785453,0.40403783,0.345024,0.3170135,0.27517366
R330,0.3837372,0.3659764,0.31714743,0.31665063,0.36792976
R331,0.39293778,0.37071836,0.41116977,0.3877225,0.4471166
R332,0.56302196,0.49464017,0.46069932,0.41213012,0.46559107
R333,1.1400135,1.081923,1.0730715,0.9805434,0.9840963
R334,0.7960532,0.7216358,0.70506287,0.6597605,0.6808629
R335,1.4418972,1.3943117,1.3565156,1.260387,1.2186397
R336,0.6498134,0.54956627,0.4997697,0.43603277,0.47064972
R337,0.7282642,0.7168541,0.7376379,0.67485106,0.69190884
R338,1.8242848,1.8153596,1.7981522,1.6966836,1.6649444
R339,0.95500004,0.909125,0.8662112,0.773958,0.7918927
R340,1.1196011,1.1118395,1.1082363,0.9998001,0.98126566
R341,1.1045078,1.0326371,1.0177388,0.93622303,0.9156406
R342,0.7743957,0.7031373,0.675709,0.5816865,0.59579563
R343,1.0092201,0.91627586,0.8774018,0.78570056,0.7799212
R344,1.1615325,1.1165518,1.0716169,0.95370805,0.9409244
R345,1.239716,1.2179003,1.2019905,1.1284071,1.1811053
R346,0.6311023,0.65582895,0.72088337,0.6931212,0.806087
R347,1.2142642,1.1694784,1.1580489,1.0750864,1.0752234
R348,0.10792434,0.0,0.0,0.0,0.0
R349,1.026413,1.0786238,1.1376839,1.1042511,1.1485525
R350,0.89917374,0.85852206,0.820922,0.72978103,0.7448529
R351,0.9373432,0.8779756,0.82313657,0.72915965,0.75498074
R352,0.31672484,0.350398,0.3436029,0.3354029,0.37399703
R353,0.5118518,0.46175814,0.3911835,0.36048508,0.3900869
R354,0.9179238,0.95793617,0.9849906,0.9778266,1.0413293
R355,0.56651634,0.48343366,0.44925517,0.38496816,0.4370473
R356,0.7217102,0.69721437,0.636585,0.5805559,0.5528724
R357,0.9247581,0.78084886,0.6810193,0.5558996,0.52193594
R358,0.67365515,0.66804326,0.6686727,0.6260464,0.6272477
R359,0.7018786,0.7208322,0.69999087,0.6790439,0.70090145
R360,0.95020187,0.8883512,0.8465717,0.80732954,0.81752753
R361,0.8975431,0.9236286,0.9334352,0.9159864,0.92874247
R362,0.9487413,1.0386828,1.0983256,1.1232159,1.1457697
R363,2.0991225,2.0449157,1.9746196,1.9139827,1.8638257
R364,1.7930417,1.7639525,1.6904407,1.6134439,1.5605655
R365,2.2352252,2.184667,2.099399,2.0066574,1.9406509
R366,1.2710953,1.2883763,1.3126667,1.2389185,1.1713207
R367,0.9619919,0.926721,0.9063728,0.86777127,0.85107636
R368,0.55758977,0.57926583,0.61147213,0.6380968,0.687587
R369,2.5164843,2.4712105,2.4165308,2.3681016,2.346887
R370,0.31279963,0.31720358,0.33935142,0.3530619,0.3773986
R371,1.4106034,1.4364845,1.4406078,1.4095496,1.454428
R372,0.75481606,0.6857871,0.59951663,0.5663153,0.55490124
R373,0.632748,0.6554086,0.66546607,0.6427891,0.6973448
R374,0.65973693,0.6516449,0.62099445,0.59297043,0.62877095
R375,0.31311208,0.38188928,0.37904525,0.4031335,0.4324879
R376,2.0514927,1.9467716,1.857132,1.7680905,1.7231165
R377,2.4004238,2.3672066,2.3423305,2.2925165,2.301274
R378,0.54634476,0.5507064,0.5863807,0.588114,0.6764939
R379,1.0454471,1.1219554,1.1680394,1.1868482,1.2211591
R380,2.7721734,2.7111473,2.663803,2.5575867,2.5197449
R381,0.5313833,0.54089737,0.5038574,0.38527656,0.3207593
R382,1.1428157,1.1179461,1.116988,1.0852337,1.156579
R383,0.62797546,0.6177647,0.66192555,0.64706063,0.74347925
R384,2.1113412,2.0114894,1.9479816,1.8682156,1.8071008
R385,2.1194584,2.107433,2.0551777,1.9492246,1.897173
R386,1.5449476,1.4509096,1.3482621,1.215107,1.1622536
R387,1.0516679,0.97020185,0.8572785,0.7693652,0.7580951
R388,1.1809629,1.2661453,1.3057728,1.309741,1.3115368
R389,1.7268002,1.619304,1.5103467,1.379056,1.3043423
R390,0.58092284,0.6416676,0.6930423,0.72574973,0.80067873
R391,2.5233543,2.484047,2.4232883,2.3200037,2.2604623
R392,1.0777398,0.9928262,0.92698026,0.8596083,0.85300946
R393,1.5398949,1.4825932,1.4032383,1.3294553,1.2987744
R394,0.24912983,0.2920817,0.28939056,0.30604494,0.33557248
R395,1.1291318,1.1867149,1.2310858,1.2548466,1.3161662
R396,1.5058345,1.3922502,1.300704,1.1905178,1.1253946
R397,2.6784654,2.6354446,2.595029,2.5605583,2.5611324
R398,1.3138441,1.3443055,1.3404496,1.3397093,1.3783553
R399,0.45248675,0.48289442,0.47730565,0.37272477,0.33042097
R400,1.0651987,0.98562086,0.8982891,0.7768749,0.7161932
R401,0.8822987,0.9411894,0.98427534,0.99574304,1.0116415
R402,2.8838937,2.9457335,2.942257,2.8889885,2.8737302
R403,0.46472973,0.51645947,0.5340555,0.54572386,0.56579566
R404,1.4817972,1.3847497,1.3562322,1.303119,1.2765234
R405,1.7632965,1.6593802,1.5522565,1.4479841,1.383331
R406,1.0340657,0.94440365,0.8607252,0.7503359,0.67701495
R407,1.0927086,1.0184784,0.9814725,0.9027741,0.84927726
R408,0.51298916,0.53016937,0.537043,0.54804623,0.584355
R409,0.3890822,0.35736966,0.33922982,0.3226285,0.3791628
R410,1.9776487,1.9755995,1.9266841,1.8914967,1.8722827
R411,0.6668533,0.6678045,0.66983926,0.66827035,0.68749917
R412,1.1775765,1.252135,1.2779377,1.2654669,1.3235065
R413,1.4811294,1.3786584,1.2989184,1.1680491,1.101226
R414,2.9649673,2.996368,2.9874482,2.94053,2.9260936
R415,1.8573672,1.8077607,1.7125633,1.5926502,1.5006007
R416,1.7239486,1.6313745,1.5228386,1.3880944,1.3023841
R417,1.8166236,1.7666999,1.6694645,1.5664881,1.5195811
R418,2.712675,2.7750583,2.7660556,2.7134976,2.6958995
R419,1.3224684,1.257262,1.1706531,1.0351417,0.97412324
R420,0.7936004,0.9168397,0.9994111,1.0616094,1.1239439
R421,0.8473948,0.8218417,0.8342751,0.7268524,0.72895765
R422,1.928108,1.8876724,1.7995644,1.689531,1.6139992
R423,1.8051925,1.7371776,1.6748266,1.6272136,1.5873859
R424,2.58236,2.570383,2.5299013,2.4910417,2.505448
R425,1.2004272,1.0861312,0.964718,0.83386505,0.77845335
R426,0.86855173,0.7748126,0.6951512,0.57269955,0.55132174
R427,1.3385072,1.2569013,1.1606252,1.0325216,0.9708471
R428,2.7766724,2.7660098,2.7466931,2.7388668,2.7741377
R429,1.8882753,1.7812921,1.6881402,1.5508372,1.4409227
R430,2.5013814,2.4177587,2.354009,2.2625947,2.200467
R431,1.8045381,1.753335,1.6514839,1.5702223,1.5142878
R432,2.4167902,2.3211668,2.2494743,2.14841,2.0710886
R433,2.8453715,2.7945914,2.7529726,2.6891613,2.6676993
R434,2.4925447,2.5151043,2.488543,2.4372468,2.412003
R435,1.6811002,1.8018454,1.8636307,1.9015231,1.9422274
R436,1.9184659,1.8250461,1.718302,1.5733916,1.487864
R437,0.90454197,1.0203433,1.1150877,1.1649894,1.2196146
R438,1.2348018,1.1607859,1.0851867,1.046676,1.070293
R439,1.6627232,1.6331441,1.5803978,1.5795708,1.5962309
R440,0.55044156,0.58145416,0.55926836,0.55888855,0.6104577
R441,2.380103,2.34435,2.306515,2.2772124,2.2855685
R442,2.781746,2.8411107,2.8315349,2.8045182,2.8010564
R443,0.26806116,0.2778659,0.2903837,0.2970717,0.3219478
R444,0.09135401,0.080191016,0.052673697,0.022529125,0.024520278
R445,1.976333,1.9375479,1.9039094,1.8690575,1.8763115
R446,0.29827225,0.2921033,0.30053508,0.3016591,0.32212317
R447,0.45162094,0.33500957,0.2868988,0.21165514,0.2614389
R448,0.24780166,0.2546872,0.237311,0.25674093,0.30660748
R449,0.6862251,0.6008604,0.5469919,0.5022907,0.5144372
R450,0.17670965,0.123449326,0.06811619,0.027921677,0.03460741
R451,1.5578216,1.5028361,1.4310632,1.3288865,1.3018687
R452,1.6123399,1.5364203,1.4576472,1.4171958,1.4128213
R453,0.027172804,0.0,0.0,0.0,0.0
R454,0.98896074,1.0261556,1.0822262,1.1407211,1.160434
R455,1.606543,1.5450618,1.446479,1.3469468,1.2801766
R456,0.9320599,0.96705556,0.99909115,1.0302335,1.0907742
R457,2.778851,2.8000014,2.7910457,2.742598,2.7287335
R458,0.5417874,0.57444143,0.58916926,0.5811993,0.5740347
R459,1.4396302,1.4528447,1.4365174,1.4429094,1.4742972
R460,1.1579912,1.1671281,1.1448805,1.1517897,1.184532
R461,0.4508103,0.4865228,0.4869777,0.4978246,0.511944
R462,1.549211,1.4978051,1.419514,1.3457131,1.3132629
R463,1.5965946,1.4892492,1.3866239,1.2424083,1.1372571
R464,0.9333625,1.0552716,1.1651008,1.2174044,1.2721819
R465,2.8381236,2.8998477,2.8881693,2.8428595,2.8502893
R466,2.0319657,2.0146995,1.9656554,1.9281911,1.9116257
R467,2.337443,2.3071632,2.2581952,2.2129562,2.1990237
R468,2.4103334,2.3384314,2.26356,2.1606574,2.0898309
R469,1.0866265,1.1149936,1.1441437,1.1942225,1.2030354
R470,0.65454006,0.6399064,0.6125579,0.50702286,0.47303653
R471,0.7889137,0.7351289,0.6854485,0.6375724,0.6442691
R472,2.200798,2.1201553,2.0396366,1.938951,1.8786211
R473,1.9899637,1.8695582,1.7726907,1.6332675,1.5295539
R474,1.2994064,1.3764958,1.414824,1.4264976,1.4307456
R475,2.1185608,2.047103,1.9599488,1.8936168,1.8666929
R476,2.1020286,2.0124018,1.9528391,1.8471875,1.7677896
R477,1.3182198,1.2775906,1.2074906,1.1261207,1.0994846
R478,1.145622,1.1035304,1.0906432,1.0434933,1.0108871
R479,2.0784206,2.072024,2.0198164,2.0115392,2.0496087
R480,2.7666373,2.7368407,2.6802816,2.5884047,2.545608
R481,2.2436109,2.173854,2.1033018,2.0443566,2.030305
R482,0.46503812,0.48800468,0.45832777,0.45755798,0.5060364
R483,1.3726534,1.2351823,1.1037221,1.017693,0.9885118
R484,2.6951232,2.6878395,2.6931508,2.6453238,2.6369379
R485,1.645326,1.5395149,1.4453257,1.3181344,1.2686565
R486,1.3077883,1.4698399,1.5981188,1.667408,1.7196288
R487,2.6026764,2.6228838,2.628798,2.6111054,2.627934
R488,2.5564797,2.480978,2.4251025,2.3595877,2.3391337
R489,1.0971909,1.2361772,1.2982723,1.356622,1.4262446
R490,0.8219515,0.7637274,0.71415025,0.7018412,0.7099647
R491,2.1107733,1.996923,1.9079559,1.815815,1.7264186
R492,1.2506198,1.2308795,1.2326703,1.2476523,1.2704566
R493,2.0341606,1.9443657,1.8762343,1.8170865,1.7775233
R494,0.0,0.0,0.0,0.0,0.0
R495,1.1655906,1.1672912,1.1346766,1.1285229,1.1581168
R496,1.167848,1.127774,1.0738575,1.0650018,1.1141312
R497,1.496941,1.3822559,1.2932756,1.1570281,1.1067063
R498,0.5195696,0.5348411,0.5424986,0.55383885,0.57977873
R499,2.4342403,2.3509889,2.295455,2.21301,2.1618626
R500,0.461761,0.50511086,0.5248405,0.5251535,0.5297351
R501,1.4063993,1.4874084,1.5808773,1.6268393,1.6691515
R502,1.2386136,1.1427798,1.0576444,0.92173564,0.8923217
R503,2.4988022,2.4266202,2.3593395,2.2984912,2.277463
R505,0.6548896,0.7622931,0.8483571,0.87733114,0.931972
R506,0.78244543,0.7396096,0.71279037,0.68362963,0.7332674
R507,2.1931946,2.1659741,2.1128297,2.0665426,2.0524163
R508,1.2676547,1.2992971,1.3272266,1.3397379,1.3479428
R509,1.438281,1.481316,1.485297,1.4636587,1.5143052
R510,2.2079668,2.1798544,2.1706574,2.1256332,2.124569
R511,1.0873274,1.0831151,1.1017535,1.0914106,1.0870851
R512,1.55604,1.4522173,1.3647163,1.2234315,1.1951057
R514,0.3975855,0.4301144,0.43090534,0.43810797,0.4625882
R515,0.7615341,0.82669353,0.84413385,0.85518205,0.8888606
R516,2.4665399,2.4890623,2.4905465,2.4564056,2.4290364
R517,1.5185952,1.4180976,1.3238152,1.2140713,1.1627139
R518,1.7175255,1.5353619,1.3197985,1.3511003,1.2946464
R519,2.0508952,1.9250675,1.8532308,1.8978418,1.8977782
R520,2.0359674,1.8816105,1.8042927,1.8057468,1.8117954
R521,1.790354,1.7079484,1.6533666,1.6195059,1.6964049
R522,1.51868,1.3198948,1.2076296,1.2220662,1.1366422
R524,2.3159826,2.2826066,2.16716,2.1935916,2.178622
R525,1.5276022,1.5037885,1.4510093,1.5097041,1.5034695
R526,1.9263542,1.850154,1.8237123,1.8635043,1.7966125
R528,1.294703,1.1560102,1.114229,1.1452487,1.1668568
R529,3.0224361,2.9510317,2.862376,2.8670104,2.868507
R530,2.6265066,2.5058088,2.3554127,2.3763132,2.3386958
R531,1.6179535,1.4539137,1.2610245,1.3144084,1.2608777
R532,2.0043046,1.8102767,1.7434976,1.7201684,1.7442975
R533,3.094944,2.9184186,2.755012,2.7331004,2.688229
R534,2.9826887,2.758335,2.6489193,2.595054,2.5927994
R536,3.505289,3.3179202,3.2202485,3.1517162,3.151193
R537,1.237261,1.1293342,0.988158,1.037788,1.0587566
R538,1.5464499,1.4546492,1.3619983,1.3230193,1.3598728
R540,2.2441797,2.1443026,2.0286102,2.0716772,2.0405703
R541,3.5698013,3.5242062,3.3886988,3.3732274,3.281421
R542,0.80301285,0.5922344,0.44533944,0.41566205,0.42870903
R544,4.3315053,4.2782674,4.1860676,4.1649075,4.0875015
R545,2.1918807,2.0518675,1.9558315,1.9640138,1.8956788
R546,1.0869669,0.862874,0.7051619,0.7095959,0.66383487
R547,2.575232,2.4109774,2.344003,2.3081858,2.2726715
R548,0.7577727,0.59618425,0.5041927,0.53236103,0.5148089
R549,3.1258936,3.074352,2.9554453,2.953724,2.8539462
R551,3.167186,3.2322433,3.1838803,3.2042623,3.156817
R552,1.0469704,0.8682874,0.77786684,0.84287083,0.7814504
R553,2.68926,2.5529652,2.4551184,2.450223,2.4315073
R554,2.5947623,2.3996615,2.2028322,2.1922264,2.124558
R555,2.4072704,2.3428814,2.1971374,2.224227,2.1761966
R556,2.34153,2.1958215,2.0845754,2.0784414,2.0467815
R557,2.6217022,2.5056152,2.4828072,2.4889054,2.4189606
R559,3.4869876,3.3636565,3.2125356,3.157898,3.1123729
R560,1.5993946,1.4376633,1.3364048,1.3542881,1.339242
R561,0.8244926,0.67124856,0.51732635,0.5703005,0.5791957
R562,1.6799837,1.6484451,1.5659838,1.4467466,1.4011173
R564,0.7634936,0.76288664,0.7029806,0.5949578,0.5271065
R566,1.6916919,1.7163008,1.6684165,1.5905762,1.558393
R570,1.5911555,1.5886143,1.5379857,1.4324224,1.3954868
R571,1.3750448,1.4037164,1.3870599,1.3298881,1.2773331
R572,0.95444,1.050494,1.0994982,1.0351737,0.9918697
R573,0.91406727,0.91927207,0.85689014,0.7685714,0.69799817
R576,1.1289498,1.1411996,1.0968025,1.0018163,0.95537186
R577,0.79098535,0.8559542,0.9037162,0.8483765,0.7926674
R578,0.8103335,0.78946006,0.7082418,0.60288346,0.51745147
R579,0.9913648,1.0462842,1.0209095,0.9254949,0.87719595
R581,1.84154,1.8652955,1.8428277,1.7761257,1.7121599
R582,0.7578998,0.74529725,0.7060629,0.6069896,0.54505193
R583,0.82660604,0.88741845,0.9263035,0.8522197,0.7842474
R584,1.2445624,1.3017759,1.2882255,1.2110099,1.1711541
R586,0.78296363,0.76839507,0.71064174,0.6041095,0.5378145
R587,0.8751842,0.8758298,0.83241856,0.72976255,0.6806548
R588,0.0,0.0,0.0,0.0,0.0
R590,0.60109293,0.5987977,0.5612767,0.44999647,0.4093703
R593,1.3655094,1.3868574,1.3994265,1.3237062,1.2627385
R595,0.29760396,0.25856817,0.18211985,0.05421126,0.0098462105
R597,0.6088475,0.5564544,0.49153292,0.35732996,0.30694544
R598,0.32291746,0.34277034,0.33304882,0.21151447,0.149117
R599,1.2370098,1.249212,1.2504514,1.1833727,1.1108202
R601,0.566898,0.5690846,0.52175784,0.43694183,0.37744683
R606,0.8203137,0.88459915,0.92866397,0.85834515,0.79205847
R607,1.246925,1.2726564,1.2697418,1.1937976,1.1408634
R608,0.94905615,0.97488576,1.0171132,0.9345084,0.84359425
R609,0.40669978,0.41533947,0.38475728,0.28030968,0.24637818
R612,0.6794561,0.7525051,0.7448616,0.6709477,0.62798154
R614,0.0,0.0,0.0,0.0,0.0
R615,1.2872595,1.3679537,1.423584,1.3437642,1.3050102
R618,0.68392134,0.7931187,0.847875,0.79941916,0.76290107
R619,1.426115,1.4492538,1.4296091,1.3641231,1.3214278
R620,0.78741515,0.7863264,0.7463032,0.63705325,0.59225416
R621,0.9109707,0.9096219,0.8484567,0.7389379,0.67669225
R623,1.0423921,1.1127093,1.1569567,1.0581304,0.9826379
R624,1.2585083,1.2590581,1.2260865,1.1143409,1.0828049
R626,1.7799218,1.7760983,1.7347627,1.6349564,1.6015964
R627,0.088216305,0.07559049,0.020759344,0.0,0.0
R629,0.575212,0.55487674,0.49626583,0.37418,0.31387323
R630,1.530488,1.5844841,1.5561178,1.4618635,1.447909
R631,0.7261163,0.71651167,0.6722945,0.57038254,0.5084392
R633,1.3114903,1.4036355,1.4501454,1.3615936,1.3154237
R635,1.3744416,1.3813026,1.3517587,1.2685406,1.2107382
R638,0.45776135,0.554039,0.50251937,0.41170192,0.39765
R642,0.35749686,0.3855455,0.37656713,0.24901009,0.20310283
R645,1.435694,1.4271235,1.3910642,1.2733629,1.2244179
R646,2.0072894,2.0341623,1.9835769,1.8932338,1.8568046
R647,1.4123166,1.4012015,1.3503067,1.2322648,1.1826191
R648,1.0344115,1.0466208,0.9933361,0.8907708,0.8376248
R649,1.1297896,1.1177408,1.0837177,0.94805086,0.8856789
R651,1.3570321,1.3839239,1.3821104,1.2682397,1.2235951
R653,0.9575933,0.9508226,0.92066157,0.8369969,0.7709575
R655,0.38745427,0.4006425,0.36885536,0.24600029,0.20062506
R659,0.0,0.0,0.0,0.0,0.0
R660,1.3749778,1.452165,1.5164418,1.469011,1.4174496
R663,1.2750534,1.353574,1.3953917,1.3086406,1.2461953
R664,0.72864807,0.7995024,0.8280633,0.7812043,0.75774664
R665,0.7570483,0.7840615,0.8079961,0.76076496,0.71910495
R666,1.1988989,1.2543336,1.2142876,1.0990375,1.0438225
R667,1.3077009,1.3393272,1.3409052,1.2862113,1.2182002
R668,0.2214787,0.22854066,0.21165287,0.12827241,0.0965085
R669,0.45059,0.43272007,0.4164251,0.30843782,0.22754264
R670,1.1178292,1.1661352,1.1270415,1.019044,0.9541575
R671,1.1142324,1.1744313,1.2018838,1.1717992,1.1367222
R672,0.64359117,0.6275059,0.62635887,0.545432,0.5054773
R673,1.1606005,1.171838,1.0826968,0.95251137,0.8711231
R674,1.1738292,1.1401308,1.0470066,0.9432603,0.8607829
R675,0.393865,0.3836794,0.36964917,0.294595,0.25081027
R676,1.3336103,1.3583558,1.2863989,1.170702,1.1144681
R677,0.18284702,0.22979116,0.1983025,0.09085631,0.028261662
R678,1.0152745,1.0810015,1.0384659,0.96811885,0.9296848
R679,1.1671396,1.2314216,1.2046871,1.1058894,1.0393901
R680,0.4371369,0.43050027,0.43669784,0.35708344,0.2877307
R681,0.2680949,0.2659793,0.23701155,0.12628567,0.02986312
R683,0.8808,0.94401205,1.0066935,0.96858346,0.9037458
R684,0.9243501,0.9083306,0.8323959,0.73417574,0.6533066
R685,1.2342956,1.3370385,1.3200386,1.2159891,1.1583595
R686,1.0165691,0.9969237,0.9564392,0.8697174,0.7981894
R687,1.1993774,1.255588,1.1877549,1.0824636,1.0125666
R688,1.1046692,1.1661185,1.2266417,1.1861031,1.165512
R690,0.94322723,0.9618476,0.9810068,0.918673,0.8673118
R691,1.1361115,1.1056682,1.0113117,0.90488684,0.81796885
R692,0.6527128,0.6837548,0.67866886,0.6168033,0.58185047
R694,1.3062944,1.329851,1.2566772,1.1392131,1.079871
R697,0.36904907,0.35544896,0.33981287,0.25823832,0.21338487
R698,0.388245,0.3974632,0.40144348,0.33871937,0.29902172
R699,1.2626328,1.3309906,1.3040481,1.1983774,1.1246284
R700,1.2711298,1.3362195,1.3977344,1.3510468,1.2987678
R701,0.15900826,0.16360092,0.14636362,0.051665664,0.0
R702,1.2634715,1.3354232,1.2837508,1.1636256,1.1144371
R703,1.3865199,1.4610432,1.4407701,1.3384913,1.2749882
R704,0.8581477,0.84170175,0.742607,0.6205224,0.5158481
R705,0.0,0.0,0.0,0.0,0.0
R706,0.21060872,0.2116127,0.21110594,0.12819171,0.056198716
R707,0.44416344,0.44410944,0.46345115,0.40087247,0.3287511
R708,1.0603305,1.1084697,1.170399,1.144134,1.0864286
R709,1.1289207,1.1539067,1.1761233,1.113088,1.0510731
R710,1.2350063,1.2994988,1.2712762,1.1670423,1.0953369
R711,0.191113,0.17813265,0.16158307,0.055368185,0.0
R713,1.0890341,1.1485791,1.2047554,1.158252,1.1303861
R714,0.8115463,0.83439875,0.7728659,0.67664343,0.6127384
R715,0.6745148,0.6708658,0.6794071,0.60753465,0.5610709
R716,1.1547413,1.1294361,1.0321184,0.90476894,0.8023342
R717,1.1874464,1.2539071,1.2822877,1.2259201,1.1925471
R718,0.92470807,0.9151924,0.822003,0.70070165,0.5985589
R719,1.0256281,1.0791595,1.124608,1.099641,1.0472267
R720,1.059227,1.056797,1.0499736,1.0059328,0.93740904
R721,1.0416434,1.1238123,1.0781132,0.9700674,0.92467517
R722,1.4654506,1.5160795,1.445738,1.3322786,1.2717865
R723,1.0664707,1.054497,0.9690237,0.8517087,0.75979686
R724,1.2819655,1.268904,1.2070823,1.1122104,1.03225
R725,1.0110297,1.0939741,1.0812869,0.9777429,0.9380771
R727,1.0014391,1.0197289,1.0451226,0.9698497,0.92486227
R729,0.45322955,0.4698434,0.49489057,0.4409421,0.40982932
R730,1.519215,1.4746859,1.3869348,1.2841859,1.1891277
R731,0.28176332,0.29549134,0.27358413,0.2071597,0.15627307
R732,1.1292816,1.1630069,1.0945668,0.99901026,0.93694407
R733,0.65120053,0.6593021,0.6031085,0.51107395,0.43406644
R734,1.2171412,1.252609,1.289942,1.2788074,1.2205247
R735,1.2571069,1.2700362,1.1833066,1.0621982,0.9818143
R736,0.92908204,0.90017605,0.8169111,0.69583297,0.5993688
R738,1.0157449,1.0643473,1.094067,1.0648034,1.0282247
R739,0.66531503,0.6670215,0.6710539,0.6245994,0.55956197
R740,1.011796,1.0008507,0.91580397,0.8005773,0.7082108
R741,1.3779263,1.3969227,1.309915,1.1814386,1.0984097
R742,0.1935668,0.173033,0.16260815,0.07769692,0.008461952
R743,1.301238,1.2844529,1.2371275,1.1470165,1.0914716
R744,0.58753306,0.6092998,0.55166465,0.45595658,0.38133544
R746,1.4236021,1.4729214,1.4549127,1.3815774,1.3388898
R747,0.9486574,0.95100075,0.87847173,0.777169,0.69808626
R748,0.72037363,0.8073802,0.8828583,0.8570174,0.83043504
R749,0.06564653,0.054256916,0.052686095,0.0,0.0
R751,0.9946499,1.101099,1.0946546,1.012501,0.95972157
R752,0.8244809,0.8223554,0.75691724,0.6521971,0.5641899
R753,0.46150172,0.4632634,0.46563518,0.38973224,0.3497665
R754,1.0470924,1.0905983,1.1328986,1.1001418,1.0541097
R755,1.0358634,1.043181,1.0738547,1.0211045,0.9695646
R756,1.8545915,1.8360101,1.7712727,1.6183712,1.56761
R757,0.24576616,0.29291356,0.2679001,0.1579715,0.14627099
R758,0.2903062,0.27302575,0.23974264,0.10818505,0.017661333
R759,1.9162569,1.9267161,1.8943095,1.7511933,1.6685739
R760,0.84252715,0.9096476,0.93109167,0.8181248,0.803527
R761,1.0586895,1.0710598,1.0761981,0.9576502,0.87292457
R762,0.7600508,0.76215756,0.7472311,0.5903959,0.5168152
R763,0.0,0.061013103,0.11201328,0.065440536,0.09303355
R764,0.96025634,0.9748816,0.95835,0.8574802,0.7726487
R766,2.1931167,2.213691,2.1819701,2.035281,1.9554315
R767,1.0274103,1.0073147,0.9982644,0.8624013,0.78232634
R768,2.6455822,2.6971755,2.6993957,2.5670457,2.518617
R769,2.2473369,2.2663405,2.2134042,2.0871644,2.0250547
R770,2.3354158,2.3477445,2.2666554,2.0949275,2.066691
R771,0.0,0.0,0.0,0.0,0.0
R772,1.1846759,1.1451148,1.1442618,1.0094159,0.9418826
R773,1.9994192,1.9833534,1.907909,1.7945123,1.7335219
R774,0.70964473,0.7098183,0.7017874,0.60170037,0.53137845
R775,2.2014728,2.2256827,2.1581256,2.0048995,1.9754032
R776,2.1859148,2.1964583,2.1676674,2.049185,1.9979159
R778,0.9735371,1.0118212,1.0272683,0.8974099,0.8354875
R779,2.3734097,2.4113843,2.3906374,2.2598832,2.2060657
R780,1.466341,1.5505252,1.5545642,1.4361275,1.4060473
R782,1.4582014,1.5151572,1.5087434,1.4125547,1.376735
R784,0.50984275,0.49584985,0.42704892,0.27657592,0.21223652
R785,2.2864797,2.2819843,2.2488315,2.1313164,2.0971766
R787,1.9207988,1.9270973,1.8996584,1.8010318,1.736521
R788,0.16297257,0.1491884,0.14784682,0.00047266483,0.0
R789,0.89871883,0.8672626,0.84836364,0.7174016,0.67365885
R790,1.4920142,1.5267371,1.5422654,1.4465175,1.39165
R791,2.1248302,2.1757932,2.1008863,1.9572839,1.9333102
R792,2.0286367,2.0151982,1.978707,1.8218646,1.7522589
R793,1.3083661,1.3706882,1.3933433,1.2874886,1.2398685
R794,2.395691,2.4415436,2.4289846,2.2904305,2.24202
R795,2.0614944,2.088439,2.0464165,1.9308243,1.8586867
R796,0.0,0.0,0.0,0.0,0.0
R797,1.733556,1.7558712,1.7261378,1.58833,1.5438273
R798,0.4498909,0.51339996,0.5320134,0.4512993,0.46734107
R799,0.3267144,0.26835644,0.19296241,0.041502595,0.0
R800,0.8466128,0.8681939,0.8937835,0.80699915,0.7551136
R801,1.1907251,1.1771348,1.1263351,0.9827939,0.9202937
R802,2.2102547,2.174193,2.0732834,1.9119142,1.8716676
R803,1.5676084,1.605704,1.6070465,1.4974775,1.4370043
R804,0.68039525,0.66188645,0.64917433,0.4901544,0.41923857
R805,1.5281796,1.5478349,1.5188161,1.3674445,1.3093766
R806,1.8269868,1.8424277,1.8087897,1.6608322,1.5725541
R807,1.8893579,1.9370356,1.9521794,1.8224164,1.7817891
R808,0.0,0.0,0.0,0.0,0.0
R809,1.5847834,1.6384343,1.6493876,1.5636872,1.5314164
R810,0.0,0.0,0.0,0.0,0.0
R812,0.0,0.0,0.0,0.0,0.0
R813,0.3358382,0.3574115,0.3210261,0.16534543,0.09618223
R814,2.1382003,2.1040726,2.0403373,1.876043,1.8151755
R815,1.0467058,1.0886161,1.0715129,0.97884095,0.94171566
R816,1.7723217,1.7992172,1.7629855,1.6416918,1.589948
R817,1.8694978,1.8983818,1.8463417,1.703315,1.6403022
R818,2.4189146,2.463091,2.4520946,2.3114882,2.26224
R819,1.7681842,1.770448,1.7338369,1.5840676,1.5352027
R820,0.83300376,0.8992516,0.87862957,0.7588725,0.73151314
R821,0.6716908,0.66237473,0.70455146,0.61261106,0.55574346
R822,2.3469498,2.362784,2.2941482,2.1350365,2.093714
R823,2.2276874,2.2548208,2.2115045,2.0949488,2.0471084
R824,0.5516306,0.60187376,0.60492563,0.48886168,0.4769901
R825,0.27022266,0.25735664,0.18828464,0.034178734,0.0
R826,1.9061291,1.9066539,1.8542845,1.7568102,1.6990231
R827,2.0359757,2.038299,1.9879422,1.888533,1.8310986
R828,0.9981185,1.058704,1.0183718,0.9055761,0.90508866
R829,1.1399599,1.2006527,1.2309549,1.156352,1.1082981
R830,2.2205365,2.187747,2.1000896,1.9639761,1.9273225
R831,2.3173475,2.3796458,2.374454,2.2611887,2.205471
R832,1.5372555,1.5138187,1.4350824,1.2831396,1.2352548
R833,1.5791965,1.5885041,1.5063167,1.3495988,1.3260192
R834,1.7826152,1.7956916,1.7407668,1.5903654,1.551183
R835,2.072044,2.040515,1.9686142,1.8093913,1.7584181
R836,2.4957337,2.524579,2.499652,2.351153,2.2965913
R837,0.0,0.0,0.0,0.0,0.0
R838,0.82258594,0.8667315,0.8383713,0.69685745,0.6750138
R839,1.1310499,1.225527,1.2359071,1.1667855,1.1427584
R840,1.8252285,1.8023973,1.7762189,1.6264739,1.5519274
R841,0.0,0.0,0.0,0.0,0.0
R842,2.3493242,2.3899438,2.3266168,2.2079728,2.1689537
R843,1.171873,1.2403296,1.2233268,1.100787,1.075956
R845,1.9354565,1.9485168,1.9159796,1.7732633,1.6919748
R846,2.467665,2.5130513,2.4948463,2.3568254,2.3085227
R847,1.8254197,1.8484411,1.8248615,1.686101,1.6072073
R848,1.5513451,1.5767788,1.5588282,1.4433197,1.3876251
R849,2.595766,2.6502268,2.639765,2.5272717,2.4816737
R850,0.0,0.0,0.0,0.0,0.0
R851,0.7625097,0.7584588,0.75448096,0.65565336,0.5819777
R852,1.9171458,1.885385,1.8141156,1.6608075,1.6089523
R853,1.349154,1.352567,1.3687828,1.2531435,1.2182686
R854,1.7152432,1.7583873,1.7726381,1.6720767,1.6199778
R855,1.7731444,1.6877476,1.635306,1.5013957,1.4827529
R857,1.9745235,1.9147068,1.807547,1.6539071,1.5973991
R858,0.9191811,0.7856785,0.6900663,0.58838964,0.52392805
R859,0.90080637,0.835494,0.7713237,0.6850435,0.66460073
R860,0.68064404,0.63680863,0.64667225,0.51241946,0.49104965
R861,1.8833778,1.8255893,1.7184203,1.576669,1.5222199
R862,0.5541272,0.5641881,0.5552641,0.4812981,0.4856081
R863,0.7536247,0.69321513,0.6012255,0.5106547,0.4852357
R865,1.4135115,1.4280765,1.4650795,1.3394068,1.311659
R866,2.2854233,2.296649,2.2960029,2.2815871,2.2624993
R867,1.1696585,1.0452614,0.96180177,0.885232,0.85392046
R868,2.025421,2.0563912,1.9991915,1.9532378,1.9173677
R869,1.8385506,1.8744968,1.8267837,1.7872393,1.7598662
R870,0.8794153,0.8830149,0.8660612,0.76919794,0.76249623
R871,2.0902412,2.0728633,2.0395675,1.9693137,1.9135103
R872,0.5859575,0.50903046,0.46546924,0.37643278,0.3855319
R873,1.204145,1.2364967,1.289645,1.1739655,1.1689459
R874,0.58137524,0.51530206,0.46781695,0.38664377,0.33590186
R876,2.1413577,2.1758006,2.116881,2.0273452,1.9977491
R878,0.19351804,0.14089996,0.073045075,0.0,0.0
R879,0.613335,0.5868499,0.5869591,0.5060748,0.5139663
R880,0.7290245,0.6547312,0.59392136,0.54905313,0.54081476
R881,1.7855213,1.813458,1.7674929,1.7213365,1.6887342
R882,1.5578792,1.4683707,1.4209889,1.3683573,1.3076472
R883,1.3504808,1.4026961,1.4367311,1.4318123,1.4318866
R884,1.8141103,1.7459569,1.6522614,1.502404,1.4531538
R886,2.375816,2.311699,2.263482,2.182395,2.097958
R887,1.3451514,1.3915988,1.4304383,1.4329251,1.4298594
R888,2.1339805,2.039399,2.0193372,1.9607663,1.9417945
R889,1.7888215,1.6917417,1.6401631,1.5846176,1.5516193
R890,2.5138059,2.5044384,2.558898,2.51875,2.4938483
R891,1.9174447,1.9062932,1.8672872,1.7656338,1.7263123
R892,2.3430834,2.3401597,2.394099,2.3556416,2.3320575
R894,0.72240317,0.68448555,0.6058322,0.51466227,0.5176172
R895,2.3259509,2.2720904,2.2848766,2.2602506,2.2279882
R896,0.1719268,0.17454413,0.20998001,0.22551036,0.24181771
R899,0.12733787,0.07117218,0.02032888,0.0,0.0
R901,1.8231574,1.8386691,1.9088417,1.916188,1.9167408
R902,1.0579877,1.0284824,0.974023,0.89462256,0.8701651
R903,1.777148,1.7463002,1.6976137,1.6155467,1.5644298
R904,0.93651533,0.8706019,0.8365202,0.71534157,0.7176564
R905,1.2658033,1.3113663,1.3461401,1.3501097,1.3367698
R907,0.30702978,0.3584569,0.3581494,0.3447129,0.3736958
R909,1.7469668,1.8344114,1.9102545,1.9221236,1.8991549
R910,1.8251626,1.7621108,1.6701603,1.527704,1.4783423
R911,0.85706204,0.8758742,0.81456757,0.74798054,0.72175574
R912,1.0568862,1.035949,0.93132466,0.83679694,0.82329416
R913,1.6391754,1.5775657,1.471627,1.342974,1.2905092
R914,2.0511913,2.1041088,2.1808705,2.1860166,2.1830382
R916,0.28581893,0.35042685,0.35696936,0.34725982,0.37045872
R917,0.8295574,0.7702038,0.7305838,0.62091994,0.6374043
R919,3.2828426,3.2248025,3.2842977,3.2633228,3.2659216
R920,2.0827212,2.0365891,1.925908,1.791714,1.7550157
R921,1.8822789,1.8620586,1.8438843,1.7251902,1.7044364
R922,0.0,0.0,0.0,0.0,0.0
R923,0.8617227,0.79442656,0.76160896,0.70426697,0.6768563
R924,2.3674095,2.359356,2.289361,2.178491,2.1245666
R925,0.64993006,0.63091487,0.6138702,0.56055653,0.55653656
R927,0.0,0.0,0.0,0.0,0.0
R928,0.58112615,0.5314508,0.5134248,0.48917967,0.49825287
R930,1.3981204,1.3481966,1.2772083,1.1923703,1.156197
R931,1.7175252,1.6917553,1.6903553,1.6767305,1.6403499
R932,1.3116381,1.2754431,1.2035947,1.0976033,1.0751137
R933,1.7411742,1.7813008,1.7375591,1.7067845,1.6822319
R934,0.7312257,0.7092775,0.6419272,0.57229185,0.54886734
R936,1.7357633,1.6728817,1.5952069,1.504616,1.4378276
R937,1.1484411,1.144136,1.0910242,1.0308511,0.9714645
R938,1.4472258,1.3982165,1.3085818,1.2028673,1.1520991
R940,0.72889584,0.5544965,0.48049617,0.4071516,0.32584053
R941,0.43019867,0.38379192,0.3251233,0.21714354,0.1945014
R942,1.8403431,1.8506868,1.9162227,1.937301,1.9472544
R944,1.4495968,1.4107764,1.3663933,1.3332261,1.2965124
R945,2.24085,2.219468,2.2606418,2.2674625,2.2577925
R946,1.9302653,1.9433845,1.8959227,1.8324876,1.8059443
R947,1.6681198,1.6418524,1.5672028,1.4792448,1.4297477
R948,2.9241738,2.8181357,2.832915,2.7625184,2.7275152
R949,2.4088824,2.389639,2.4461489,2.426651,2.4239824
R950,0.37233114,0.29357517,0.21183586,0.080513,0.03984356
R951,2.2692072,2.2698169,2.2495325,2.2086248,2.1948133
R952,1.168677,1.0801194,1.0147157,0.96624863,0.9378445
R953,2.5100346,2.5144918,2.4431648,2.3496797,2.2990742
R954,1.6656222,1.564358,1.5396631,1.4684675,1.4102128
R955,1.5815585,1.5398581,1.4540708,1.3439279,1.3038629
R956,1.9763467,1.9289132,1.9412794,1.8819075,1.8382733
R957,0.72489643,0.6541767,0.62173986,0.5030252,0.4996469
R958,0.17746365,0.115425825,0.06954622,0.0,0.0
R962,1.2391558,1.3227626,1.3268447,1.2446508,1.2106361
R963,0.6525969,0.7416897,0.6892964,0.5960099,0.58458126
R966,1.3984652,1.3299791,1.2799903,1.1680471,1.1053145
R970,1.6001942,1.6378671,1.5984755,1.5005561,1.4637086
R972,1.5793175,1.6263518,1.6027278,1.5047872,1.5055239
R973,1.5313475,1.6022615,1.5450566,1.401286,1.3660161
R974,1.3273906,1.3487346,1.2713991,1.144915,1.0809002
R977,1.6639342,1.7480768,1.6749277,1.5483315,1.5321505
R979,1.4350556,1.4746222,1.3789613,1.26066,1.2361269
R980,1.4182502,1.4437262,1.3695544,1.2548003,1.1873809
R982,1.4055248,1.4599533,1.426335,1.3082398,1.2807192
R985,1.3944343,1.393312,1.3358331,1.2454424,1.2058342
R989,1.0063164,1.0419888,0.98267174,0.87203217,0.8307673
R990,1.4233781,1.4918764,1.439542,1.297726,1.2759361
R992,1.4910042,1.4643708,1.3993912,1.2785847,1.2514732
R995,1.7546296,1.7301847,1.6865983,1.5812004,1.5541346
R999,1.3540231,1.4182379,1.3937389,1.2841156,1.2703476
R1001,1.5442022,1.5757623,1.4775581,1.3553815,1.332133
R1002,1.3492509,1.3750546,1.3208126,1.1949875,1.1656024
R1005,1.2770324,1.3616431,1.3573277,1.2432423,1.212832
R1006,1.3595946,1.4624019,1.474043,1.3844464,1.3521503
R1007,1.5776129,1.4959683,1.4200023,1.2869565,1.2083955
R1009,1.3971964,1.405585,1.3348787,1.205185,1.1440996
R1011,1.4428258,1.4885203,1.425074,1.3185334,1.2752597
R1012,1.5521206,1.5929698,1.5001795,1.3843632,1.3642279
R1014,1.7998918,1.8377051,1.8200911,1.7354839,1.7101563
R1015,1.3226689,1.3939266,1.3448044,1.2191008,1.1831213
R1017,1.5787346,1.5798205,1.5234954,1.4423807,1.4109203
R1019,1.5968487,1.5443383,1.4658252,1.3188193,1.2664123
R1020,1.2118585,1.1420931,1.0766733,0.95127094,0.8634064
R1021,1.2519028,1.2827572,1.2079434,1.0862181,1.0210524
R1022,1.490919,1.4887176,1.4270577,1.3264999,1.2843232
R1024,1.3832387,1.4205594,1.3791229,1.2903209,1.2547922
R1025,1.6098541,1.6039773,1.5532628,1.4670285,1.4394646
R1026,1.551479,1.4970641,1.4127692,1.2587829,1.1948123
R1028,1.405258,1.4904155,1.5302321,1.4573535,1.4435687
R1032,1.1949325,1.2608044,1.1830301,1.0822906,1.0611546
R1034,1.0395815,1.076241,1.0177348,0.90990245,0.8720857
R1035,1.5243222,1.5594529,1.5214547,1.4326179,1.3996286
R1036,1.3687451,1.4278204,1.4081472,1.3213116,1.3291155
R1037,1.4240444,1.4994887,1.4710696,1.3568795,1.3453367
R1041,1.4494231,1.5292462,1.4807205,1.3473943,1.3227745
R1042,1.4410461,1.4829897,1.455807,1.3832567,1.3682708
R1046,1.333136,1.3767468,1.3452377,1.2817543,1.2750655
R1047,1.485524,1.5347912,1.5053196,1.4036467,1.3968017
R1048,1.244534,1.2776504,1.1951352,1.0663371,1.0189359
R1049,1.4658372,1.533704,1.4956892,1.3668699,1.3398554
R1051,1.0361217,1.0666473,0.9886595,0.857203,0.8113266
R1052,1.1786683,1.2587633,1.2495733,1.1536182,1.107743
R1053,1.1739117,1.2296932,1.1753515,1.0816808,1.0424055
R1054,1.4926564,1.4951473,1.4483036,1.367221,1.3401612
R1056,1.8103995,1.7779074,1.7319216,1.620834,1.6086838
R1057,1.4704685,1.4102371,1.328315,1.181148,1.1155505
R1058,1.2737215,1.3236579,1.2968545,1.2026308,1.2049274
R1061,1.3219879,1.3297027,1.2678403,1.1679163,1.1181811
R1065,1.3086898,1.3690422,1.3135493,1.1835731,1.151679
R1067,1.1715946,1.23913,1.1837058,1.0556251,1.0207736
R1069,1.2462794,1.2715623,1.1812496,1.0599223,1.0217543
R1071,1.4095774,1.4570163,1.3753985,1.2544165,1.182215
R1074,1.4107704,1.4789705,1.438865,1.313503,1.2892026
R1077,1.2265764,1.1612656,1.1028867,0.9723573,0.89304173
R1078,1.482828,1.490429,1.4287064,1.3380814,1.305374
R1079,1.3468093,1.4059503,1.3581188,1.2689848,1.2359066
R1080,0.015117049,0.0,0.0,0.0,0.0
R1082,0.015762806,0.0038298368,0.08065474,0.018485427,0.03697014
R1083,0.7101915,0.7318034,0.82386374,0.7678652,0.7891561
R1084,0.7882738,0.71165437,0.7042124,0.60293746,0.5708819
R1085,0.0,0.0,0.0,0.0,0.0
R1086,1.1320517,1.0309799,1.0146573,0.9468899,0.89376074
R1087,1.4741592,1.4156007,1.4147224,1.3430128,1.2840014
R1088,1.0633674,0.9744379,0.96789443,0.90584147,0.8609792
R1089,0.0,0.0,0.0,0.0,0.0
R1090,2.110695,2.0508177,2.0077791,1.9194982,1.8652613
R1091,0.0,0.0,0.0,0.0,0.0
R1092,1.4442616,1.3382514,1.295136,1.1928022,1.1355207
R1093,1.276206,1.2022243,1.1624725,1.0668947,0.98632985
R1094,1.5208496,1.4268538,1.3833644,1.2619536,1.2206453
R1095,0.04407835,0.0,0.0,0.0,0.0
R1096,0.5382813,0.4723097,0.4788947,0.38005984,0.42737305
R1098,0.0,0.0,0.0,0.0,0.0
R1100,1.3207656,1.2152951,1.1431332,1.0335711,0.96909153
R1101,1.4889758,1.4031004,1.3926167,1.3076509,1.2435043
R1102,0.0,0.0,0.0,0.0,0.0
R1103,0.03692913,0.019705892,0.0840981,0.011682272,0.030194163
R1105,0.5763943,0.54436135,0.5982423,0.51572895,0.51637006
R1107,0.029329896,0.0,0.0,0.0,0.0
R1108,0.32559776,0.24571025,0.28596067,0.20475316,0.22887385
R1109,0.6869651,0.5935462,0.5743559,0.49248964,0.4469239
R1114,1.1820325,1.1301974,1.152374,1.0977076,1.0535808
R1115,0.0,0.0,0.0,0.0,0.0
R1116,2.1015253,1.991125,1.9268148,1.8323612,1.7485045
R1117,0.16258526,0.08817911,0.08905625,0.0016697645,0.033801198
R1118,0.0,0.0,0.0,0.0,0.0
R1119,1.3616763,1.2596718,1.248315,1.1664469,1.1381652
R1120,1.333154,1.2237982,1.2084006,1.149924,1.0967302
R1123,0.15351725,0.16147697,0.2340275,0.18319571,0.21371472
R1124,0.57258785,0.54087377,0.59687376,0.51949716,0.5189686
R1125,0.27198827,0.2836933,0.353961,0.28393924,0.2776363
R1126,0.22962129,0.17748642,0.22119045,0.13388157,0.13126075
R1128,0.31456137,0.21889246,0.19802302,0.08300674,0.057234585
R1130,0.50922835,0.4151808,0.42195034,0.2982514,0.3010826
R1133,1.7619718,1.6626637,1.578762,1.4322698,1.3284086
R1134,0.68068075,0.660678,0.71741545,0.6270623,0.65571535
R1135,2.3275614,2.2772236,2.222065,2.116613,2.0390434
R1136,0.54137397,0.44947088,0.4640683,0.3382647,0.3967315
R1139,1.4018625,1.3580127,1.3524629,1.2796904,1.2214288
R1140,0.370996,0.2863453,0.2858144,0.17535591,0.20441616
R1142,0.49402475,0.4456309,0.46952653,0.41030765,0.44110715
R1143,1.702322,1.5995388,1.5805066,1.5268078,1.491256
R1144,1.1541471,1.0823903,1.0535141,1.0096616,0.9739373
R1145,0.6955371,0.6274146,0.626407,0.59687936,0.6241547
R1146,1.1732861,1.1066623,1.062628,1.0135281,0.99277985
R1147,0.0,0.0,0.0,0.0,0.0
R1148,0.6176472,0.53381824,0.47858024,0.4207039,0.35875666
R1149,0.4204867,0.3306594,0.28651798,0.22638535,0.16457713
R1150,1.1837462,1.1938846,1.2001069,1.1719728,1.174314
R1151,0.7826935,0.80512285,0.8452134,0.8375329,0.84981084
R1152,0.31006396,0.25208998,0.28094995,0.25775993,0.25896537
R1153,0.6264529,0.5718864,0.549297,0.51244146,0.48638564
R1154,0.6480427,0.55909884,0.55578196,0.5232018,0.51913154
R1155,0.25555658,0.17545748,0.14949656,0.12538803,0.14653325
R1156,0.069389105,0.013910532,0.07059312,0.050477505,0.0660305
R1157,0.6861201,0.70715,0.7313497,0.72169405,0.69457
R1158,0.30422437,0.2090975,0.14190853,0.081015825,0.031698704
R1159,0.7097584,0.6519021,0.6191553,0.5469661,0.5314456
R1161,0.7530614,0.77106977,0.67941916,0.62797135,0.6027539
R1163,0.086898625,0.03680882,0.0,0.0,0.0
R1164,0.0,0.0,0.0,0.0,0.0
R1166,0.6179905,0.62602985,0.58534515,0.5593153,0.51537156
R1167,0.5063299,0.49173328,0.39199674,0.31630537,0.27155146
R1168,0.46383706,0.42443842,0.34228882,0.27262622,0.23241086
R1175,1.034327,1.0461783,0.9533676,0.8941684,0.8646504
R1176,0.94426763,0.95671284,0.8909551,0.8554188,0.83378464
R1177,0.0,0.0,0.0,0.0,0.0
R1178,0.2473892,0.26118982,0.20912284,0.1541782,0.12828845
R1179,0.819801,0.8212165,0.74342835,0.70133054,0.67553794
R1180,0.0,0.0,0.0,0.0,0.0
R1181,0.009668946,0.0,0.0,0.0,0.0
R1182,0.013231039,0.0,0.0,0.0,0.0
R1184,0.23857868,0.211097,0.17475975,0.13057697,0.1456008
R1185,0.5529978,0.5350926,0.5008621,0.45654857,0.44837177
R1186,0.6718918,0.6144989,0.52448905,0.4716577,0.4646929
R1187,0.034248352,0.013820171,0.0,0.0,0.0
R1188,1.1065941,1.0899996,1.0684574,1.0340657,1.0435345
R1189,0.60434306,0.57522166,0.54427195,0.5134579,0.5066831
R1190,0.46702874,0.3762679,0.28868556,0.22784251,0.20096546
R1191,0.85992724,0.83176976,0.79715055,0.74999195,0.71913964
R1192,0.8516077,0.8665607,0.8290397,0.8149758,0.793334
R1193,0.1936239,0.17919743,0.14054048,0.09603298,0.14226997
R1194,0.48342916,0.46753258,0.39662063,0.35543185,0.3474725
R1195,0.5479742,0.5889995,0.56807065,0.5559708,0.5886502
R1196,0.73339325,0.68399394,0.6044156,0.5599635,0.54914075
R1197,0.98760784,0.9979831,0.9599507,0.9445976,0.9533577
R1200,0.33208275,0.3434384,0.44600165,0.40699565,0.38689578
R1203,0.032250047,0.05114901,0.10730827,0.08037317,0.043314993
R1204,1.0522497,0.930807,0.9088143,0.80395067,0.7292851
R1205,0.026983619,0.06278789,0.10935897,0.0690462,0.014825702
R1208,1.1088032,1.1320947,1.1779302,1.1117358,1.0578792
R1209,0.61655307,0.6488898,0.66203016,0.6323271,0.58277786
R1210,0.22883582,0.3032689,0.38403016,0.36080647,0.2990008
R1211,0.8617053,0.8677295,0.8973461,0.858032,0.78706473
R1212,0.0,0.0,0.0,0.0,0.0
R1213,0.0,0.0,0.0,0.0,0.0
R1215,0.10005802,0.12898958,0.20380414,0.17540431,0.12036598
R1219,1.0309731,0.9165561,0.9055722,0.7973852,0.7229893
R1221,0.24515903,0.12651157,0.07569075,0.008900285,0.0
R1223,0.0054213405,0.04578054,0.12181264,0.102715015,0.05408871
R1227,0.77712005,0.82140136,0.839712,0.82992786,0.77918434
R1228,0.97444487,0.850906,0.82921004,0.7227181,0.6544844
R1229,0.0,0.0,0.0,0.0,0.0
R1231,0.0,0.0,0.0,0.0,0.0
R1232,0.5023771,0.4918115,0.54333675,0.5009196,0.46276838
R1233,1.1068804,0.9751258,0.9692552,0.85156786,0.77963924
R1235,0.27621144,0.32935852,0.36421168,0.3241566,0.27738065
R1236,0.5567496,0.56414336,0.60792255,0.56020755,0.48992443
R1238,0.27435935,0.31066012,0.3917145,0.32576597,0.26115918
R1239,1.1738963,1.0446429,1.014817,0.938957,0.87205553
R1241,0.0,0.0,0.0,0.0,0.0
R1243,0.48803222,0.5433414,0.56180924,0.5348861,0.49783117
R1247,0.0,0.0,0.0,0.0,0.0
R1249,0.83421826,0.7210413,0.7089995,0.62411094,0.5715169
R1255,0.27988452,0.34061825,0.38811368,0.3884455,0.36582148
R1257,0.0,0.0,0.0,0.0,0.0
R1260,0.0,0.0,0.0,0.0,0.0
R1262,0.027192056,0.049580812,0.11668211,0.102838755,0.06671846
R1267,0.3972758,0.35685122,0.41895998,0.34976602,0.30657387
R1272,0.9259601,0.9332655,0.96558,0.927891,0.85866505
R1273,0.27993596,0.24517024,0.2817105,0.22114193,0.14762199
R1276,0.0,0.034140944,0.11282694,0.09212625,0.087904334
R1277,0.5952153,0.6166129,0.6668633,0.5974343,0.5478544
R1278,0.093245685,0.14208281,0.17281407,0.12602913,0.07180059
R1279,0.0048265457,0.021193981,0.040296435,0.0011073351,0.0
R1281,0.9631642,0.8821589,0.8642082,0.82091427,0.7769567
R1282,1.5344858,1.472725,1.4715039,1.3955048,1.3252559
R1285,0.18684155,0.17273194,0.18597776,0.10396683,0.024744213
R1286,0.9374769,0.93462545,0.96327394,0.9351864,0.8745259
R1289,0.78106207,0.67568207,0.63248646,0.570959,0.5180669
R1291,0.5030191,0.41663897,0.39056998,0.34305203,0.2957002
R1296,1.3377347,1.2731143,1.3152022,1.2810386,1.2563183
R1298,0.56484586,0.4886126,0.50349957,0.44867033,0.4147299
R1301,0.48873186,0.38980964,0.37778407,0.30820817,0.22787242
R1303,0.7157329,0.6759496,0.64368075,0.5184865,0.46024764
R1306,0.4909156,0.40946078,0.39158833,0.34377873,0.26866454
R1307,1.5371087,1.5087347,1.4990824,1.4349452,1.3743839
R1308,0.43023002,0.4098029,0.40954232,0.2985723,0.18406546
R1309,0.99308646,0.93809676,0.9496567,0.94204175,0.88708985
R1310,1.325814,1.2836475,1.27111,1.2105603,1.1499752
R1311,0.9754622,0.8954663,0.89549935,0.86532587,0.8187644
R1312,1.8357341,1.8470467,1.825022,1.7334514,1.6825844
R1314,0.376598,0.43898994,0.50334674,0.48921216,0.42338532
R1316,0.73215663,0.71578526,0.7188124,0.72519886,0.66167295
R1317,0.0,0.0,0.0,0.0,0.0
R1318,0.9321058,0.87255144,0.8860644,0.8232987,0.7627728
R1319,1.6346861,1.6330674,1.6462009,1.6911279,1.6499248
R1321,1.3258495,1.4005337,1.4485037,1.4079323,1.3894563
R1326,1.7055256,1.7213728,1.7059538,1.6160688,1.5576878
R1327,1.1167779,1.1606038,1.2209618,1.1953366,1.1328137
R1330,1.2312748,1.1814313,1.1762927,1.0516392,0.99504244
R1333,1.8768898,1.8812358,1.85266,1.7590584,1.7009432
R1335,0.7655153,0.75984514,0.7774926,0.71130955,0.6761254
R1338,1.6646802,1.5900453,1.5831444,1.5159211,1.4675238
R1339,1.7596315,1.7737272,1.8010902,1.7272451,1.6815851
R1341,0.12793648,0.19470048,0.27137542,0.26969454,0.214528
R1342,1.6075461,1.5799136,1.5714787,1.5070797,1.446794
R1347,1.6499662,1.7120961,1.7161452,1.6522367,1.6124684
R1348,1.8069404,1.7414887,1.730793,1.7543113,1.7078397
R1349,1.7635477,1.7299231,1.7340475,1.6950167,1.6606592
R1351,1.0757223,1.0682812,1.0681425,1.0242205,0.9562075
R1353,0.14257419,0.07175994,0.06264889,0.00917989,0.0
R1355,0.14450645,0.21455264,0.28705508,0.29955497,0.2503723
R1356,1.0137877,1.0441743,1.0673852,1.0439198,0.98120064
R1357,0.81598043,0.7569745,0.79593724,0.7627236,0.7154477
R1358,0.3010807,0.23323816,0.23879433,0.18906842,0.13769153
R1359,0.42883623,0.45138025,0.4941224,0.43834746,0.37869167
R1360,0.5764066,0.48614627,0.4813468,0.435782,0.3940096
R1362,1.5360025,1.4821558,1.4618516,1.3839067,1.3240672
R1364,1.0412636,1.0859748,1.107429,1.1204419,1.067373
R1365,0.99903107,0.972334,0.9588922,0.8473361,0.804091
R1366,1.120499,1.1490561,1.198029,1.1688353,1.0994354
R1367,0.008363128,0.0,0.0,0.0,0.0
R1368,0.50000167,0.42887622,0.4331982,0.32909817,0.29117006
R1375,0.15315259,0.1367405,0.08451915,0.0,0.0
R1378,0.21148199,0.15299803,0.15031612,0.051199794,0.008825064
R1386,0.8689208,0.7731575,0.7568282,0.62344587,0.59812725
R1387,0.0,0.0,0.0,0.0,0.0
R1388,0.0,0.0,0.0,0.0,0.0
R1390,0.0,0.0,0.003481865,0.0,0.0
R1391,0.0,0.0,0.0,0.0,0.0
R1397,0.0,0.0,0.0,0.0,0.0
R1399,1.282485,1.1931185,1.149988,1.0374374,0.9852626
R1421,0.024571896,0.06557202,0.06401974,0.0110221505,0.0
R1423,0.019762993,0.0,0.0,0.0,0.0
R1427,0.0,0.0,0.0,0.0,0.0
R1433,0.21179128,0.2039156,0.26280653,0.20042062,0.18764448
R1435,0.0,0.0,0.0,0.0,0.0
R1438,0.21172357,0.26574636,0.26513958,0.22912526,0.21225905
R1446,0.67223257,0.6895902,0.75728905,0.7061022,0.7407296
R1448,0.0,0.0,0.0,0.0,0.0
R1451,2.2540236,2.2791162,2.220024,2.1172142,2.075578
R1452,1.7349961,1.8438852,1.8425016,1.7644551,1.7617284
R1454,1.3088739,1.2710556,1.2702888,1.1862069,1.1773698
R1455,1.4830475,1.3794055,1.3145413,1.1475435,1.1133432
R1460,1.8143638,1.758098,1.6582742,1.5056348,1.4455283
R1469,0.9407232,0.86243594,0.7968693,0.6373229,0.62156916
R1471,1.5435127,1.5222254,1.5061376,1.4200659,1.4241036
R1472,1.7655203,1.7754798,1.7140424,1.6001911,1.5394495
R1474,1.6773534,1.6224536,1.5266473,1.3799217,1.3215914
R1478,1.352299,1.2791204,1.221552,1.0929022,1.0592456
R1481,1.8044155,1.7444086,1.6463099,1.4937172,1.4316833
R1483,1.4744812,1.4958737,1.5193031,1.4529657,1.4436322
R1487,2.248085,2.2598124,2.1857815,2.0647957,2.0199633
R1488,1.6487112,1.6702812,1.693707,1.6098971,1.6079383
R1493,1.9691005,1.9489899,1.8579719,1.715991,1.6716275
R1498,1.1771834,1.0939802,1.0469759,0.8969526,0.88531566
R1501,1.6862845,1.7080549,1.6564765,1.5494359,1.4936816
R1504,0.81081295,0.7844057,0.79359555,0.6768676,0.63883734
R1505,1.4510387,1.4884956,1.4755819,1.3716161,1.311866
R1509,1.5348697,1.5566437,1.6058583,1.5079362,1.4804952
R1513,1.7727206,1.7685981,1.6987363,1.5998701,1.5599043
R1522,1.7644503,1.6586564,1.6036291,1.4795213,1.4744608
R1523,2.1999912,2.2454581,2.1824322,2.0825672,2.0495644
R1533,1.2161293,1.1840167,1.1401589,1.0318043,1.0164349
R1535,1.7082571,1.7226069,1.7046106,1.5895205,1.5354047
R1545,1.2611401,1.2849724,1.2466762,1.1768935,1.1480045
R1547,1.9252589,1.9762974,1.9763932,1.8546774,1.8056238
R1548,1.742874,1.7712636,1.7238367,1.5970852,1.5720984
R1553,0.7786143,0.6787648,0.60630083,0.48343647,0.46769834
R1555,1.1780887,1.1430945,1.1281105,1.0476308,1.0309021
R1557,0.40373516,0.3562926,0.35679567,0.22314656,0.21365607
R1561,1.5444365,1.4830312,1.4258454,1.3351233,1.3496431
R1562,1.9118769,1.8841143,1.812961,1.6708248,1.6332955
R1563,0.92991304,0.9675355,0.9884515,0.9245136,0.9350935
R1564,1.1916726,1.1959696,1.1519122,1.059034,1.0158081
R1565,1.8715438,1.7958059,1.7781891,1.7457626,1.7036024
R1566,0.80148244,0.86125356,0.83437896,0.8438819,0.802142
R1567,1.4815246,1.5828773,1.5864692,1.6337196,1.5441637
R1568,1.9705553,1.8848493,1.8277011,1.814193,1.7955878
R1569,0.79128575,0.79232347,0.7994596,0.8469808,0.82714903
R1570,0.9078523,1.0038242,1.0173855,1.0786965,1.0684984
R1571,0.8678622,0.79655194,0.6930046,0.6867217,0.62599874
R1572,1.1597865,1.1600008,1.1241152,1.1850035,1.1016228
R1573,1.0372266,1.071241,1.0034139,1.0447301,0.9940765
R1574,1.1995828,1.2750804,1.281922,1.3645239,1.3094428
R1575,1.7342529,1.7842966,1.7225065,1.7580256,1.6928887
R1577,1.8692074,1.9439913,1.9154541,1.9181285,1.8682578
R1578,0.65028745,0.64129466,0.5784958,0.6042148,0.54354703
R1579,2.618121,2.513132,2.4964757,2.4902387,2.3959975
R1580,1.2803179,1.1863863,1.1052222,1.1022217,1.1228652
R1581,0.58918834,0.6837671,0.65541613,0.7425276,0.6769984
R1582,3.0839036,2.960137,2.895276,2.8839056,2.779382
R1583,0.783614,0.7911271,0.7743964,0.83877254,0.8141423
R1585,1.3443693,1.3038962,1.2514826,1.2801198,1.1858739
R1586,1.4316947,1.3709571,1.3317401,1.3343155,1.2848055
R1587,1.8009727,1.7898048,1.7425163,1.7513738,1.6837728
R1588,2.0612125,1.9692243,1.937989,1.9529818,1.8726459
R1589,1.5581869,1.4100207,1.2951608,1.287264,1.2450967
R1590,1.4186244,1.3699281,1.3191719,1.3646326,1.2612102
R1591,1.6675091,1.5280786,1.5124428,1.550164,1.6296442
R1592,0.37583196,0.45217407,0.44639814,0.509164,0.4469862
R1593,2.2604961,2.2143912,2.2118664,2.167654,2.1421022
R1594,0.5898199,0.6198144,0.6981528,0.78716636,0.8340373
R1597,0.6130973,0.69322884,0.6920115,0.7940947,0.72569346
R1598,2.0088482,1.8587508,1.8142788,1.7667484,1.7859764
R1599,1.4550987,1.4713515,1.3992766,1.4652455,1.375785
R1600,0.62352693,0.7831795,0.8047019,0.8678807,0.7876706
R1601,1.8977768,1.7243731,1.6018578,1.605897,1.4921758
R1602,0.8911951,0.9943457,0.9397139,0.94465137,0.91448367
R1603,1.2655483,1.0897235,1.0030415,0.98132527,0.9340582
R1604,0.90689695,0.985607,0.9559951,1.0127393,0.9515729
R1606,1.3018425,1.3864284,1.4001948,1.4818712,1.447367
R1607,1.3738741,1.4650247,1.4872661,1.5801542,1.5292743
R1608,0.40222895,0.49804914,0.47468174,0.5805874,0.54001296
R1609,3.0144675,2.9177227,2.8944016,2.8905127,2.7920554
R1610,1.8597574,1.9825698,1.994498,2.043668,1.9521456
R1611,1.6650977,1.4811443,1.4088289,1.3779696,1.3630664
R1612,1.1505816,1.1544796,1.1355934,1.1875459,1.1364969
R1613,0.92545223,0.98108983,1.0090992,1.0552557,1.0561349
R1614,1.420991,1.3430712,1.2328682,1.2380202,1.1715152
R1615,2.1064231,1.9896536,1.9001951,1.9207027,1.7937994
R1616,0.78532684,0.88082397,0.83589935,0.937374,0.8813869
R1617,0.593181,0.6291574,0.570842,0.62286496,0.5452939
R1618,1.8043487,1.7811792,1.7481914,1.7617927,1.7290994
R1619,2.1408849,2.194876,2.1569178,2.1699777,2.1109557
R1620,0.56622374,0.64088845,0.5973915,0.681656,0.64838505
R1621,2.290023,2.2558532,2.196647,2.1052775,2.034876
R1622,1.7593079,1.7399545,1.6671373,1.5901453,1.548735
R1623,3.0064836,2.9590244,2.8866158,2.8331547,2.795609
R1624,2.7064562,2.7289565,2.707551,2.669953,2.66112
R1625,1.9207987,1.8644688,1.779215,1.7061952,1.6501245
R1626,1.7863567,1.7525918,1.6751842,1.5876511,1.5317844
R1627,3.275864,3.2442453,3.1933823,3.164676,3.1209297
R1628,1.4295497,1.4296294,1.3623674,1.3172913,1.290581
R1629,1.5608411,1.5459379,1.5073967,1.454129,1.4059758
R1630,2.5364857,2.4405358,2.3408816,2.2473617,2.169087
R1631,2.148181,2.2191012,2.1804843,2.0552683,2.03674
R1632,1.7633282,1.811857,1.7884452,1.7162082,1.6978539
R1633,2.1513045,2.1737165,2.0983658,2.0096412,1.9758167
R1634,1.2453616,1.2694592,1.2219427,1.1221001,1.0847719
R1635,3.1149402,3.1014366,3.0613024,3.0375314,3.002314
R1636,2.2356231,2.277203,2.2338064,2.200779,2.1626048
R1637,3.3274276,3.322874,3.3079178,3.2819998,3.2483547
R1638,0.31953573,0.2903968,0.2812332,0.22675776,0.22843373
R1639,1.2054682,1.2520051,1.2460701,1.1563082,1.1479144
R1640,2.0117218,1.9615632,1.8879914,1.7370389,1.686696
R1641,2.1326153,2.0765922,1.9997429,1.9281164,1.8659765
R1642,2.15644,2.2047715,2.149543,2.0302947,2.0028138
R1643,2.5781617,2.6133912,2.578049,2.5421464,2.4727
R1644,2.4287508,2.36685,2.3152182,2.2422857,2.1566215
R1645,3.2842212,3.2660093,3.2217898,3.1850457,3.1636448
R1646,1.6572857,1.7165041,1.6821904,1.566843,1.5489817
R1647,1.8232049,1.8738546,1.8541453,1.7336706,1.7081496
R1648,1.5624461,1.6425699,1.6176069,1.4996059,1.4903529
R1649,1.3662481,1.351201,1.3475839,1.333847,1.3121803
R1650,1.9267077,1.8850827,1.7961566,1.702749,1.6676508
R1651,0.2318275,0.15225697,0.10814607,0.07522023,0.033760667
R1652,2.8692303,2.8035097,2.7299693,2.6666884,2.5994782
R1653,1.3100158,1.2639868,1.2277117,1.1725366,1.1284413
R1654,1.7361499,1.7008789,1.6237278,1.5078796,1.4640653
R1655,2.6457226,2.6569467,2.6261234,2.5835738,2.567077
R1656,2.1382837,2.124776,2.0967152,2.030462,1.989361
R1657,1.8152056,1.8262408,1.8296679,1.793424,1.7694967
R1658,3.5709054,3.5469265,3.5003307,3.4635043,3.425621
R1659,1.8857607,1.8422753,1.7800145,1.7162879,1.6652297
R1660,0.86254156,0.8917103,0.8920911,0.8609941,0.83571565
R1661,0.22969067,0.25952148,0.25011134,0.19397545,0.17075473
R1662,2.770193,2.707359,2.6340168,2.5485036,2.477532
R1663,2.9536502,2.9405525,2.9028788,2.8770976,2.835236
R1664,3.0813663,3.0669487,3.0376654,3.0098286,2.975711
R1665,1.5186392,1.4619682,1.3986812,1.3105831,1.2690635
R1666,1.7157593,1.767482,1.7639885,1.7635548,1.7338967
R1667,1.7600577,1.7955453,1.7791594,1.7127686,1.6597124
R1668,1.7832878,1.7728662,1.685858,1.592628,1.5729725
R1669,1.9173281,1.9372735,1.8624861,1.7792568,1.750664
R1670,0.7030657,0.6903529,0.7048857,0.6843914,0.6883562
R1671,3.2445533,3.2179668,3.1805773,3.1428576,3.0980444
R1672,1.5805029,1.5768872,1.5528512,1.5074866,1.4632215
R1673,1.9756413,2.0194013,2.0188208,2.0109434,2.0103261
R1674,1.6489453,1.6889398,1.6548493,1.5813861,1.532867
R1675,1.9759068,1.9618214,1.8660378,1.76087,1.7468845
R1676,2.203802,2.2972925,2.3167458,2.3236732,2.2802038
R1677,2.4485877,2.4541512,2.4109368,2.3810594,2.326836
R1678,1.7288541,1.742212,1.712735,1.678088,1.627536
R1679,2.7970881,2.7827415,2.711743,2.6609173,2.6092107
R1680,2.2796745,2.2813983,2.2247653,2.130005,2.093786
R1681,1.0838342,1.1234281,1.1189036,1.044592,1.0360478
R1682,3.1333048,3.092084,3.0373814,2.9947913,2.9296877
R1683,2.16349,2.1717987,2.1197197,2.0277774,1.97704
R1684,2.2336075,2.3024287,2.2516897,2.1705778,2.149662
R1685,2.111122,2.100473,2.0382686,1.9888276,1.9332827
R1686,1.8128189,1.872738,1.8297958,1.7310215,1.7328548
R1687,1.9062455,1.884512,1.791872,1.6758509,1.664377
R1688,2.7780037,2.84907,2.8928635,2.906876,2.8931665
R1689,1.6738036,1.7135797,1.7299721,1.7038815,1.6492386
R1690,0.13718414,0.14589024,0.13188261,0.046551943,0.01636225
R1691,1.2324173,1.2800637,1.2728688,1.1950986,1.1935809
R1692,1.8919495,1.9011235,1.8696573,1.777046,1.7500839
R1693,1.1869925,1.1388819,1.1192118,1.0867741,1.0607235
R1694,2.2369912,2.2815056,2.2121418,2.1207662,2.0889082
R1695,1.5591393,1.5225073,1.4762068,1.407896,1.3638921
R1697,2.283052,2.305253,2.2351346,2.1271513,2.0921195
R1698,0.12384057,0.16765976,0.1742667,0.08568549,0.078807116
R1699,3.2546086,3.3297827,3.3490882,3.352556,3.3296874
R1700,1.7792838,1.8487475,1.8367174,1.7800293,1.7561805
R1701,2.5049334,2.5223122,2.4736652,2.4217415,2.3641598
R1702,2.5278115,2.4909244,2.4257371,2.3317094,2.2624953
R1703,2.5957308,2.5804422,2.5348082,2.4858913,2.4501615
R1704,1.1662503,1.212632,1.2031379,1.1109343,1.098337
R1705,0.30416664,0.29347485,0.27137935,0.20851189,0.19785082
R1706,2.3671653,2.3778746,2.351935,2.3202422,2.2650967
R1707,2.3786883,2.392799,2.314489,2.1918726,2.1465712
R1708,2.0515335,2.0676236,2.0376072,1.9766359,1.9414672
R1709,2.3150222,2.335239,2.2685003,2.1082015,2.0770397
R1710,0.2907269,0.30346346,0.26319683,0.15382469,0.13764429
R1711,1.9840934,2.0116339,1.9853556,1.9237084,1.895145
R1712,1.897763,1.8502839,1.7819848,1.712585,1.6559283
R1713,1.5123167,1.5779359,1.5735714,1.5291917,1.5079808
R1714,3.6339166,3.658236,3.5549796,3.5623379,3.5293298
R1715,3.3388786,3.5148802,3.587388,3.6084895,3.6725502
R1716,4.191571,4.107915,4.001019,3.9698117,3.9519162
R1717,2.776417,2.702424,2.632211,2.5913556,2.5844564
R1718,3.8105516,3.7985172,3.7273438,3.707408,3.7306676
R1719,3.928678,3.9322948,3.874229,3.8403025,3.8579724
R1720,2.8110065,2.7236729,2.5484881,2.507945,2.4373107
R1721,3.5131865,3.516115,3.386824,3.3690681,3.3827033
R1722,3.9444916,3.9502673,3.9486547,3.8910284,3.91007
R1723,4.281354,4.3024993,4.2091627,4.1923037,4.1780944
R1724,2.6998842,2.6016045,2.4590871,2.4812303,2.4811306
R1725,2.5564735,2.526722,2.485141,2.533792,2.579836
R1726,3.6484654,3.582079,3.4069455,3.4103508,3.4000711
R1727,5.0,4.9564667,4.809618,4.7755337,4.769401
R1728,4.058859,3.9981446,3.8910565,3.8913977,3.8526545
R1729,4.8919425,4.8954086,4.8776774,4.7859387,4.792256
R1730,3.4297056,3.3848917,3.2834272,3.3094401,3.2883546
R1731,0.88414544,0.7964494,0.7590877,0.70178175,0.700987
R1732,0.8237333,0.75830233,0.7428911,0.71518695,0.7233902
R1733,0.22141016,0.14360917,0.08102405,0.016753316,0.0
R1734,0.62022614,0.6196439,0.7000052,0.6953926,0.741997
R1735,0.55219233,0.4977672,0.51882553,0.50439537,0.51271844
R1736,0.7676939,0.8401091,0.87843144,0.88750696,0.88787055
R1737,0.81987774,0.79002535,0.7851869,0.7478764,0.7171596
R1738,0.6981989,0.6960838,0.6816362,0.63926804,0.607725
R1739,0.64042246,0.60921735,0.57965493,0.5324727,0.49577093
R1740,0.803691,0.7794174,0.79248637,0.7602961,0.73600584
R1745,0.43830383,0.45716077,0.43143892,0.38058567,0.37319982
R1748,0.3692296,0.32375818,0.24766229,0.18651842,0.13796252
R1750,0.4374053,0.42575157,0.3943329,0.35266745,0.3218252
R1751,0.431507,0.43954232,0.41007254,0.3500343,0.3127311
R1752,0.05442381,0.026639044,0.0,0.0,0.0
R1757,0.32731056,0.33441734,0.29132986,0.26020598,0.22347945
R1762,3.6807537,3.7167473,3.8937674,3.9155862,3.9082928
R1763,2.8848224,3.0199006,3.284931,3.3794658,3.4699626
R1764,2.9128869,2.9410095,3.0560687,3.096014,3.1196313
R1765,2.984965,3.0630507,3.2730434,3.333861,3.3619785
R1766,2.885851,2.7499712,2.825928,2.7305732,2.7855456
R1767,2.2600796,2.0848436,2.1139116,2.0290666,2.0445123
R1768,2.9327846,2.9798412,3.1157975,3.1341698,3.2201772
R1769,1.9331186,2.0750217,2.257509,2.3564324,2.3792734
R1770,2.3158603,2.453948,2.680621,2.7730012,2.8291144
R1771,0.328426,0.4186712,0.651294,0.7937746,0.84726644
R1772,2.129185,2.037593,2.1446872,2.0814557,2.1102624
R1773,1.9729121,1.9600695,2.0997624,2.0776,2.105526
R1774,3.0944366,3.1977928,3.3574924,3.4569118,3.4472094
R1775,2.0959675,2.057098,2.1613934,2.1288266,2.130487
R1776,2.618152,2.7283711,2.9687662,3.040578,3.1190472
R1777,1.9758763,1.8946406,1.9928055,1.9513552,1.9893286
R1778,0.7368691,0.8760823,1.0616436,1.2351273,1.2643489
R1779,1.9409723,1.7990292,1.8706465,1.8227851,1.773287
R1780,3.4365108,3.3581185,3.4985366,3.456084,3.498509
R1781,1.6225648,1.5822088,1.7109281,1.7149978,1.7191164
R1782,1.600612,1.5516961,1.6642132,1.5764298,1.6248173
R1783,3.103129,3.0773582,3.211209,3.178728,3.2505252
R1784,2.3213367,2.1540833,2.1877308,2.0929403,2.1040854
R1785,4.0517087,3.937718,4.020044,3.940907,3.9205923
R1786,2.7231536,2.6076927,2.6363926,2.5874157,2.558689
R1787,1.9771559,1.9919904,2.1516838,2.1145864,2.1593337
R1788,2.4427042,2.3667018,2.4827073,2.4250898,2.4733222
R1789,0.5009067,0.604447,0.8618679,0.9793407,1.0242271
R1790,2.4632347,2.6239076,2.8860035,2.9972386,3.033823
R1791,3.4041839,3.3450198,3.4959888,3.4555316,3.5394588
R1792,2.68474,2.6639054,2.8763995,2.913269,2.9446616
R1793,2.2191873,2.1888754,2.3237944,2.3169208,2.351304
R1794,3.3620553,3.380826,3.5429406,3.6010456,3.6129463
R1795,0.0,0.0,0.0,0.0,0.0
R1796,0.4246087,0.39547503,0.3945017,0.32544613,0.30058384
R1799,0.36373854,0.32806206,0.32541203,0.25554466,0.23314977
R1800,0.14789093,0.14275801,0.16852689,0.1418693,0.10367143
R1801,0.2644471,0.22179937,0.2292229,0.16793036,0.12706888
R1802,0.0,0.0,0.0,0.0,0.0
R1804,0.88321877,0.83708,0.8350829,0.7939774,0.76423585
R1805,0.0,0.0,0.0,0.0,0.0
R1806,0.0,0.0,0.0,0.0,0.0
R1809,0.2835694,0.26391512,0.26617998,0.21862644,0.1965872
R1810,0.9247421,0.8778939,0.8995937,0.8655708,0.8444884
R1811,1.0822158,1.0302784,1.0364208,0.9933398,0.96076703
R1812,0.032596588,0.0,0.0,0.0,0.0
R1813,0.5819825,0.567509,0.56791586,0.5131521,0.46974802
R1815,0.19128442,0.08168483,0.11619806,0.082945585,0.07720947
R1816,0.0,0.0,0.0,0.0,0.0
R1817,0.8505521,0.8086427,0.83875334,0.8300503,0.7770645
R1819,0.37342572,0.22849631,0.20712996,0.14078164,0.10583758
R1820,0.37390214,0.34833187,0.33838683,0.306978,0.27651155
R1821,0.1936096,0.16578972,0.15696454,0.08169627,0.050970793
R1822,0.5340848,0.51914334,0.52488863,0.4885215,0.44771862
R1823,0.0,0.0,0.0,0.0,0.0
R1824,0.0,0.0,0.0,0.0,0.0
R1826,0.22215676,0.123613596,0.08353174,0.0,0.0
R1827,0.44926667,0.3998629,0.4093405,0.34203696,0.32085645
R1828,0.61650723,0.63663805,0.6873731,0.6768124,0.6159482
R1829,0.23194754,0.24506211,0.24451226,0.19222611,0.1637978
R1831,0.60165775,0.57540023,0.5776859,0.5489063,0.49807352
R1832,0.53962314,0.4941877,0.49557948,0.451342,0.39248252
R1836,0.04293835,0.0,0.0,0.0,0.0
R1839,0.6201719,0.50314367,0.47186577,0.4257307,0.36846244
R1840,0.0,0.0,0.0,0.0,0.0
R1841,0.0,0.0,0.0,0.0,0.0
R1843,0.1696285,0.21299732,0.2265743,0.18305051,0.18130374
R1844,0.2733884,0.28499353,0.29982316,0.27225184,0.23965919
R1845,0.30438107,0.29810023,0.2828859,0.24057221,0.22673464
R1846,0.0,0.0,0.0,0.0,0.0
R1848,0.012961388,0.0,0.0,0.0,0.0
R1849,0.07699132,0.068657994,0.05907905,0.03187871,0.018163562
R1851,0.18169475,0.053164482,0.037627697,0.0,0.0
R1852,0.0,0.0,0.0,0.0,0.0
R1853,0.49059993,0.4874723,0.49271864,0.46311343,0.42453367
R1854,0.251069,0.27462554,0.25402558,0.22617102,0.23145026
R1855,0.37056804,0.31970787,0.29448837,0.24289691,0.19456536
R1856,0.5823338,0.57843876,0.5671897,0.5011003,0.4483136
R1858,0.9139483,0.85201645,0.74103594,0.6244358,0.53201807
R1860,0.9926865,1.0003687,0.9438045,0.92270505,0.8989656
R1862,1.1848558,1.1196308,1.0539541,0.9742526,0.96990883
R1863,0.6472776,0.611012,0.5866618,0.5219642,0.5257077
R1864,0.0,0.0,0.0,0.0,0.0
R1865,0.79398656,0.79739666,0.77335835,0.77065194,0.745474
R1866,0.41076255,0.30543208,0.23742604,0.16719127,0.1800518
R1869,0.950392,0.918061,0.81364965,0.746832,0.6667607
R1871,0.0,0.0,0.0,0.0,0.0
R1872,0.6531751,0.59273314,0.5445442,0.47902536,0.51072013
R1874,1.1681448,1.1125889,0.9981713,0.89702123,0.8098122
R1875,1.0069449,0.96162444,0.8717889,0.77543896,0.6966894
R1877,0.0,0.0,0.0,0.0,0.0
R1878,1.3649206,1.274195,1.2033354,1.0603998,1.0348845
R1879,1.3288251,1.3023499,1.2139645,1.1397746,1.0852184
R1880,0.43866575,0.45280123,0.4351014,0.39494765,0.39965808
R1881,0.43701494,0.4546814,0.4341793,0.40489674,0.41500545
R1882,1.0781504,1.0831711,1.0672208,1.038938,1.0147078
R1887,0.47267032,0.4373585,0.41946268,0.36842132,0.36617756
R1888,1.3961606,1.3584183,1.2701527,1.1592599,1.0767485
R1891,1.0811087,1.0628601,0.9914934,0.9247893,0.8533614
R1892,1.1026417,1.0570267,0.93881935,0.86182904,0.7740892
R1895,1.3509531,1.3454721,1.2665313,1.1935958,1.1071005
R1898,0.85391545,0.8420156,0.77242404,0.7140644,0.6528456
R1903,0.8359612,0.8857497,0.8439342,0.81966376,0.77200866
R1904,0.48194122,0.4996202,0.50047994,0.46367717,0.49096322
R1905,1.0487733,1.000162,0.8898324,0.7807269,0.69093573
R1908,0.46902275,0.43964028,0.4075371,0.34216237,0.32480645
R1909,1.0307539,1.0750884,1.0337027,1.0037177,0.9587892
R1910,0.535867,0.58113813,0.57503676,0.5563896,0.5606909
R1911,1.1623229,1.1455399,1.0476273,0.992733,0.9231585
R1913,1.2052311,1.0836791,1.0120935,0.8794038,0.84440327
R1915,0.0,0.0,0.0,0.0,0.0
R1916,1.1548402,1.1440319,1.0384322,0.9601903,0.8851427
R1917,1.6156561,1.5417937,1.4863634,1.3899344,1.3722944
R1918,1.0834751,1.0990937,1.0521668,1.0344236,1.0285256
R1919,0.9826411,1.0002171,0.9680432,0.9291456,0.87963057
R1920,0.7912955,0.77784324,0.7114539,0.63383913,0.58681154
R1921,0.3130015,0.2446146,0.19987702,0.15656614,0.15589452
R1923,0.61220455,0.729365,0.77501273,0.78924537,0.8093548
R1924,1.4799248,1.4747012,1.3686994,1.2563173,1.1643386
R1925,0.82895136,0.8400104,0.8219143,0.77345645,0.7749766
R1926,0.0,0.0,0.0,0.0,0.0
R1927,0.44556427,0.45092142,0.41963196,0.39236403,0.4080863
R1928,0.0,0.0,0.0,0.0,0.0
R1929,1.3960191,1.4032688,1.3384748,1.2774752,1.203994
R1930,0.0,0.0,0.0,0.0,0.0
R1931,1.2538116,1.1549691,1.0647211,0.95023704,0.9070859
R1932,1.0827875,1.0945402,1.0069346,0.93339264,0.8571024
R1933,0.77515745,0.79497707,0.75352836,0.7499479,0.7044822
R1934,0.32206774,0.325315,0.2981776,0.27081943,0.24989104
R1936,1.0099556,0.990199,0.8842128,0.79901767,0.71432173
R1937,1.4281435,1.3817881,1.2805187,1.1918023,1.1284983
R1938,0.56631243,0.58863044,0.6043825,0.62189746,0.6506002
R1939,0.89105153,0.9511552,0.91641283,0.9250369,0.93397236
R1940,0.13112259,0.14578223,0.07888472,0.07731187,0.046909332
R1941,1.0223434,1.024789,0.93490577,0.85635734,0.780504
R1942,0.9106643,0.9011327,0.80792224,0.7234669,0.65542746
R1945,0.4666077,0.41525137,0.3563341,0.31959105,0.32477212
R1946,1.4978235,1.4999988,1.4489045,1.4366658,1.4311152
R1947,1.0387411,1.0276078,0.96044034,0.8985731,0.8302017
R1948,1.1130699,1.1513472,1.0902982,1.0329764,0.96789944
R1949,0.8267642,0.82179916,0.75608826,0.7000593,0.63377774
R1950,0.6353451,0.5835346,0.50853074,0.4582224,0.44160187
R1951,1.2059032,1.1444473,1.0833039,1.0075716,1.0090204
R1953,1.0087492,0.96404123,0.86786413,0.7675806,0.70505404
R1955,0.94692934,0.9334601,0.83978474,0.75127304,0.67869854
R1956,0.87148285,0.803728,0.7269697,0.62329817,0.58381665
R1957,1.96772,2.0403469,2.027823,2.026765,1.9961737
R1959,1.1141491,1.0966141,1.0695798,1.0653336,0.98320395
R1960,1.6329422,1.7032404,1.6912627,1.7446754,1.7159028
R1961,2.0330138,1.9681633,1.9012735,1.9106574,1.8481214
R1962,2.3537664,2.4013138,2.372023,2.3794966,2.3393512
R1963,2.32446,2.3981209,2.4379573,2.5028315,2.4613857
R1964,1.6434488,1.6797767,1.6503122,1.6858937,1.6587722
R1966,1.750915,1.7538879,1.7457492,1.797894,1.7350886
R1968,1.5391016,1.5894766,1.59154,1.6310453,1.5575651
R1969,1.4301186,1.4656898,1.4483682,1.4719656,1.4163272
R1970,1.802314,1.8168559,1.7875372,1.832252,1.7587129
R1971,1.7460436,1.7817075,1.7592447,1.7815654,1.7652295
R1972,1.6063617,1.6411861,1.6337712,1.6856331,1.6294211
R1973,1.2229027,1.2560077,1.2300944,1.2624257,1.2280374
R1974,1.6460029,1.668093,1.6489806,1.6896322,1.6182166
R1975,1.6381335,1.7235134,1.7147497,1.7148844,1.6928966
R1976,1.3512912,1.383025,1.3613867,1.4072828,1.356252
R1977,2.0331347,2.110557,2.0931516,2.0819795,2.0526779
R1978,0.9221146,0.9388113,0.9596247,0.9995177,0.96460897
R1979,1.2826846,1.2949497,1.294811,1.3364935,1.3173491
R1980,0.95780325,1.0407906,1.0590785,1.1014905,1.0913246
R1981,1.191105,1.1917208,1.140718,1.1104772,1.0292842
R1982,1.2196622,1.2380102,1.244272,1.2763385,1.257132
R1983,1.568802,1.5968865,1.5426233,1.5758243,1.5063533
R1984,1.5127046,1.5645761,1.5424216,1.559849,1.5160754
R1985,1.4548349,1.4674597,1.4456544,1.4574361,1.4007604
R1986,1.5855093,1.56236,1.4899955,1.4865762,1.4294894
R1987,1.6549772,1.730588,1.7470957,1.7646956,1.6793009
R1988,1.891993,1.9025857,1.8727715,1.9146948,1.8431422
R1989,2.1389217,2.2296977,2.2464643,2.287509,2.2441783
R1990,1.408732,1.3632524,1.37689,1.4242527,1.3429091
R1991,0.7350928,0.72483635,0.69181216,0.7172929,0.6402573
R1992,1.1433444,1.1003733,1.0831102,1.1132708,1.00703
R1994,2.0674615,2.0772414,2.054122,2.0654974,1.9932482
R1995,0.91194713,0.96786666,0.98332345,1.0032946,0.95309544
R1996,2.0945373,2.0751119,2.0573769,2.0821028,2.0199702
R1998,1.262768,1.3051238,1.2911239,1.3260044,1.2705141
R1999,2.2930233,2.347849,2.3381143,2.355125,2.3417866
R2000,2.1017137,2.1718347,2.140011,2.1112103,2.0693681
R2001,1.7815158,1.8442483,1.8201842,1.8438004,1.8102725
R2002,1.3325423,1.3431522,1.3232945,1.3652407,1.3195229
R2003,0.5088823,0.55603105,0.57052845,0.59062815,0.569012
R2004,1.600724,1.5368104,1.5150979,1.5517728,1.5034132
R2006,1.9510956,1.9462178,1.9311647,1.9906256,1.9270765
R2007,1.7769439,1.8136691,1.7885913,1.8139129,1.7440403
R2008,0.81689847,0.81320405,0.7790658,0.7859194,0.71432054
R2009,1.5000217,1.5305202,1.5494912,1.6029775,1.5402682
R2011,0.37545317,0.4419846,0.45244998,0.43780142,0.42268527
R2012,0.06384671,0.03520906,0.0026859045,0.0,0.0
R2013,0.40877306,0.39028102,0.38097143,0.3309667,0.30245703
R2015,0.2718501,0.33485937,0.34847236,0.30074006,0.25848007
R2016,0.2820295,0.28871745,0.27903414,0.19537055,0.16296291
R2019,0.99494195,1.0671264,1.092856,1.0363904,0.97384083
R2020,0.13008264,0.20528573,0.21967998,0.21008494,0.2096366
R2021,0.23496714,0.31339842,0.29709795,0.262528,0.23422268
R2023,0.68384874,0.7693727,0.78969336,0.7392496,0.7180927
R2024,0.7551391,0.8362278,0.8642634,0.8132129,0.76031697
R2026,0.278432,0.30443227,0.3117776,0.25515974,0.21018136
R2028,0.42592216,0.46554005,0.45080727,0.40726823,0.3732918
R2029,0.49321792,0.51053643,0.49372652,0.4566218,0.4341174
R2030,0.0,0.058841825,0.072951436,0.069500804,0.058752984
R2031,0.3589934,0.36803234,0.3513137,0.30244005,0.25237978
R2032,0.0,0.0,0.0,0.0,0.0
R2033,0.34214085,0.42179602,0.42044663,0.39001054,0.3571794
R2034,0.27261722,0.34891024,0.33889642,0.30801722,0.27998692
R2035,0.15578961,0.14483309,0.1291371,0.05815369,0.006660402
R2038,0.31127393,0.33138776,0.27991927,0.20569792,0.13899857
R2041,0.35404325,0.410128,0.40383223,0.38823125,0.35674322
R2042,0.25999713,0.33391535,0.34515488,0.3050688,0.2668128
R2043,0.34795135,0.3499211,0.34063232,0.25358206,0.2126075
R2044,0.2609666,0.26167536,0.23767042,0.17665207,0.14270616
R2047,0.38628602,0.38765132,0.3736987,0.33828503,0.28597522
R2048,0.4775052,0.5201392,0.50979805,0.46326244,0.41839898
R2050,0.1263805,0.13157299,0.10280919,0.039495856,0.011651754
R2052,0.23122764,0.19380832,0.21513486,0.16953802,0.1314261
R2055,0.19179273,0.2597345,0.26282406,0.2132107,0.16733253
R2057,0.37089074,0.3978126,0.41680193,0.39999807,0.3826623
R2058,0.16410124,0.24928182,0.24979508,0.22555399,0.19473958
R2059,0.8116181,0.8612772,0.89192307,0.8556075,0.79759145
R2063,0.0,0.0,0.0,0.0,0.0
R2064,0.28978938,0.37123013,0.3734066,0.34175897,0.3202498
R2065,0.0,0.0,0.0,0.0,0.0
R2066,0.38861609,0.48867285,0.47299904,0.43086207,0.40693545
R2067,0.0,0.0,0.0,0.0,0.0
R2068,0.27079213,0.23129582,0.19404209,0.12668037,0.08338106
R2070,0.0,0.0,0.0,0.0,0.0
R2071,0.0,0.0,0.0,0.0,0.0
R2072,0.4870413,0.5200596,0.54978544,0.5254071,0.4849372
R2073,0.0,0.0,0.0,0.0,0.0
R2074,0.20122105,0.28309864,0.28137612,0.254735,0.22227532
R2077,0.45276618,0.5135162,0.5041629,0.4364342,0.39849252
R2078,0.4218527,0.44019437,0.4388969,0.3698331,0.30652344
R2079,0.5989009,0.66711533,0.68652475,0.6573489,0.6184368
R2081,0.052360892,0.10288793,0.09462166,0.07449347,0.07603431
R2083,0.33591026,0.37749046,0.37157977,0.3585726,0.33712798
R2084,0.035406202,0.06963456,0.05071932,0.010789514,0.0
R2085,0.5079522,0.51288784,0.50170416,0.4562505,0.40077162
R2088,0.43050802,0.41823125,0.39169502,0.29145753,0.23259592
R2089,0.021915078,0.0,0.0,0.0,0.0
R2090,0.61131,0.68210435,0.7149699,0.6637324,0.6122377
R2094,0.4947623,0.5074618,0.4875602,0.41271508,0.3588165
R2095,0.21847439,0.20757431,0.2019772,0.12746763,0.077498496
R2096,0.26835614,0.27458143,0.25358176,0.19575447,0.16176623
R2097,0.29724324,0.32260156,0.3249284,0.26196122,0.21519649
R2099,1.040086,0.9131719,0.8599355,0.7744272,0.7375386
R2101,1.4867673,1.3653637,1.2992866,1.1892387,1.145099
R2102,2.27078,2.262464,2.2757986,2.2360327,2.2475548
R2103,1.0247204,0.9138987,0.8889512,0.7756229,0.7952887
R2105,0.8642477,0.7619901,0.7329823,0.6246278,0.6044587
R2106,0.21904474,0.16840953,0.1817916,0.108724415,0.13821822
R2109,1.4039965,1.328803,1.3092754,1.2367711,1.2385491
R2110,2.6816351,2.6540782,2.7447157,2.7285671,2.7419016
R2111,1.4195886,1.4621158,1.5195031,1.4533792,1.4630878
R2113,0.8574035,0.78298545,0.77513254,0.6857885,0.69749916
R2114,1.6277503,1.5798043,1.5580406,1.5153776,1.5414358
R2117,2.3292851,2.2912588,2.3000352,2.2314398,2.2397847
R2119,2.073767,1.961114,1.9328892,1.8327147,1.8201835
R2120,2.0137904,1.9929974,1.995724,1.9443767,1.9168371
R2121,1.7960429,1.7681438,1.7457868,1.6416736,1.6272787
R2122,1.0247624,1.0119584,1.0202067,0.95382357,0.988858
R2123,0.11357725,0.0005041361,0.0,0.0,0.0
R2125,1.9507713,1.9368827,1.9828315,1.9913852,2.033661
R2126,2.2418818,2.202058,2.1992218,2.1515634,2.1586452
R2127,2.1398633,2.0602324,2.0327845,1.9239622,1.8714079
R2130,2.1093884,2.0933824,2.1452172,2.1534858,2.1983054
R2131,1.0477896,1.0141499,1.0303538,0.98086864,1.0067145
R2133,0.92485595,0.82288706,0.79274106,0.7181139,0.69745374
R2134,1.3160366,1.2863734,1.3406209,1.2765231,1.3137419
R2135,1.7390046,1.7066509,1.7098719,1.6654751,1.66952
R2138,0.5363729,0.55361307,0.6340896,0.5855417,0.61282694
R2139,1.0866846,1.1144049,1.2230012,1.2019466,1.2758665
R2141,0.59440756,0.53888726,0.5344871,0.4087124,0.4018215
R2144,2.1953373,2.1399543,2.1199164,2.048787,2.0721276
R2149,1.1312684,1.0909394,1.0857219,1.0262227,1.0389922
R2154,0.6743145,0.6458869,0.64967656,0.5477958,0.54149294
R2155,1.7848194,1.8013706,1.849719,1.7642913,1.7536789
R2156,0.6837965,0.6185943,0.58650315,0.46150136,0.4322139
R2157,0.98567593,0.9623358,1.007641,0.945979,0.9537115
R2162,1.7920423,1.7038896,1.6700222,1.5617518,1.528829
R2166,0.9595797,0.9369742,0.9415327,0.92763686,0.9501704
R2167,3.5141416,3.5107174,3.5873213,3.582816,3.5696008
R2168,2.3654127,2.3203924,2.334696,2.314825,2.3108635
R2172,2.0993242,2.025086,2.025442,1.9678226,1.9674582
R2173,1.3665485,1.2275795,1.1513741,1.0490644,0.98925245
R2174,2.3312688,2.245345,2.19621,2.1062224,2.1063747
R2175,3.7364404,3.5913928,3.5230503,3.543114,3.4786248
R2176,0.5541992,0.37150764,0.29380238,0.29745138,0.33277488
R2177,2.0387273,1.77352,1.6378148,1.5923948,1.5688384
R2178,0.58312476,0.4605906,0.44153404,0.4809326,0.54599345
R2179,1.0844831,0.9759687,0.9807739,1.02875,1.0370502
R2180,1.8931603,1.6307724,1.5120614,1.4798656,1.4856215
R2181,2.2338371,2.1452026,2.0343897,2.071877,2.081261
R2182,2.4274569,2.2002304,2.1016417,2.047806,1.9914131
R2183,1.8443898,1.6832511,1.5528295,1.5732172,1.5889972
R2184,1.2720257,0.96102697,0.76199555,0.71936476,0.70945853
R2185,1.0783978,1.0154843,0.94626975,1.0096927,1.0014374
R2186,3.5169525,3.3984213,3.298227,3.2827086,3.2282822
R2187,3.1916246,3.1525538,3.076126,3.1118734,3.0575068
R2188,2.3206162,2.0482664,1.9668046,1.9610022,1.9084954
R2189,3.810183,3.5735173,3.4032037,3.4196773,3.3495774
R2190,0.9791478,0.7178177,0.5455233,0.5482606,0.5372346
R2191,1.837099,1.6914748,1.618088,1.6693722,1.6209781
R2192,3.9698298,3.7672544,3.6951807,3.6986098,3.6936996
R2193,3.8596253,3.7655132,3.6907213,3.6880174,3.6387877
R2194,1.4212294,1.3134309,1.2670122,1.3156949,1.4109443
R2195,0.60089123,0.3365556,0.25179505,0.24296081,0.28015423
R2196,1.0554837,0.7630706,0.62623084,0.62333345,0.6435127
R2197,2.9328394,2.9376974,2.8604584,2.8972263,2.8224642
R2198,1.0042112,0.7632332,0.6573379,0.64415157,0.6186858
R2199,1.3811822,1.3499529,1.26719,1.32544,1.3082819
R2200,1.110235,0.883114,0.79216015,0.7954811,0.7956339
R2201,2.2997053,2.183495,2.1506445,2.1465619,2.1341014
R2202,2.1485696,2.145096,2.108763,2.1730235,2.1510847
R2203,1.218858,1.0326163,0.9915447,0.994326,1.0144248
R2204,1.7572501,1.6520683,1.5584784,1.6185194,1.5312604
R2205,0.6693207,0.456604,0.3508215,0.37163424,0.3631717
R2206,0.79708385,0.6581447,0.5447124,0.58515215,0.56291854
R2207,2.2424254,2.0817986,1.9451724,1.9274877,1.9028462
R2208,0.7599259,0.5961077,0.58385354,0.63755214,0.6613281
R2209,2.0113091,1.9818397,1.948477,2.013965,1.9908442
R2210,1.2773846,1.1091793,1.0389938,1.0663021,1.0844126
R2211,0.0,0.0,0.0,0.0,0.0
R2212,0.30409813,0.2920878,0.25680792,0.15538418,0.08992708
R2213,0.26871276,0.22116554,0.18273938,0.088852644,0.037890792
R2214,0.55884147,0.52335465,0.49357808,0.40621078,0.3578142
R2215,0.0,0.0,0.0,0.0,0.0
R2217,0.0,0.0,0.0,0.0,0.0
R2218,0.0,0.0,0.0,0.0,0.0
R2220,0.47018802,0.45943487,0.44280744,0.3641672,0.2913493
R2221,0.0,0.0,0.0,0.0,0.0
R2222,0.30911583,0.27502728,0.24584174,0.19639158,0.16759741
R2224,0.0,0.0,0.0,0.0,0.0
R2225,0.47380328,0.4961412,0.46798497,0.4525326,0.41762036
R2226,0.42682528,0.39596283,0.38940024,0.32420743,0.2565893
R2227,0.1346525,0.08936763,0.07556069,0.015522599,0.0
R2228,0.39743948,0.37205333,0.38194394,0.33469594,0.29601336
R2229,0.0,0.0,0.0,0.0,0.0
R2230,0.4223416,0.33482575,0.30321562,0.22766232,0.17056
R2231,0.0,0.0,0.0,0.0,0.0
R2232,0.0,0.0,0.0,0.0,0.0
R2233,0.78915715,0.8279172,0.8058467,0.76365006,0.72226703
R2234,0.8319732,0.8212908,0.81934917,0.7433047,0.7038939
R2235,0.6347468,0.60831594,0.6016673,0.54621214,0.5050577
R2236,0.26225185,0.34944093,0.40665722,0.3556354,0.32605028
R2237,0.2663921,0.1970731,0.17709398,0.083943844,0.036202908
R2238,0.0,0.0,0.0,0.0,0.0
R2239,0.0,0.0,0.0,0.0,0.0
R2240,0.0,0.0,0.0,0.0,0.0
R2241,0.0,0.0,0.0,0.0,0.0
R2242,0.7077218,0.69707644,0.6936354,0.6153645,0.5663803
R2243,0.46775144,0.44422084,0.42371303,0.3766331,0.3352117
R2244,0.0,0.0,0.0175246,0.0,0.0
R2247,0.7653552,0.8379723,0.86322653,0.8103328,0.76414585
R2250,0.0,0.0,0.0,0.0,0.0
R2251,0.0,0.0,0.0,0.0,0.0
R2252,0.4701556,0.46387053,0.47808886,0.40509772,0.37657237
R2253,0.7156415,0.7700014,0.8033533,0.7647705,0.71636534
R2254,0.052000225,0.09056193,0.10013741,0.05421287,0.030026376
R2257,0.0,0.0,0.0,0.0,0.0
R2259,0.0,0.0,0.0,0.0,0.0
R2260,0.0,0.0,0.0,0.0,0.0
R2263,0.05961883,0.0,0.0,0.0,0.0
R2265,0.0,0.0,0.0,0.0,0.0
R2266,0.0,0.0,0.0,0.0,0.0
R2267,0.092704415,0.07868457,0.07550311,0.009153128,0.0
R2269,0.0,0.0,0.0,0.0,0.0
R2270,0.02306962,0.03221315,0.031584144,0.0,0.0
R2271,0.7543363,0.7148471,0.71348864,0.6455292,0.5814547
R2272,0.5772723,0.50785273,0.4786718,0.41552806,0.38346803
R2273,0.0,0.0,0.0,0.0,0.0
R2275,0.10271025,0.058239102,0.011882186,0.0,0.0
R2278,0.6415347,0.69875205,0.68430305,0.68938375,0.7154126
R2279,0.48539734,0.53846014,0.52436066,0.5211073,0.53383434
R2280,0.9088923,0.8930266,0.83578074,0.8087741,0.820016
R2281,0.22926295,0.23457801,0.2066629,0.2094065,0.22856712
R2282,0.114399076,0.11680305,0.07799828,0.056242704,0.07226086
R2283,2.0825865,2.0675817,2.017268,1.9665765,1.9648125
R2284,1.4530514,1.4509329,1.3830489,1.3442873,1.3424282
R2285,0.67374575,0.6322354,0.5661917,0.54784274,0.5841696
R2286,2.2793431,2.2501075,2.2080429,2.1485054,2.1546702
R2287,0.51588964,0.58041734,0.6080472,0.6571012,0.7193126
R2288,0.5032823,0.472342,0.45179236,0.48122752,0.557302
R2289,0.38740897,0.40309656,0.4276073,0.40613818,0.49156594
R2290,0.0,0.0,0.0,0.0,0.0
R2291,1.5514405,1.5598388,1.4893557,1.4832067,1.5163634
R2292,0.19771135,0.15789211,0.09697145,0.018071532,0.07974851
R2293,1.4011472,1.3116498,1.1998827,1.0781498,1.0175745
R2294,1.3589875,1.3238351,1.219451,1.1579826,1.1112487
R2295,1.13878,1.1590128,1.0988624,1.083999,1.0940596
R2296,1.1451073,1.1478323,1.0851759,1.0872495,1.1648135
R2297,0.3164149,0.38017523,0.42393482,0.44740665,0.5255561
R2298,0.45104754,0.41970158,0.33205485,0.30088925,0.3327632
R2299,0.7471621,0.7794726,0.73591805,0.72309494,0.74784434
R2300,0.57678497,0.57925165,0.5371475,0.52827144,0.570271
R2301,1.3851886,1.3900611,1.3495845,1.328834,1.3508997
R2302,0.7224705,0.7268088,0.66698956,0.6445055,0.66177785
R2303,0.6226921,0.6659889,0.6683774,0.68171,0.70735836
R2304,0.0,0.0,0.0,0.0,0.0
R2305,1.833189,1.8889141,1.8485761,1.8120949,1.8263164
R2306,1.9712539,2.02536,1.9862437,1.9649172,1.982408
R2307,1.2505574,1.2315052,1.1808934,1.1591096,1.2105544
R2308,0.0,0.0,0.0,0.0,0.0
R2309,0.3260311,0.3474207,0.35300207,0.3357966,0.3864236
R2310,1.026539,1.0027926,0.90416074,0.8680223,0.86006147
R2311,1.1931057,1.2361729,1.2102721,1.1926422,1.1626775
R2312,1.6253475,1.5654207,1.480277,1.4127814,1.3975435
R2313,1.2744589,1.2873805,1.2269967,1.2156744,1.2546388
R2314,1.3709824,1.3290629,1.2323871,1.204223,1.2159224
R2315,0.3224516,0.365569,0.38232994,0.43619156,0.50823915
R2316,0.1649611,0.1276356,0.04081273,0.0053753853,0.030262232
R2317,0.55289423,0.61798775,0.62834036,0.64054835,0.633567
R2318,1.5824736,1.544399,1.4470214,1.3929716,1.3733399
R2319,1.309707,1.25296,1.1632241,1.0432644,1.00499
R2320,0.9163673,0.9083744,0.85478127,0.8392757,0.8731098
R2321,1.6775,1.6777945,1.6582143,1.5911522,1.5922658
R2322,1.4783721,1.4659792,1.3851571,1.3539965,1.3740671
R2323,1.5169555,1.5051782,1.4256597,1.3737956,1.3567096
R2324,2.001209,2.066154,2.022825,1.9926646,2.0073051
R2325,0.5926821,0.5382869,0.42624128,0.39055908,0.43485332
R2326,0.9436854,1.0094678,0.9949597,0.970731,0.9587965
R2327,0.0,0.0,0.0,0.0,0.0
R2328,0.64070725,0.63834786,0.57258344,0.5301244,0.49019814
R2329,1.2894549,1.3266634,1.2907448,1.2751116,1.2378316
R2330,1.1051053,1.128384,1.1336647,1.1143315,1.0894387
R2331,2.1259594,2.1977522,2.1584742,2.1547534,2.116736
R2332,1.8447744,1.8658493,1.7913027,1.7151389,1.6649792
R2333,0.09500253,0.15202463,0.2008208,0.17248112,0.16369975
R2334,0.48529226,0.55727756,0.5939473,0.6196426,0.60333586
R2335,1.4523913,1.4501269,1.423446,1.3898882,1.3386217
R2336,1.1477723,1.149526,1.1410472,1.126047,1.078044
R2337,1.2688637,1.3684506,1.3547268,1.3756652,1.3811454
R2338,1.0119413,1.0772154,1.0910844,1.1337819,1.1328595
R2339,1.2848688,1.292558,1.2560369,1.2116088,1.1786375
R2340,1.147472,1.192992,1.2321546,1.2603779,1.2365925
R2341,1.231261,1.324171,1.3072443,1.2340221,1.2192473
R2342,1.1882991,1.1771665,1.1937478,1.1619537,1.1077492
R2343,1.3485718,1.3905725,1.3872671,1.3873259,1.3555704
R2344,1.8782334,1.8735795,1.7820226,1.7878721,1.7695106
R2345,1.4872092,1.5369799,1.5079603,1.4814421,1.4423146
R2346,0.8009839,0.7887798,0.800665,0.78454953,0.75176346
R2347,0.77135307,0.8536899,0.9322361,0.9288418,0.91724396
R2348,1.0519251,1.0546516,1.0414513,1.0253807,0.97968036
R2349,1.2524395,1.243955,1.1801827,1.1138062,1.091448
R2350,1.5200734,1.5340347,1.5463991,1.5567586,1.5283315
R2351,1.9741249,2.0102134,1.9589431,1.9354169,1.8707707
R2352,1.4013374,1.4454304,1.4482328,1.4664351,1.4390988
R2353,0.015221715,0.0,0.0,0.0,0.0
R2354,1.1726633,1.1757609,1.1531893,1.1229742,1.0893872
R2355,1.6104717,1.6181588,1.5405165,1.5465204,1.5301179
R2356,1.1386076,1.1539834,1.1690621,1.1517284,1.1382577
R2357,1.2921584,1.310194,1.3219618,1.3231256,1.2878999
R2358,1.5287875,1.533321,1.4961195,1.4295557,1.3930954
R2359,1.9536113,2.0172858,1.9982557,2.0015228,1.985834
R2360,1.7839198,1.7680204,1.7192931,1.6815214,1.6437844
R2361,1.4416022,1.4377245,1.3779693,1.3041326,1.2731886
R2362,1.2944266,1.2906383,1.2824169,1.2677413,1.2341614
R2363,2.1623993,2.2060268,2.1691864,2.1932638,2.15381
R2364,1.0716519,1.0877014,1.0916557,1.0916693,1.0464828
R2365,1.4415262,1.4607717,1.4342588,1.4367687,1.4072642
R2366,1.1287687,1.1757675,1.1881504,1.159706,1.1471295
R2367,1.4823699,1.4972517,1.5180066,1.4811277,1.4334835
R2368,1.6017187,1.6509377,1.6307253,1.6484529,1.6583252
R2369,0.46136427,0.52186584,0.52370715,0.45211804,0.4243303
R2370,1.4559596,1.4651028,1.4520031,1.4367814,1.3940258
R2371,1.5845661,1.6094407,1.6044657,1.5465839,1.4897316
R2372,1.0732273,1.1298121,1.1622343,1.19581,1.1950513
R2373,0.43348467,0.4775594,0.5291923,0.5524022,0.5293265
R2374,1.8158932,1.8448231,1.8093116,1.8385745,1.7964512
R2375,1.6157069,1.6724229,1.646601,1.6539805,1.6362989
R2376,1.1140354,1.17925,1.222187,1.217728,1.1948011
R2377,0.14773571,0.20466846,0.22165018,0.16127968,0.13042003
R2378,0.39893663,0.50615644,0.56952107,0.55441815,0.5352203
R2379,2.3964133,2.4033682,2.345074,2.34209,2.2870772
R2380,1.9615995,2.0163064,1.998694,2.0317655,2.002387
R2381,1.7333256,1.8187237,1.8185762,1.8215466,1.7932436
R2382,1.3477385,1.3540314,1.3562238,1.3635347,1.3342116
R2383,0.9442867,0.9478464,0.970003,0.9778074,0.9357226
R2384,1.2444373,1.2914156,1.2856252,1.2857006,1.2429422
R2385,1.3321848,1.3727134,1.3940365,1.4153452,1.3782127
R2386,1.5308203,1.5874546,1.5761042,1.5815276,1.5477948
R2387,1.7491144,1.7856386,1.7793341,1.7795348,1.7368364
R2388,1.1755849,1.2030941,1.1762843,1.1684005,1.1333144
R2389,1.4632006,1.4703321,1.457237,1.4318873,1.3971293
R2390,1.9661944,2.0238795,2.005324,1.9317681,1.8711927
R2391,0.43232334,0.4541223,0.4029246,0.29619372,0.27113932
R2392,1.1676917,1.1668296,1.1394677,1.154743,1.1427722
R2393,1.259316,1.3565066,1.3518257,1.2926404,1.2544131
R2394,1.206264,1.2349359,1.2264395,1.2017258,1.1530579
R2396,0.0,0.0,0.0,0.0,0.0
R2398,1.3852783,1.2979764,1.2191538,1.0760739,0.9857731
R2400,1.3709676,1.3360127,1.2577661,1.13397,1.0365483
R2404,1.2546699,1.1798748,1.1055801,0.99702346,0.9547882
R2409,1.2407987,1.1931553,1.1365749,1.0223339,0.9721644
R2411,0.0,0.0,0.0,0.0,0.0
R2412,1.29333,1.2031682,1.1210264,0.98163605,0.87878644
R2415,1.3058015,1.2385231,1.1636292,1.0263251,0.9540756
R2424,1.2143288,1.1719986,1.1042175,1.0073134,0.950683
R2425,1.4898766,1.402043,1.3056363,1.1512753,1.0568126
R2427,1.941172,1.9469235,1.9004502,1.789996,1.7535743
R2432,0.0,0.0,0.0,0.0,0.0
R2440,0.85512006,0.78653765,0.70480156,0.61375844,0.5857979
R2443,0.0,0.0,0.0,0.0,0.0
R2448,1.4450284,1.3401103,1.242185,1.1055868,1.0058464
R2452,0.5222981,0.54999995,0.54439473,0.4277165,0.3943262
R2455,1.3505673,1.3263195,1.266428,1.1458788,1.0582376
R2458,1.0595427,1.0517446,0.97451544,0.84401214,0.7808224
R2459,1.3722814,1.2986449,1.239361,1.1051847,1.016702
R2466,1.4397128,1.4086559,1.3428866,1.2127483,1.1146557
R2469,1.0298615,0.9715373,0.87204164,0.71312445,0.6650463
R2471,1.4781337,1.4486828,1.3661697,1.2348607,1.1363924
R2478,0.0,0.03538108,0.0033221245,0.0,0.0
R2480,1.2859197,1.2204827,1.1608634,1.0646623,1.0366032
R2482,1.3343145,1.2480434,1.1723113,1.0351404,0.9524723
R2483,1.36139,1.2851995,1.2049359,1.0627509,0.9884386
R2484,1.0823848,1.029276,0.9707835,0.88015974,0.8484769
R2487,1.2332435,1.1486323,1.0664871,0.9242165,0.8308364
R2490,2.004775,1.9918998,2.0239162,1.9759972,1.9274902
R2491,2.185777,2.1776352,2.2614267,2.219463,2.2130127
R2492,0.5582967,0.5146073,0.5747676,0.52351904,0.4783697
R2493,1.6833899,1.6322911,1.7221341,1.6896594,1.7078264
R2494,1.2852885,1.3066897,1.3284938,1.3320093,1.3804042
R2495,1.7248956,1.6315323,1.646237,1.5850472,1.6331583
R2496,1.3046744,1.2844789,1.4044182,1.4379373,1.4235898
R2497,1.6235766,1.5875027,1.6937385,1.712584,1.7240273
R2498,2.0298176,1.9620287,2.0393867,1.9920315,2.034843
R2499,3.2217708,3.2366397,3.3633451,3.4198995,3.3888555
R2500,1.2563479,1.0933564,1.0945364,1.0601481,1.0376136
R2501,1.5557162,1.4579753,1.4245269,1.4091146,1.4020989
R2502,1.6341367,1.6049876,1.6916522,1.696932,1.6692708
R2503,2.4011955,2.3568816,2.3888803,2.3649125,2.311809
R2504,2.2104511,2.1392126,2.2033064,2.2006028,2.1613293
R2505,2.6291578,2.5408707,2.5934854,2.6043282,2.5757177
R2506,1.8531548,1.7784698,1.8221146,1.7897469,1.7984228
R2507,1.7976133,1.7709007,1.7809241,1.7649217,1.741121
R2508,0.62343377,0.53816944,0.535848,0.45709455,0.44721982
R2509,0.99803746,0.96699286,1.1050463,1.1189806,1.1944082
R2510,1.6433089,1.6173475,1.6696534,1.6237587,1.5506127
R2511,0.97888684,0.95941234,1.0124259,0.9614183,0.95827305
R2512,2.4216375,2.438613,2.5182328,2.5346599,2.6010613
R2513,1.955359,1.9232296,2.0382936,2.0735002,2.040262
R2514,1.811284,1.7823281,1.7960608,1.7949735,1.7895012
R2515,2.0459964,2.021277,2.1087608,2.1270401,2.1289692
R2516,2.3335314,2.2533016,2.286252,2.2774374,2.2612667
R2517,2.960514,2.8666463,2.9057913,2.8858266,2.8672304
R2518,1.4694763,1.4387625,1.5454226,1.5449126,1.5562879
R2519,1.3514885,1.3398088,1.3484999,1.3493142,1.3538105
R2520,2.337154,2.2588835,2.3461483,2.3201098,2.3398955
R2521,0.6115685,0.5077592,0.50488985,0.43960226,0.3898057
R2522,2.382917,2.4427109,2.5528069,2.5609238,2.6337156
R2523,1.4206376,1.3122162,1.3007052,1.2153939,1.1936756
R2524,2.4686937,2.4006925,2.4648652,2.424942,2.491633
R2525,0.07405746,0.03864026,0.13737094,0.0926224,0.14015746
R2526,1.1278948,1.0006896,0.9795792,0.8988885,0.8331343
R2527,1.6153612,1.5046439,1.4955634,1.4276121,1.462077
R2528,1.1286769,1.1891474,1.2183309,1.2562014,1.3041036
R2529,2.1179066,2.041213,2.0873032,2.028194,2.0474296
R2530,1.4236157,1.4395494,1.4999131,1.5398369,1.5712564
R2531,1.8394239,1.7692072,1.7734143,1.7422589,1.7197001
R2532,2.31442,2.3563404,2.3877819,2.363364,2.3210955
R2533,1.9942338,1.9480691,1.9514537,1.9191757,1.941475
R2534,1.7797512,1.6480582,1.6857045,1.6545278,1.6387812
R2535,0.96284497,0.9340045,1.0519717,1.1006112,1.1382307
R2536,1.8754159,1.8280029,1.8381228,1.8299189,1.821024
R2537,1.5511296,1.5377288,1.5620434,1.5815616,1.5879536
R2539,2.4063504,2.4113257,2.446669,2.4458501,2.4231417
R2540,1.6267676,1.6868583,1.7708832,1.814666,1.9240074
R2541,1.9022238,1.7868847,1.7745274,1.7297138,1.679899
R2542,1.6938708,1.6875429,1.7561367,1.8023525,1.7879759
R2543,1.7642971,1.7042322,1.725067,1.675882,1.7185127
R2544,1.8789141,1.8603115,1.9767847,1.9854583,1.997502
R2545,3.0526307,3.031562,3.1535878,3.173789,3.2152104
R2546,2.564923,2.5071678,2.4561853,2.3774843,2.316451
R2547,2.4869394,2.4998333,2.5952258,2.649663,2.702652
R2548,2.369056,2.243804,2.3058243,2.2350855,2.2978263
R2549,2.000193,2.0019405,2.0494463,2.003975,1.9610319
R2551,2.5985916,2.6017408,2.7274132,2.7237253,2.7396312
R2552,1.963785,1.8854692,1.9191071,1.9004655,1.9557252
R2553,2.0216608,1.9386945,1.9711313,1.9736644,1.889282
R2554,2.0195143,1.9592316,1.9578584,1.9317136,1.9738163
R2555,1.0698857,1.0567852,1.1894224,1.2326976,1.2087977
R2556,1.3626554,1.3906579,1.4641185,1.5287603,1.5778296
R2557,2.2754505,2.3178802,2.427806,2.4964414,2.5472517
R2558,2.4931664,2.4118104,2.4646373,2.4964998,2.4658096
R2559,2.7525225,2.7208543,2.7104173,2.6763055,2.6006591
R2560,2.0046082,2.1089392,2.2802792,2.3838177,2.3991075
R2561,1.7172384,1.7028928,1.7117423,1.7040994,1.7091353
R2562,2.7322538,2.6582391,2.6528907,2.6270797,2.5595088
R2563,1.4766902,1.4270632,1.4093508,1.3255274,1.3019601
R2564,1.8093941,1.6990037,1.7417365,1.7098674,1.7023327
R2565,1.0780762,0.92428005,0.8690503,0.79772425,0.80899346
R2566,1.8866819,1.8092909,1.8244848,1.778835,1.8135487
R2567,2.2894645,2.239351,2.2133074,2.2012587,2.2260928
R2568,1.2427409,1.1568623,1.2095952,1.186374,1.1453495
R2569,0.6672776,0.5578486,0.5301233,0.45742226,0.4232538
R2570,2.0891004,2.058947,2.0820117,2.0546253,1.986096
R2571,2.2794204,2.2299747,2.2884772,2.3127742,2.263157
R2572,1.7886877,1.7941911,1.9084417,1.9287024,1.9329406
R2573,0.22765231,0.19892573,0.3224585,0.3280084,0.42959213
R2574,2.4492736,2.5189877,2.6493952,2.6882153,2.7535572
R2575,1.7651995,1.569118,1.5587511,1.5177712,1.4659045
R2576,0.94514275,0.86828506,0.8970413,0.86813533,0.87141013
R2577,2.0707092,2.1134562,2.2532315,2.3018847,2.3159852
R2578,1.5589844,1.4086015,1.4179997,1.3546472,1.3421869
R2579,2.5005097,2.5933027,2.694912,2.707854,2.797638
R2581,1.7513752,1.6375821,1.62538,1.5681839,1.5277381
R2582,1.3318586,1.2504989,1.2953669,1.2759504,1.2643244
R2583,2.3496656,2.2692976,2.319186,2.3025239,2.2919576
R2584,2.3182404,2.2442045,2.2687662,2.191955,2.2166343
R2585,1.8088508,1.8572108,1.963426,1.9776187,2.0656571
R2586,1.973279,1.9274262,1.9379139,1.9280541,1.9124107
R2587,2.366605,2.310976,2.3189552,2.3086643,2.3653636
R2588,2.109699,2.1111917,2.125977,2.1165004,2.1152384
R2589,0.43357813,0.4171784,0.50393367,0.47026682,0.4838879
R2590,0.9092066,0.8536229,0.94227624,0.9389255,0.975762
R2591,0.5762814,0.49153054,0.4778551,0.4149474,0.36837402
R2592,3.3337312,3.363164,3.5178747,3.5300522,3.5647326
R2593,1.4516315,1.361616,1.3116734,1.268791,1.301238
R2594,1.3062829,1.2189722,1.2475405,1.2344463,1.2257853
R2595,2.7772381,2.722219,2.7184532,2.6784678,2.6754475
R2596,1.1092083,1.0294037,1.012909,0.944698,0.8862631
R2597,2.2434826,2.2084217,2.3143346,2.3309631,2.2714844
R2598,2.0493946,1.9892445,1.9774408,1.9412401,1.8928704
R2599,2.2565556,2.1814547,2.2099757,2.1527617,2.1839943
R2600,1.6751347,1.6146163,1.5899688,1.5693462,1.5383891
R2601,0.7367536,0.6570788,0.6496178,0.6004956,0.5468293
R2602,1.4124522,1.4049864,1.4911875,1.4878926,1.4618118
R2603,0.85389185,0.82284176,0.86554396,0.89536107,0.9733206
R2604,2.2309494,2.3205452,2.4917717,2.5536442,2.6053843
R2605,1.8134298,1.7376871,1.7229018,1.6794544,1.6273072
R2606,2.8762968,2.929246,2.998192,3.0098352,3.0332952
R2607,1.2884436,1.2673725,1.295101,1.3110931,1.3157008
R2608,1.3837466,1.4293122,1.4376719,1.4680395,1.4902544
R2609,1.1401007,1.0808656,1.1213222,1.096347,1.0976584
R2611,1.3341817,1.2414489,1.2710389,1.2781274,1.2823865
R2612,0.22009301,0.21118307,0.30672646,0.273664,0.33926988
R2613,2.1398115,2.1540117,2.287741,2.3352318,2.315351
R2614,1.3002088,1.2994757,1.4183437,1.4551687,1.422199
R2615,1.9232225,1.8556151,1.8251182,1.7887876,1.7423666
R2616,1.862175,1.8536894,1.8811275,1.8761942,1.9147959
R2617,1.8414228,1.8130033,1.9193861,1.9227016,1.9252951
R2618,1.1095393,1.0565976,1.0427517,0.99863195,0.9299191
R2619,2.6548352,2.6190872,2.7320123,2.7394202,2.7339487
R2620,1.5320802,1.3972591,1.4666036,1.4753304,1.4589287
R2621,2.4708848,2.5021749,2.584198,2.6159062,2.6975965
R2622,2.6459546,2.5876596,2.6559293,2.659143,2.644302
R2623,2.024727,1.9493321,2.0085902,2.0407376,2.0273116
R2624,1.6291348,1.5914779,1.5923256,1.5565976,1.6103991
R2625,2.1445656,2.15829,2.2574668,2.331936,2.3108454
R2626,1.8815824,1.8186762,1.9174206,1.9333632,1.9277884
R2627,2.086073,2.103692,2.1802418,2.21092,2.2898529
R2628,1.6152866,1.5400214,1.5313644,1.4771881,1.4696214
R2629,3.3001847,3.2882977,3.3684855,3.3500648,3.4413748
R2630,2.0993805,2.0709887,2.1183376,2.1177206,2.1006136
R2631,2.1798682,2.1716883,2.2568476,2.3030443,2.2595818
R2632,0.82984746,0.69896317,0.7499912,0.7373481,0.74053574
R2633,2.5603733,2.4472213,2.474174,2.4577284,2.4278579
R2634,2.0364847,1.9259737,1.9080381,1.8615441,1.8035824
R2635,0.2927171,0.24907064,0.34245908,0.31106567,0.3296249
R2636,1.8731117,1.8896323,1.9219742,1.9205534,1.8539677
R2637,2.1956987,2.1297414,2.0732625,1.98026,1.9595959
R2638,1.2222247,1.2018154,1.3112915,1.3492863,1.3616991
R2639,2.6414194,2.5436504,2.5684152,2.5577087,2.5132062
R2640,1.4770086,1.3812733,1.4360139,1.3954344,1.3780751
R2641,2.62413,2.5361552,2.5373669,2.4777799,2.496208
R2642,0.9255615,0.7637376,0.7472424,0.7212829,0.7286359
R2643,1.9893839,1.9112933,1.9243429,1.9029645,1.8731173
R2644,2.2477622,2.18686,2.1770186,2.140761,2.082346
R2645,1.2437794,1.2390548,1.3555326,1.4075859,1.407692
R2646,1.0685585,0.9615303,0.97402495,0.91809696,0.89125633
R2647,0.89263844,0.8483577,0.8737621,0.8369513,0.80616486
R2648,1.0185338,1.0593915,1.1837106,1.2452359,1.2953081
R2649,2.4171631,2.4156706,2.4990623,2.5510452,2.5666366
R2650,1.3798987,1.3202057,1.4240298,1.4133081,1.4763573
R2651,1.404568,1.3661814,1.4396076,1.5384542,1.4956108
R2652,2.2677732,2.2333806,2.3160658,2.3044436,2.2497218
R2653,1.539019,1.4957951,1.5096517,1.5112628,1.4773057
R2654,2.4722629,2.467348,2.5381882,2.5577953,2.6106842
R2655,2.1016922,2.031571,2.0499604,2.0230856,1.9789326
R2656,2.0480711,2.0203276,2.0637102,2.067843,2.05558
R2657,1.2135793,1.1768523,1.2333068,1.2239904,1.2710612
R2658,1.5100973,1.535708,1.5765051,1.5835924,1.607698
R2659,1.0974121,1.0014083,1.0360775,1.0053663,0.97779846
R2660,3.378209,3.3882654,3.4574506,3.4597287,3.5563986
R2661,0.81227493,0.737202,0.74609786,0.67190325,0.6511473
R2662,0.9586828,0.81675696,0.747723,0.6589384,0.69975126
R2663,0.051690042,0.0,0.0,0.0,0.0
R2664,2.1966858,2.1370575,2.1251953,2.0772483,1.9889531
R2666,1.0604556,0.9414609,0.9125473,0.8626438,0.85227275
R2667,1.5415167,1.4623649,1.5447855,1.540415,1.5089264
R2668,1.5195065,1.4654684,1.4191023,1.3479412,1.3646135
R2669,1.9331931,1.7871748,1.820688,1.7277126,1.7579976
R2670,0.0,0.0,0.011821032,0.0,0.041380286
R2671,1.4584048,1.4142237,1.3906012,1.3702455,1.3733382
R2672,0.39361608,0.27296323,0.24850965,0.1812939,0.13792962
R2673,2.0302055,1.9998443,1.9744569,1.9513302,1.9244087
R2674,2.2569957,2.108378,2.1543512,2.0696943,2.1267145
R2675,1.9577925,1.9953309,2.0799878,2.1107635,2.1587987
R2676,0.9963579,1.0011526,1.1274778,1.1522193,1.1724353
R2677,2.6568413,2.5883865,2.6090755,2.5669074,2.6095755
R2678,1.3662616,1.3330644,1.4168545,1.4326947,1.425657
R2679,1.4830815,1.392786,1.374722,1.2896872,1.2379038
R2680,1.9363532,1.9565072,2.0732636,2.0891483,2.1633172
R2681,1.745619,1.6847999,1.750074,1.7329087,1.7094284
R2682,2.203374,2.1300228,2.198286,2.2093987,2.1620011
R2684,1.1519418,1.1711054,1.3196127,1.3440561,1.3575246
R2685,1.7181703,1.6923335,1.7845508,1.7720591,1.7606435
R2686,1.9118712,1.8192413,1.7803143,1.711715,1.7114072
R2687,1.49464,1.39345,1.3636885,1.3210062,1.2502304
R2688,1.5425235,1.5153873,1.5331285,1.4730875,1.3874769
R2689,1.1338786,1.1401094,1.1699027,1.1826214,1.1936492
R2690,1.1192565,1.0866537,1.1161361,1.0748006,1.033452
R2693,0.5810562,0.53247905,0.5875269,0.58951324,0.59233874
R2694,1.7661476,1.7507199,1.8405561,1.8414898,1.8260224
R2695,1.2904457,1.1133597,1.0540401,0.9932479,0.9268334
R2696,1.6167204,1.5776637,1.6089599,1.6300086,1.6231263
R2697,1.6775938,1.6766913,1.75917,1.7607111,1.7806295
R2698,1.6264554,1.570126,1.5587082,1.5517501,1.5436137
R2699,0.0,0.0,0.0,0.0,0.0
R2700,2.4360538,2.3483613,2.3568923,2.3327065,2.3510652
R2701,1.7584767,1.7158846,1.7382994,1.6756841,1.6349
R2702,1.6488262,1.670685,1.7161944,1.7228622,1.7063942
R2703,1.3745782,1.3872752,1.5306565,1.5943409,1.5534275
R2704,1.7560439,1.7308991,1.7404816,1.7447524,1.7352777
R2705,1.1508427,1.127715,1.1795855,1.2063484,1.2720513
R2706,1.9184327,1.9439714,2.0336578,2.0614781,2.122163
R2707,1.9225812,1.856941,1.9070978,1.8830947,1.8649147
R2708,2.6506805,2.6133418,2.6861272,2.6949048,2.7547839
R2709,2.598978,2.5458455,2.500492,2.4433105,2.410956
R2710,1.6394457,1.6507629,1.7011492,1.7199771,1.7476397
R2711,1.2340732,1.1786137,1.2429781,1.2697544,1.2539003
R2712,3.0793738,3.0703382,3.1389778,3.1443892,3.151493
R2713,1.7484726,1.7366987,1.750148,1.773391,1.7822797
R2714,1.0664833,0.949726,0.9242424,0.84270024,0.8147795
R2715,1.4072876,1.325649,1.3014212,1.2626274,1.2596773
R2716,2.7219696,2.66122,2.7049227,2.6963768,2.6556292
R2717,0.5326618,0.4430432,0.45394185,0.4171248,0.3845495
R2718,0.23731071,0.16509175,0.20657623,0.15634453,0.1368599
R2719,0.94848603,0.88969225,0.90742636,0.8600817,0.8259836
R2720,2.2469742,2.253706,2.3234897,2.3449993,2.3865657
R2721,2.4006555,2.293036,2.3408604,2.3707476,2.3213878
R2722,2.5359635,2.5622282,2.641802,2.7052286,2.6620827
R2723,1.6891407,1.6472046,1.6638377,1.574626,1.4953904
R2724,0.9614999,0.78767514,0.7977172,0.74517286,0.73089063
R2725,1.2038555,1.1403146,1.1916445,1.192607,1.1742264
R2726,1.5096571,1.3791144,1.403384,1.3799344,1.3587699
R2727,2.1858225,2.31606,2.504654,2.5698366,2.6085277
R2728,0.7669868,0.65185237,0.7120234,0.714934,0.70526755
R2729,1.5367917,1.5499674,1.6730678,1.7271633,1.6894718
R2730,1.3938646,1.2951467,1.3473737,1.3277811,1.3567882
R2731,2.8295035,2.8704276,2.9261646,2.9116056,2.9213943
R2732,2.1544435,2.1259372,2.1124148,2.1011965,2.1144319
R2733,2.0020742,1.9747434,1.9956458,1.9812113,1.978214
R2734,2.638601,2.673775,2.8238344,2.8456275,2.833468
R2735,2.5814927,2.5356774,2.5818086,2.579005,2.5411115
R2736,2.1407757,2.0280256,2.0716379,2.0617046,2.0690281
R2737,1.9915242,1.9223366,2.0020878,1.95543,1.935607
R2739,1.0880984,0.96337235,0.93541205,0.85123736,0.7990501
R2740,1.9968613,1.8924699,1.9381306,1.8913813,1.8837727
R2741,1.7419808,1.6660076,1.647371,1.612513,1.6185975
R2742,1.1034676,1.0745107,1.1572647,1.2017952,1.1999385
R2743,1.5499612,1.5236942,1.6372299,1.7256734,1.7215643
R2744,4.3244505,4.3946147,4.4725847,4.390303,4.4283333
R2745,3.6722298,3.623269,3.557849,3.5537477,3.5203485
R2746,3.9162862,3.8676171,3.8455658,3.836522,3.8248796
R2747,1.1367668,1.085156,1.0943484,1.1036583,1.1708854
R2748,2.7164729,2.7235312,2.7774448,2.735628,2.7464745
R2749,2.9142723,2.9265552,2.9310422,2.9274745,2.8920107
R2750,4.2726164,4.36968,4.465173,4.419661,4.379394
R2751,1.5015211,1.4085156,1.4028585,1.3763021,1.3621657
R2752,4.6367755,4.6482143,4.7230883,4.7003036,4.6990004
R2753,2.4419012,2.544672,2.660874,2.6929798,2.706933
R2754,4.255128,4.271393,4.337146,4.2438335,4.2622004
R2755,2.7293677,2.7990475,2.7903888,2.7589948,2.7583227
R2756,1.1339462,1.3038677,1.4894385,1.600009,1.6867149
R2757,1.4765445,1.5797623,1.6495464,1.7046337,1.7814064
R2758,4.14385,4.0189776,3.9352682,3.892975,3.8637514
R2759,4.232645,4.241621,4.3319454,4.26401,4.3096304
R2760,2.2331312,2.1374137,2.1110966,2.0581434,2.0961251
R2761,2.7944922,2.759664,2.7294393,2.7078724,2.697985
R2762,4.251528,4.317296,4.389635,4.3488655,4.3212366
R2763,4.9259787,4.983866,5.0,4.947941,4.9291916
R2764,4.9134903,4.929569,4.9994335,4.9120846,4.9137826
R2765,2.8699994,2.8222642,2.8572366,2.8373404,2.9178643
R2766,4.9081435,4.927926,4.88599,4.8255715,4.7728357
R2767,4.851571,4.842694,4.8690147,4.784455,4.69595
R2768,2.110452,2.1090293,2.070863,2.0367951,2.0853758
R2769,2.268014,2.2110214,2.2231426,2.159238,2.1997285
R2770,2.2122426,2.2075481,2.2478263,2.2185588,2.2642617
R2771,3.5136926,3.5302253,3.5669594,3.5273957,3.5119143
R2772,4.5646358,4.526748,4.5151434,4.486418,4.4500256
R2773,0.8825171,0.80363804,0.8106576,0.76998055,0.72027725
R2774,0.0,0.0,0.0,0.0,0.0
R2775,0.6517515,0.56417215,0.5779464,0.5426905,0.537637
R2776,0.8604419,0.78425777,0.7813143,0.7359793,0.6792836
R2777,0.46553278,0.48908305,0.5939119,0.6232903,0.6605278
R2778,0.02338183,0.0,0.0,0.0,0.0
R2779,0.42315364,0.4202628,0.4567995,0.43075633,0.4101051
R2780,0.57720685,0.52121663,0.52636206,0.48151982,0.45653868
R2781,0.03670287,0.0,0.0,0.0,0.0
R2782,0.0,0.0,0.0,0.0,0.0
R2783,0.4011433,0.3273753,0.3386302,0.3103403,0.28874052
R2784,0.478729,0.35871625,0.35525143,0.28954494,0.2334181
R2785,0.52421916,0.4917395,0.45016646,0.41181755,0.3930037
R2786,0.7907957,0.73839164,0.75797856,0.7258401,0.7124977
R2789,0.8320783,0.80642885,0.7191689,0.6201414,0.56039786
R2790,1.1964649,1.2273415,1.1625096,1.1245015,1.1136998
R2792,1.0852582,1.0928395,1.002629,0.9269154,0.84914964
R2793,1.0459671,1.1260985,1.0782727,1.0392271,1.0341511
R2796,0.80284286,0.81670487,0.7195587,0.63296676,0.5743146
R2798,0.8813808,0.88011694,0.79336447,0.70724237,0.65590644
R2799,0.8264964,0.81654894,0.7451701,0.6806022,0.6388781
R2800,1.4723989,1.3844721,1.3103893,1.1742221,1.0819161
R2801,1.1029261,1.1788766,1.1469152,1.1132356,1.080114
R2802,0.8326918,0.8633452,0.7780812,0.6772824,0.6024083
R2803,0.60858184,0.64532757,0.56115746,0.4931214,0.43808115
R2804,0.8255104,0.7758832,0.66330373,0.5456587,0.47643733
R2805,0.75819886,0.7608005,0.6930055,0.6432916,0.59631085
R2806,1.029635,1.0509739,0.96120644,0.87853,0.8119419
R2807,0.99418736,0.9949105,0.912284,0.851337,0.7924541
R2809,0.8839431,0.85235405,0.743688,0.61851156,0.58061314
R2810,0.84480953,0.9132972,0.847489,0.80750895,0.79886496
R2811,1.26365,1.351609,1.3034936,1.266937,1.2522233
R2812,1.4520085,1.3925045,1.3086944,1.1577761,1.0863489
R2813,0.9699037,0.9700571,0.8896347,0.83129954,0.77464986
R2814,0.9093643,0.9225152,0.8540178,0.79770446,0.752047
R2815,0.5338047,0.62534493,0.6028397,0.56344795,0.55028415
R2816,0.47969016,0.59770834,0.5763025,0.5446445,0.5393268
R2817,0.8728528,0.85590637,0.75814795,0.6668223,0.60351765
R2819,1.0238372,1.0971594,1.0237945,0.9449501,0.90682125
R2821,1.1358784,1.0774468,0.97776985,0.8472334,0.81355345
R2822,0.44665447,0.47811905,0.42291465,0.3904994,0.3660567
R2823,1.2534553,1.2968969,1.2232695,1.1755301,1.1565732
R2825,0.92993,1.0176337,0.99989253,0.9772585,0.97128856
R2826,0.9420509,0.9452791,0.87630904,0.81745994,0.7655305
R2827,1.1575058,1.1138587,1.008389,0.8966477,0.813182
R2828,0.8165181,0.7998402,0.70234,0.6284126,0.5800351
R2829,0.7127608,0.7347456,0.65387917,0.6063304,0.5577841
R2830,1.0068537,1.0150813,0.9236373,0.8376322,0.7651576
R2833,0.43274748,0.46459532,0.41050833,0.37926185,0.35714638
R2834,0.73856884,0.7596525,0.68660665,0.6263287,0.581231
R2835,0.7044496,0.6932422,0.587331,0.5105797,0.46523845
R2836,0.70314896,0.68622184,0.5857053,0.51185906,0.46264023
R2837,0.6037113,0.6199404,0.5736091,0.51256865,0.49545836
R2838,1.4705999,1.3930393,1.3147438,1.1809807,1.0977812
R2840,1.3011148,1.377301,1.3468595,1.3300025,1.3102875
R2841,0.8252373,0.8457652,0.7650015,0.70583093,0.6501517
R2842,0.8463968,0.9074892,0.8458645,0.79740626,0.78436714
R2843,0.3721974,0.36591625,0.32817066,0.2781948,0.2641518
R2844,1.0640446,1.0571477,0.9895377,0.91849864,0.8551826
R2845,0.7715319,0.7778998,0.71352756,0.6589307,0.619983
R2846,0.90535915,0.88788295,0.78519607,0.6827271,0.626233
R2848,0.5950991,0.5933153,0.53476894,0.49254358,0.4564203
R2850,0.5572046,0.55273044,0.49442005,0.42424798,0.39288098
R2851,0.8140447,0.785882,0.69181204,0.6094421,0.5493332
R2852,0.79350716,0.8228083,0.74951315,0.7030368,0.66758657
R2853,0.46723223,0.575654,0.5522015,0.51029265,0.5120707
R2854,0.8843614,0.8707768,0.77470076,0.68232524,0.61776245
R2855,0.75564134,0.7705474,0.6588326,0.5490816,0.47282755
R2856,0.94063604,1.0196764,0.99079794,0.94992346,0.9315401
R2857,1.1099291,1.1103694,1.0286133,0.97248954,0.92059064
R2858,0.7191333,0.69551075,0.612051,0.5459497,0.50001025
R2859,0.9979543,1.1024513,1.0696573,1.0302477,1.016604
R2860,1.3850182,1.3122544,1.2068049,1.0659503,1.0291145
R2861,0.24911618,0.33317566,0.30692995,0.25253248,0.23834473
R2862,0.63661027,0.657584,0.5843713,0.5268012,0.48357597
R2863,1.116684,1.0869448,0.98860836,0.86742127,0.83813465
R2872,1.0029122,1.0678778,1.009193,0.96502286,0.9589865
R2873,0.44115174,0.47861043,0.4299938,0.401371,0.38023156
R2874,0.96354395,0.9840288,0.95103467,0.931598,0.9196729
R2875,1.3928847,1.3340862,1.2416707,1.1346896,1.0717304
R2876,0.41297787,0.45875493,0.37805158,0.29789853,0.25450855
R2878,0.9515008,0.96141106,0.89371955,0.83756113,0.7984148
R2879,1.4159884,1.3785121,1.3083555,1.1872684,1.1144868
R2881,0.33825612,0.36383593,0.33404887,0.3014809,0.29485804
R2882,0.35553867,0.458532,0.44475248,0.41711918,0.41152117
R2883,0.93128943,0.9382169,0.83671284,0.74307895,0.67956734
R2887,0.045607388,0.055694163,0.014425874,0.0,0.0
R2888,0.6182107,0.6011335,0.5223875,0.46282136,0.42301387
R2889,0.79427695,0.79723096,0.7095596,0.6244024,0.56982946
R2891,0.88644445,0.8891328,0.8154481,0.7711098,0.7168288
R2892,0.96684587,1.0690801,1.0348856,0.99793446,0.9868314
R2893,0.85068274,0.93707997,0.8942414,0.8647561,0.8677846
R2896,0.81929135,0.76797867,0.65534353,0.5382656,0.47131336
R2898,0.7565671,0.8398495,0.7950014,0.7345947,0.7158035
R2899,0.7861746,0.8301128,0.79091793,0.73279494,0.6994655
R2902,0.45561898,0.54930556,0.52625096,0.48686576,0.47121608
R2903,0.6313127,0.7216892,0.69660324,0.6532484,0.6344936
R2904,1.0576676,1.0655183,0.97397256,0.8870623,0.8145834
R2907,1.50689,1.4139633,1.3419323,1.2057756,1.1182091
R2908,0.7626492,0.7669902,0.70077074,0.65096915,0.60485524
R2911,1.2288855,1.1665802,1.0690471,0.9388466,0.90979815
R2912,0.61259013,0.5983526,0.49807042,0.42612678,0.37779778
R2914,0.91005874,0.8928981,0.79168534,0.68961656,0.6348463
R2919,0.43206096,0.44547868,0.3976251,0.35804427,0.33507776
R2921,1.6425841,1.7016363,1.6661401,1.7882674,1.7657403
R2922,2.0784576,1.9411469,1.8477912,1.8904731,1.7923596
R2923,1.2818477,1.3507624,1.3495064,1.482283,1.4766117
R2924,2.1930044,2.0835636,2.0767522,2.0646868,2.0328782
R2925,0.9641464,0.8058882,0.76369405,0.75722873,0.75428486
R2926,1.0229044,0.9009826,0.8635583,0.91597944,0.9437388
R2927,0.5777092,0.4495051,0.33455622,0.39949393,0.36205673
R2928,1.1832895,1.1079993,1.092387,1.1187664,1.1123672
R2929,1.5822321,1.4512175,1.3684568,1.3991767,1.3384197
R2930,1.9687583,1.951592,1.9052942,1.9664533,1.9125915
R2931,1.8297403,1.7767105,1.6754911,1.7257037,1.6778827
R2932,1.6545264,1.4521725,1.286328,1.291447,1.2111712
R2933,2.1525598,2.2063065,2.1596959,2.220199,2.1661325
R2934,1.2594736,1.0760517,1.028929,1.0121675,1.0340929
R2935,0.46052226,0.288971,0.18709376,0.18065628,0.17862171
R2936,1.7319218,1.7060896,1.7845987,1.9101835,1.9913199
R2937,1.7122793,1.5759001,1.552444,1.5706849,1.5593257
R2938,1.6461089,1.5539515,1.5445604,1.6081598,1.6441525
R2939,1.8142536,1.7688731,1.7393241,1.7641221,1.7533133
R2940,1.7612677,1.7374476,1.6922885,1.7427647,1.7548523
R2941,2.003437,1.9054549,1.9210224,1.9414276,1.9016123
R2942,1.6879284,1.6383339,1.5796988,1.6012307,1.5490404
R2943,1.0937477,0.89909637,0.84185714,0.84464216,0.86994505
R2944,2.0560296,2.0008457,1.9885886,2.0476835,2.0577497
R2945,0.20839882,0.03372395,0.018768191,0.034009695,0.071596384
R2946,1.0762291,0.9298754,0.8343475,0.8585098,0.8633137
R2947,2.0259204,1.9355377,1.9364467,1.9713,1.9501123
R2948,0.5971801,0.4821724,0.42555994,0.44695628,0.46358082
R2949,0.77366924,0.54537845,0.44561577,0.43114686,0.45456147
R2950,2.3760781,2.1872706,2.1069207,2.1104815,2.1301842
R2951,1.5093619,1.3784151,1.3422301,1.3227835,1.3085917
R2952,2.1590774,2.087288,2.0359073,2.0541801,1.9718902
R2953,1.46665,1.403153,1.3362507,1.3713174,1.2924851
R2954,1.6967975,1.578145,1.5585818,1.6232213,1.676649
R2955,1.9185805,1.7940869,1.7696376,1.7827643,1.7506582
R2956,2.5498006,2.5559983,2.5163043,2.5829544,2.527104
R2957,1.5571527,1.4434785,1.4335349,1.4672863,1.4840195
R2958,1.9505596,1.8018593,1.6657631,1.7114741,1.6298128
R2959,2.6611943,2.6520529,2.6122403,2.6465554,2.6117742
R2961,0.07129049,0.11605418,0.09615612,0.03181529,0.0
R2962,1.0491023,1.077683,1.0193198,0.91447484,0.88534296
R2964,0.0,0.0,0.0,0.0,0.0
R2969,0.7770385,0.7692693,0.6860385,0.5978824,0.52996504
R2974,0.41251767,0.507787,0.5486851,0.5188702,0.4897172
R2977,0.38435888,0.42815405,0.37358385,0.29333806,0.25075853
R2979,1.105028,1.1348575,1.0791192,0.9751396,0.94698906
R2981,1.0512371,1.0788264,1.0167958,0.8936649,0.84432775
R2982,1.613009,1.6350576,1.5973758,1.5277697,1.4666291
R2983,1.4325215,1.38319,1.3039836,1.2062064,1.1540912
R2984,0.0,0.0,0.0,0.0,0.0
R2985,0.0,0.0,0.0,0.0,0.0
R2986,0.7369986,0.7883096,0.7326879,0.6206344,0.5907936
R2987,1.1861522,1.1333513,1.0486343,0.9530089,0.9181609
R2990,0.0,0.0,0.0,0.0,0.0
R2991,0.96567035,0.92261076,0.8372543,0.73836815,0.6878792
R2994,0.3083483,0.4035191,0.43430227,0.38527822,0.3600613
R2998,0.0,0.0,0.0,0.0,0.0
R2999,0.8656866,0.9152324,0.8648852,0.7502393,0.7282139
R3000,1.4650729,1.4549701,1.3967054,1.3106712,1.2502729
R3003,0.44643062,0.5048273,0.46914512,0.38654298,0.37068397
R3004,1.0194457,0.97732973,0.89272857,0.7911649,0.7370409
R3007,0.0,0.0,0.0,0.0,0.0
R3011,0.0,0.0,0.0,0.0,0.0
R3014,1.5611202,1.5686698,1.5133827,1.4065741,1.3722821
R3017,1.4770128,1.4102168,1.3895377,1.3092968,1.2611849
R3020,0.52703154,0.5369203,0.5571469,0.49844646,0.46605587
R3021,1.4909517,1.4333359,1.420909,1.350872,1.3167832
R3031,1.2965848,1.249548,1.2232313,1.1465442,1.0856159
R3062,1.5920918,1.545409,1.519104,1.4376736,1.382927
R3063,1.7691181,1.6906943,1.7043619,1.6177279,1.5667571
R3070,1.499834,1.42634,1.4000292,1.3098586,1.246925
R3073,0.37624305,0.35696852,0.37510735,0.31678098,0.26729822
R3076,0.50273883,0.4809122,0.46075284,0.37046897,0.30541086
R3087,2.071101,2.013715,2.0154972,1.9526043,1.9484262
R3088,0.78122544,0.75287294,0.6913278,0.6913192,0.6900852
R3089,1.983757,2.0807936,2.0367537,2.0259924,1.9919398
R3090,2.9272964,2.7959917,2.7703626,2.7009084,2.7183118
R3091,2.567833,2.5979877,2.5974224,2.5702963,2.50853
R3092,1.5018735,1.5483875,1.5097693,1.502236,1.4712179
R3093,3.072959,3.1000867,3.080934,3.0595758,3.0232692
R3094,2.899613,2.9259932,2.8858974,2.8308387,2.807895
R3095,2.3463411,2.3824718,2.355008,2.38772,2.340572
R3096,1.0233984,1.093023,1.0768204,1.1318144,1.1662877
R3097,2.242116,2.2129078,2.2101169,2.167748,2.1402454
R3098,3.6810374,3.5547268,3.5520017,3.5306277,3.5473654
R3099,2.4378097,2.4657607,2.4660757,2.4498327,2.4355083
R3100,1.9996097,2.0613718,2.01186,2.0206208,1.9903331
R3101,2.174452,1.9809303,1.924701,1.8624458,1.8921361
R3102,2.1370063,2.126909,2.084649,2.0233645,1.9960265
R3103,0.93108535,0.91634613,0.8086428,0.82695544,0.801516
R3104,2.7901611,2.5727718,2.494368,2.4165027,2.4270205
R3105,3.0874915,3.0736716,3.06847,3.0072803,2.966213
R3107,1.9370172,1.7758899,1.6911936,1.6213727,1.6901155
R3108,1.3455575,1.3404655,1.2579479,1.274373,1.2684813
