region_id,pred_week1,pred_week2,pred_week3,pred_week4,pred_week5
R1,0.45526620397541456,0.43994845117149767,0.353261828742986,0.25127415083503535,0.21084588328337114
R1001,1.6840318535417447,1.6540674033905338,1.5053859006798997,1.309832394898633,1.421538383431801
R1002,1.3574613033194947,1.3254667389991808,1.149393454111183,1.056801849981787,0.9082218092832934
R1005,1.6197839236082623,1.7119718451150336,1.6730059499453012,1.5211204997771073,1.5293918500084203
R1006,1.8400093534912665,1.896353324329951,1.9012465318483422,1.7402419931631217,1.7723312995424931
R1007,1.1916368142301375,1.0782246435283982,0.9401625987440979,0.7940808460276277,0.7762697405707909
R1009,1.4553039123043325,1.252628126719298,1.0694119153456323,0.8199752642157566,0.6896532661009953
R1011,1.5291198684943146,1.6016139903846363,1.4769025547798385,1.3747470239531188,1.3715899539852523
R1012,1.7094147526960854,1.6886317154412747,1.4975450595615727,1.3495564820707824,1.295430803477322
R1014,1.8564801184627273,1.9059861804058753,1.9035673892472216,1.739080879588002,1.9516162891958033
R1015,1.6098274821246048,1.7460321814593696,1.5367635589033706,1.4586498000734491,1.4966556816655063
R1017,1.6763174568167831,1.5609546642681058,1.4050125666435471,1.1272018097082959,1.0535463464126236
R1019,1.2958998584877175,1.1720230401555427,1.0912147214080752,0.8958718311719966,0.9218106024354574
R1020,1.0178093083698998,0.8300908503096509,0.8142628106941752,0.7073991182788748,0.6132502950035327
R1021,1.4658707033601233,1.4006488608198726,1.172971231490944,0.8874442011744192,0.7070665862064827
R1022,1.5311016757294589,1.4754222496657314,1.2877958121666406,1.033563765399362,0.9792269844380611
R1024,1.6602356839192358,1.6900780849308132,1.6760952537844829,1.5651969054163266,1.749428916227151
R1025,1.7271856914754022,1.60260333727771,1.4064664773829894,1.1629588005548295,1.1698429936119676
R1026,1.3266572634489264,1.1685877861513356,1.0496094206265694,0.8695210281735521,0.8659551304977963
R1028,1.8293311167502528,1.9701599838000103,1.9431156004832453,1.873347910505588,1.8562405269285818
R1032,1.3686488915908808,1.424945094255241,1.342128607830127,1.2892817818743396,1.2367225109100766
R1034,1.1358379701543253,1.0202852378270701,0.8829282853664531,0.6585685572518316,0.6127319167562985
R1035,1.7708099441296652,1.8459653793436024,1.761820513174007,1.5929896549508533,1.79740419238638
R1036,1.421406216967916,1.5035098426817035,1.4766627852749652,1.3101611338400474,1.542748630686467
R1037,1.522137380196002,1.6100694613749729,1.534209370800501,1.450037629666027,1.4363296081756394
R1041,1.571592705939382,1.682317976736047,1.5383119970290084,1.3921515099240762,1.3480330277113557
R1042,1.6638763196057498,1.694135976797286,1.6856294482903804,1.5844564197548932,1.6201133578127536
R1046,1.387589547479643,1.5034958141563999,1.5405200029816635,1.4192430450963027,1.562407675459006
R1047,1.3935293101314281,1.4915193515906322,1.438936503313652,1.3122111634183327,1.4460888110034018
R1048,0.941700839216284,0.9431853678458334,0.8689011845209613,0.7025005463626521,0.6344913978879214
R1049,1.5345763125089915,1.6416143234434264,1.5356369771893825,1.4511322105811792,1.4540777874765953
R1051,0.8350958760745553,0.7996441742754504,0.7040965926967072,0.552677510734914,0.5246400853818715
R1052,1.6370350188941862,1.7888653050617038,1.6746767626823313,1.5270411911688042,1.520665324613746
R1053,1.479382559558926,1.512989578837398,1.3703483063705917,1.3783186686291458,1.3018991322656404
R1054,1.5155883392589156,1.4447145258910465,1.3049207476738642,1.0395021513748561,1.0245857323262038
R1056,1.8714555242124895,1.8667766765495004,1.663090051855412,1.443189577823994,1.4954251518891342
R1057,1.2414350428226375,1.1240657071851357,0.9670584782996646,0.8729937820643348,0.7549140631095871
R1058,1.2691348902522845,1.381029190512742,1.3755675057102532,1.3181212825178086,1.5117169641776071
R1061,1.4143244701705202,1.3610454724258032,1.2037020921527313,0.9583710650540112,0.9244031872727221
R1065,1.3391817982969851,1.4858701334231021,1.3031636032065261,1.2668010423752647,1.2571405261857798
R1067,1.3311579464860808,1.4706315248943154,1.289422435533709,1.2580056659922092,1.2415312898077093
R1069,0.9710718262397064,0.9080313425174633,0.834845047454809,0.7004702923099421,0.6495675666472847
R1071,1.5989222052869587,1.7897384827740912,1.692750889484999,1.6058117450833538,1.510843557942495
R1074,1.5112047845053973,1.5811577648629311,1.5255315326569985,1.4401848183904182,1.4282185964126743
R1077,0.9325142679387513,0.8983580147208066,0.800979443633825,0.7776405510297469,0.6679492191808579
R1078,1.5162594737982518,1.4126779487065972,1.3464415185921195,1.0218685879925535,1.0179308499120883
R1079,1.6048959845850057,1.6201730839580002,1.5153965837634187,1.4879041089337537,1.4906498946436928
R1080,0.06847315799421944,0.04381733846363775,0.07671488155620518,0.024949414744732664,0.035671127241564196
R1082,0.2445998924777157,0.3791472546062308,0.39879380268699177,0.4022458226417432,0.4380768259629298
R1083,0.40449892463173137,0.45412417170153313,0.5297784166233184,0.5301201303925294,0.5578406314290075
R1084,0.4361863521252669,0.4180244516139008,0.3923656359226396,0.31972556432418686,0.3818719060748047
R1085,0.025143732118468345,0.009507441350555552,0.039778553416773964,0.023774734190963164,0.020274784849493122
R1086,0.8212172481743182,0.7021466830789262,0.6813623148523695,0.7184549960930849,0.6682061697858913
R1087,0.8580953566180018,0.8707648486238259,0.7209868630657287,0.6488569419961919,0.6740336088096962
R1088,0.7613395130711431,0.6847692931166464,0.7240128118188013,0.6602525142004719,0.6611577897992287
R1089,0.09664242526040405,0.04768871943113802,0.08309986499072737,0.04380642127522622,0.05092525557955423
R1090,2.216613805367932,2.091173229923916,1.9522969683675937,1.5961587810851643,1.5486288326988575
R1091,0.23025137761971776,0.24604657918449527,0.20610142224501082,0.19436681047214027,0.21877218116696892
R1092,1.1385692938382772,0.9860543480486071,0.8339370511891447,0.6918027553476103,0.7392705864099818
R1093,0.7893669228964205,0.7127138806281691,0.618371905306487,0.49935703777770807,0.48234076226369693
R1094,1.1954441679777212,0.9692261070568963,0.8281909982483965,0.7549408899461952,0.7995429600373428
R1095,0.043322667510075956,0.04129209043010746,0.06059497652587796,0.02396860899235599,0.014782903192704658
R1096,0.4766878006861939,0.3588094326191421,0.36032216898579844,0.34239183254541505,0.26025684792542436
R1098,0.08039478818040884,0.035092758385966955,0.04117449929793115,0.06048674262367223,0.0594445138409467
R11,1.1680041183385055,1.1322066547325,1.140005906792471,1.1249224271064104,1.1928407103754777
R1100,1.0047993455507374,0.8027874101700764,0.6259230883317323,0.5583877896896502,0.6063387197303174
R1101,0.8021615418274795,0.7252098023536577,0.7183971666864507,0.6098638685842253,0.6006656706590958
R1102,0.03710499134438137,0.06667899137744826,0.021208572259078916,0.0212919251610499,0.02317518148656489
R1103,0.23319563243499938,0.19985368112417834,0.17361838839923122,0.11027389456737365,0.12666572237454116
R1105,0.7170103999398876,0.7861748774563405,0.8604191661149839,0.7562394080030395,0.7947927261687182
R1107,0.05313186228064298,0.03347273032322233,0.038529858576789464,0.017858143050935915,0.0350982602436794
R1108,0.5079203220776387,0.4080502841349585,0.32232976438983696,0.22158385875915582,0.17785903340624656
R1109,0.31116980973722513,0.3257048670164819,0.30188768417547274,0.25742473207098693,0.3728625648344133
R111,0.5799258083410985,0.48900023043639734,0.5055175306674592,0.4655913974137868,0.44739785121404874
R1114,0.7583326792744738,0.6554647773290525,0.6154000240605096,0.6280798963648415,0.6403897466128569
R1115,0.2371225902121652,0.2954915102601355,0.20641775240249202,0.25819337462533687,0.3007707826840888
R1116,1.973737518129888,1.7379932990856397,1.54075334615053,1.3988382905095496,1.38996129481176
R1117,0.36807213747493606,0.3430522775534472,0.29365940640584365,0.3000569660691316,0.2807223602519365
R1118,0.05311352859496002,0.04278682669885904,0.04996723551640244,0.10564241088433371,0.09518307786147479
R1119,0.8482027720009568,0.6865984466871671,0.6287000677397939,0.6496945567252163,0.5858033056139229
R1120,0.9841971410976922,0.9165568474129016,0.8408778493251087,0.6981331235822411,0.7241202641732896
R1123,0.39604926033457155,0.38940803173774124,0.3593830058214944,0.27556809814291927,0.3199819219473751
R1124,0.7131876488158808,0.7738429864339325,0.8515037342799417,0.7629424814277685,0.8175357639123249
R1125,0.1265464929560289,0.13448185356612993,0.1370288079552831,0.10278198114052126,0.10749703866545703
R1126,0.32344968209033553,0.3117548682839564,0.2632380213831948,0.1917475005532042,0.23856428830942134
R1128,0.17304992889835655,0.11264929578395498,0.08798278275408425,0.06816977855192488,0.049621693416789035
R1130,0.39361455886985264,0.287593473227866,0.2683330150211981,0.20926782431919783,0.2646703061169894
R1133,1.2290792089896523,0.9439465195637773,0.8419801948191914,0.7292577143557601,0.7360729929228992
R1134,0.3059558182227039,0.33772970050257173,0.34054574964445167,0.2929779849368454,0.30931050072349264
R1135,2.3627928422856455,2.200764066134791,2.0685503762975146,1.7102636626801313,1.5357330973097172
R1136,0.39343534920267426,0.29715476568142163,0.29280512404644576,0.2665108714337219,0.1642510505776734
R1139,0.8997377033568537,0.8794144482835274,0.7209616341569585,0.6335634644687913,0.661005293815285
R1140,0.3808745790296971,0.2857060319587746,0.2667820457293906,0.3027569316432479,0.19205186073193253
R1142,0.40772176773312807,0.29701028315843003,0.3459408357577562,0.3437819171787886,0.31163435509402787
R1143,1.5991822592998384,1.3440516632578223,1.2768326844550741,1.2234377232001232,1.1715675507388106
R1144,1.0311397119856096,1.0035369282674012,0.9068985560652619,0.842745557656951,0.9953413827632241
R1145,0.4847211254218922,0.5292441512339133,0.5387007278233558,0.5434276709329098,0.37893712473138613
R1146,1.3208024174177908,1.2763140972826699,1.1687847270351965,1.1318910080657127,1.003100483865269
R1147,0.1257463937666945,0.22340333013485195,0.322598499108474,0.35495637855089235,0.3091731543419392
R1148,0.9499069608213944,0.8851425423158606,0.8671082189088305,0.8436791830923994,0.8463975843010335
R1149,0.8623383557691745,0.8506659048088059,0.8497893958583408,0.8008671061698325,0.7549136980964719
R1150,1.5187956965525207,1.5431808641072824,1.5175488945731872,1.540389417479535,1.4798962093939962
R1151,1.4130655109207488,1.4498799711459918,1.4187637467971599,1.332632401418444,1.2464561870570339
R1152,0.5482481423688577,0.5780005538323019,0.6185793547732032,0.6245987339111665,0.6353920531726871
R1153,0.4421864184615473,0.45720920064228465,0.4712738689963039,0.47036608321391854,0.4518626309074786
R1154,0.3711375563405649,0.37700709132767773,0.33323211367133565,0.2980153386343277,0.302128385360568
R1155,0.865705347681136,0.9104798112990871,0.8538057679850175,0.8168565815089798,0.7616662672442218
R1156,0.05853630323897178,0.1411564030337007,0.26690364023483626,0.2885462010855925,0.2145945577690838
R1157,1.1126790443201366,1.199414661674506,1.2575057150557256,1.2949338463270261,1.2404655358569974
R1158,0.6521636728812332,0.6357750817729846,0.55774417614201,0.6177671765485319,0.6466129888649992
R1159,1.3190397038516597,1.350727773078555,1.5026353885660264,1.516800512705081,1.5488261331251378
R1161,1.2179148483219655,1.1893990884816823,1.028221440508786,1.0732381965224869,0.9402484688585023
R1163,0.42764702232519697,0.3422203089450687,0.1886065916154563,0.15286540096858414,0.19474226499836036
R1164,0.08015902024693825,0.050001084059963306,0.07325039326311368,0.06106616095256882,0.0817408867459461
R1166,0.8370638436272648,0.7769378208692908,0.7138024257734259,0.5376873709478734,0.6591153380344832
R1167,0.8784448459615868,0.7559540520926166,0.6759180850310635,0.6760966321900892,0.6082771432419769
R1168,0.6639529869003784,0.6254196747912291,0.5213869094205297,0.5230920667685559,0.6005917535989124
R1175,1.4065138709185443,1.3892146634277227,1.197706712471281,1.1947156398869112,1.0620774369574402
R1176,1.2273780840289714,1.284057955295756,1.0324382695145609,0.9859438102218437,0.8831796077337826
R1177,0.18007335496526072,0.15632348820166747,0.16739884611004452,0.1109010016554851,0.1358717524590031
R1178,0.22233756722881945,0.27801097525047497,0.21656904205584984,0.1891206440660169,0.21266725143091925
R1179,1.321093577182169,1.3219239498183102,1.1073442123434458,1.166549791549206,1.005221628399641
R1180,0.9898947001313432,1.01594078538917,1.0517151488102074,0.9273148011900922,0.7448027902089921
R1181,0.05566188911213592,0.031125588344460196,0.04203683353779828,0.028988427864200306,0.053696323173985885
R1182,0.27518228233820674,0.22537540414950955,0.16207493635619022,0.1296159948163992,0.13188413687021833
R1184,1.3023870178947703,1.2501276436726327,1.2858535599991066,1.1503279456339068,1.1236126808832763
R1185,0.9473823159285831,0.8957753964520446,0.96675022441226,1.0099524435151372,1.045808862660063
R1186,0.7696389776914929,0.6447848991023849,0.5879721038535087,0.5639832391608592,0.6376912110924
R1187,0.15823652702130808,0.0820297656111625,0.10833531041116375,0.0544894080064893,0.05948328607003245
R1188,1.6385716825595742,1.5518057078310037,1.519780883639518,1.4387940412085412,1.4262466767325697
R1189,1.006910210371225,1.0801041893373629,1.063422801272539,1.0825780294043392,0.9424425182358871
R119,0.7305232628159162,0.717642464849279,0.642593622190392,0.5193384997221134,0.5564122094217478
R1190,0.8222517823199171,0.7668856412444943,0.6979852170963454,0.5029308063300856,0.6144623879819989
R1191,1.243065799958042,1.2237114954321466,1.1332379064607851,1.1651982618987513,1.0778025180831776
R1192,0.9355592115699226,0.8779775516149085,0.892167454403717,0.8777964084377339,0.9584712542638262
R1193,0.6298212437833619,0.6569150753319709,0.5678589513264795,0.5587241974520483,0.3608320415479825
R1194,0.5671473184746763,0.5565128878086915,0.5259652601643928,0.5456395606638901,0.6423453163230243
R1195,1.7065544111758941,1.5556116748611466,1.50887450836931,1.3768829462210834,1.3837463291679488
R1196,0.9863324404681099,0.897052306785059,0.8931156342783577,0.7604142567611045,0.8249252683911914
R1197,1.6809219377838163,1.6701881132363467,1.6024704921705832,1.5913812489998755,1.5672919113137371
R1200,0.40817377667951854,0.41036415279648164,0.5075425906063924,0.49350406881838044,0.48367220407418626
R1203,0.06929643288074,0.10619289340272338,0.08378221236455552,0.05538999164591857,0.03858288213668033
R1204,0.6833664704327186,0.6416355844340415,0.6939854546245194,0.6617384798224616,0.7750075886508121
R1205,0.10638182546533605,0.08661413446634739,0.09469087488408683,0.08643174593727411,0.05915250354268811
R1208,0.9687642941393837,1.037562287062044,0.9945366493380174,0.9208170878418857,0.8931209133956631
R1209,0.6086555171113762,0.6818886413277051,0.654298090569431,0.5623926038294216,0.5689555379094094
R1210,0.22013539906228172,0.27528340875710894,0.3669251554126947,0.3433077631339192,0.29894813390904323
R1211,0.7917037602661711,0.8344999142931485,0.8263630967054081,0.8324811965523096,0.7443934554576516
R1212,0.004763338746625927,0.0,0.0010021277535519771,0.0018243494619351206,0.0021653683212409665
R1213,0.016154811530227943,0.0199405913476453,0.009254037418204401,0.014904047313100317,0.012640091518594378
R1215,0.08686178260376477,0.0690521754596328,0.10679994343911313,0.07193659595532018,0.04779010857222895
R1219,0.6104256179861942,0.5734043941394054,0.6169543733072846,0.6276705160128302,0.6858120664066997
R1221,0.1692429721570692,0.12110594396547923,0.06024919934563053,0.04359611132724473,0.020672162017707354
R1223,0.0324392918886874,0.025234092503583726,0.057965598145003724,0.03607226207125961,0.026411370882909062
R1227,0.706157826674919,0.7545697328936808,0.7787988048160944,0.799150420321257,0.6704301659583155
R1228,0.5688646265837053,0.5746454787571724,0.5283246413355269,0.5519254989564548,0.6533213797365269
R1229,0.05047121174217722,0.02086827969346563,0.008856294308934195,0.0013316992101761714,0.08048708850878127
R123,0.32086059085308155,0.3267986952608794,0.3919913033044976,0.4099262217501533,0.5054009205071643
R1231,0.2510503539606069,0.1778860150843128,0.0946785705973631,0.10710305715795376,0.16753569979660418
R1232,0.26989620241896256,0.2638264582575347,0.2623135504295857,0.23037040573048473,0.19790628077593517
R1233,0.5268749322287446,0.5624992594013444,0.5664444837477615,0.5380187313911828,0.7226628852898829
R1235,0.4030112984805272,0.4708555572837311,0.4744376845741222,0.4373260919699763,0.4436822856961867
R1236,0.5647516600481665,0.5909640585355946,0.5748350860005618,0.5950609631090785,0.48427231451253067
R1238,0.34723554718000704,0.4016662214115679,0.4596497488262818,0.4058987391948642,0.23079958449496835
R1239,0.7530629352093869,0.7187738337680962,0.6879141522151085,0.6526241825267237,0.6863093505522393
R1241,0.08058096910641735,0.055263060776147434,0.05044248331950514,0.04027456794545641,0.03660337946318742
R1243,0.6451836200119183,0.7266693452087657,0.6872811740458113,0.6887110504963376,0.6577079254370117
R1247,0.05680438561261956,0.07916206423963597,0.08429593007779945,0.08160452792880853,0.09893154538869829
R1249,0.7444594986634926,0.6401032007915328,0.6663223536489509,0.6706241882607396,0.7770501843848737
R1255,0.4132865759772129,0.540804712655604,0.4363279917563181,0.3881407573770217,0.2778923804741929
R1257,0.010511562133885918,0.0009980617837534443,0.006115047752794353,0.002041762664857308,0.0032049339139865727
R1260,0.36557626062925225,0.28194199559383576,0.21193372831809962,0.18376672538664177,0.24355879666910807
R1262,0.019285231849696598,0.014611540635784686,0.034310370653716664,0.023552073337622118,0.014813835951115939
R1267,0.3444092756972963,0.3758129889045615,0.464171935851799,0.3872348066667378,0.2648111584526304
R1272,0.8123742261189689,0.8423443526361544,0.8442342099444367,0.8550779472743938,0.7652679959812717
R1273,0.5165108044597307,0.44142210926589576,0.33351940127742286,0.25599571630629,0.2384820920925321
R1276,0.00727532525328959,0.05423942494852305,0.09334335457480734,0.035359492713623895,0.07236017102128546
R1277,0.654371495184717,0.6562490914870946,0.6456521041309988,0.5453839005197563,0.549473718465059
R1278,0.7627851844999328,0.7687356621252182,0.837644608966048,0.7975787742864237,0.7027400559056137
R1279,0.47080935441804955,0.46863915593247746,0.4648663494609213,0.45661926640949546,0.4169579733985012
R128,0.9336600684138588,0.8214828736404673,0.7793521319438074,0.6707386943499869,0.644030512418825
R1281,0.6616718199515113,0.5901823462126436,0.5234813867379539,0.46338355336601955,0.3962550800880164
R1282,0.830644515858744,0.8607781309954081,0.8484354711512363,0.8524053343330498,0.8222189086335238
R1285,0.21146454702466155,0.18137122194008862,0.14338279718509586,0.07671772799371031,0.10623188726007217
R1286,0.7035225604406758,0.6815374151962186,0.6832230601660493,0.6084918264224096,0.6126184666497857
R1289,0.515402764470204,0.4641519052117643,0.38635405924297933,0.29255137317504953,0.2798614140507872
R129,0.011476839559393824,0.03868689662300305,0.016037956435122132,0.0,0.0014585049118187477
R1291,0.4391423438399723,0.32864581771171597,0.34542441650426414,0.3356473249176383,0.266871882409671
R1296,0.6345082217308895,0.6167359332825125,0.5891355500224004,0.5670609601526333,0.5654207656519563
R1298,0.5234991603352143,0.5499669473017313,0.4879011625121766,0.4096914442895696,0.3406181497638657
R13,0.271031910534195,0.3233601424965217,0.2601233154288673,0.21910222602572896,0.2376086653236145
R1301,0.5344426341922439,0.4183237414550695,0.4672005288897897,0.34509089797544495,0.35518327502445507
R1303,0.30732027990488114,0.27586193577813123,0.25881058247605004,0.21131565294665028,0.19339939213495155
R1306,0.5922033213425034,0.5000848978204205,0.5058381081344456,0.4829096225657304,0.34363740888120364
R1307,1.0540451630454029,0.9838202527644998,0.9037399398987929,0.8668230366064287,0.8945761821140829
R1308,0.2008927712373088,0.15906072781958341,0.14942266526888007,0.09984172685790227,0.07511843108317469
R1309,1.1516328484217724,1.09717566202247,1.0614804741080022,1.1049886287698703,0.9600639530862155
R1310,0.7861481983285113,0.7228139237143408,0.6588930658913714,0.6452523079874227,0.6631183077188719
R1311,1.0389242423346798,0.9370644338324045,0.9194587494607326,0.8824773032488374,0.7572326021108028
R1312,1.361482794285948,1.399287413837175,1.3163032332819609,1.2404088649913265,1.2642045962657003
R1314,0.14182698255366322,0.143492234100172,0.19988809940259078,0.2237196810449665,0.15599832435977717
R1316,0.31192022095637284,0.28450894901071344,0.2720978839705961,0.2880848454212768,0.2955888718821076
R1317,0.09239715258512109,0.08055485588395307,0.08460064452907497,0.06452381918617413,0.10675812461154545
R1318,0.5016766970250183,0.40686411259991634,0.3921664246308877,0.3491130914761526,0.40134903803333305
R1319,1.0229808974236654,1.0242644108861758,0.961205602757657,0.9760284027633189,1.0211225520140872
R132,0.2003385338274104,0.15265931540512367,0.128475421348491,0.059621230325202175,0.059471826627665675
R1321,0.9196869882629284,1.004702661048523,1.0183458111698998,0.9796521357319,0.9997335337798909
R1326,1.3100467834924996,1.2993121636166995,1.2372472299011696,1.116484918002209,1.1804629930679085
R1327,0.5970207872198807,0.6460431645433155,0.6606949080186099,0.6474529922104877,0.5742961305284856
R1330,0.5121204594789293,0.5074487715713933,0.5117373387770489,0.4247710694205143,0.44172249039309763
R1333,1.4656450610608214,1.4345940937304091,1.3944468662643954,1.3561846361900587,1.3361700865788904
R1335,0.44862927707649786,0.5031408267467002,0.5875801498480907,0.5436561939342753,0.5652056948831331
R1338,0.8677886365259753,0.8551262619642755,0.8260133719682203,0.8032446858727704,0.8274074274124527
R1339,1.0897102150449642,1.0664764633918915,1.117207898115266,0.9906096930289369,0.9579687282917347
R1341,0.11958228405193967,0.12452827935016984,0.15148575332812889,0.14527667685342346,0.12974658526985317
R1342,1.0608843128885814,1.0069520296142884,0.9076279514344356,0.8760254677072795,0.8963324197617012
R1347,1.2431260064165055,1.3263089449574856,1.2896140262158473,1.2297517243602376,1.201731766453254
R1348,1.3837946167121011,1.3203758738665656,1.2466365226487506,1.298503105225811,1.236889647583228
R1349,0.8095296632619037,0.8085878283207054,0.7927038331849352,0.766128407237038,0.7960929830757474
R1351,0.7898544505066158,0.7123032124813565,0.6653026892692789,0.6347025474145424,0.6401615483215076
R1353,0.1954166553632745,0.1656663786621724,0.1521872001326647,0.10952746102861616,0.06477805473349406
R1355,0.10273303655891185,0.14079254104979189,0.17181022367145338,0.20739460104152366,0.16349329434731735
R1356,0.6943071246655761,0.6815109997005142,0.6645141463328471,0.6273968956445445,0.5697431936929254
R1357,0.6789277572877176,0.6014798543299468,0.6041014841284813,0.5547284602902882,0.5773628151884097
R1358,0.36848023226197424,0.3699832507482512,0.37137285981891044,0.3587855891120759,0.21781565300403577
R1359,0.21350625121540118,0.20166034956825624,0.212382483516391,0.19064192531283333,0.1604318810280013
R1360,0.48083624260471847,0.39576405033244555,0.41184140159227367,0.37490399731855856,0.31304090900005027
R1362,0.9898853961402425,0.9578412295776181,0.8802897761870035,0.8030138027856565,0.8259642129214967
R1364,0.8180309049302057,0.8099360483388672,0.764195246465222,0.74459785587723,0.8225016044009364
R1365,0.4112873040659823,0.3707000009717456,0.3589119085796855,0.32140328627266523,0.31279386277417653
R1366,0.68721013588721,0.7261915685247207,0.684431406549074,0.7174405913370375,0.6408441603800501
R1367,0.20238481732269914,0.1728964509730412,0.1967621472356032,0.17673383640146945,0.1788593009848222
R1368,0.23616738869982126,0.2262052156584884,0.23005036789567462,0.19513463449964108,0.22613708998738447
R1375,0.07785808275844638,0.07201070034873791,0.04392683507854439,0.003917506506631689,0.0025904913336618064
R1378,0.05824349679108625,0.05821210084342742,0.06895781859986436,0.089176203473139,0.10036988781672025
R1386,0.42303952489975166,0.33126607810513714,0.30112303169713966,0.26668412239163714,0.24139845293933218
R1387,0.15550198570969737,0.11586757708702813,0.10643661737561766,0.10291646579432172,0.09655128904756435
R1388,0.08664365163866507,0.06746309618097489,0.05622301133695031,0.07131158465603885,0.09095216963990047
R1390,0.32337136393177845,0.32801854637809,0.3383818991226714,0.30698053073860665,0.3851145861951641
R1391,0.0030287957930467133,0.01760985298626082,0.00854378854849463,0.0017521723356881535,0.0
R1397,0.24306362081882404,0.3696593634135245,0.37586758565643635,0.3251522186012602,0.3908055012006766
R1399,0.8709997818261088,0.6880176895598326,0.5745246047783367,0.45764554847625355,0.5420721527991726
R14,1.592490311330822,1.5169545457467182,1.4632566838530552,1.538563207212455,1.5397641010539422
R1421,0.11339305754581805,0.13631107716155338,0.09709353747669915,0.05889861282923434,0.09021760388176348
R1423,0.08218030661089872,0.05110351192610077,0.0501573811247056,0.07210845724577375,0.10976994089609927
R1427,0.007788923733070883,0.0002714572968255692,0.0011444852922042074,0.003732537831351576,0.005089824315479422
R1433,0.2300658487867657,0.24979840017882496,0.20028890230649155,0.11454271871153084,0.13731479940817737
R1435,0.0015269472946438266,0.0022395226988109456,0.0,0.0,0.0006107789178575306
R1438,0.17718272192696294,0.23150566272108444,0.22968012728853418,0.23587790580749476,0.2618490134519495
R1446,0.5946386176587988,0.6117604092473297,0.700716430743143,0.5775608421092056,0.5462382185286992
R1448,0.021311506442309308,0.018628421550995033,0.03172657156648839,0.0578864265163956,0.10221782923760142
R1451,1.8135911577564194,1.8187437330270244,1.696538206290861,1.586949207956684,1.5828184249585613
R1452,1.4303138741828778,1.4926976542295824,1.5146121151101657,1.5246118228704775,1.4682232360860792
R1454,1.052000822297968,1.0014520783353573,1.0166934864752653,0.9083161607762401,0.8702116390814418
R1455,0.7213602054879811,0.6390368260900026,0.5586601144033381,0.4939975753447875,0.49998729895031113
R1460,1.2652639396692484,1.1501796443022931,1.1211754168616752,1.046436395063589,0.9727360547523026
R1469,0.5065536489602831,0.4619835218447972,0.41500607181045646,0.3679774692494932,0.4092794966232485
R1471,1.3484126461986115,1.3539460663617586,1.4875595312900614,1.4669658292673484,1.2974471176438458
R1472,1.6027794202692742,1.524591259980243,1.4146277038984159,1.3372156767231433,1.4026918775204922
R1474,1.097172076847171,1.0059225056562984,0.969259232464533,0.9168922405205538,0.8547055547449321
R1478,1.005986296043573,0.8534711113437818,0.8182737096323541,0.7009451216740865,0.6021954357081803
R1481,1.196440081782902,1.1049873504275998,1.0526628581704085,1.0060518439783461,0.9552518074256096
R1483,1.2814981829284944,1.3304042328365686,1.519830554784892,1.6115961822243716,1.4535201484020708
R1487,1.7531724737012695,1.742977547287447,1.6851560600043856,1.6209175043500545,1.632026748799089
R1488,1.464556413772832,1.5722308272549639,1.7450091364668618,1.7137319679952132,1.6884786052159477
R149,0.7854130663464629,0.6415237034476535,0.6105525534956692,0.490259352145051,0.49756517696907554
R1493,1.608620707631677,1.448855498232703,1.5294086692809339,1.3807288874156634,1.346039690466028
R1498,1.3598213052760721,1.2453716853790122,1.0463102221275205,0.8690390403696915,0.790348224958605
R15,2.6657508485118404,2.765107583281498,2.821309888728388,2.786323761123091,2.810580181744916
R1501,1.4153163647457239,1.3262610085073374,1.2831682366930826,1.2541429443047296,1.2898971721037777
R1504,0.6098079163532731,0.5807713620880662,0.6412735820018652,0.6647686155965897,0.5684543186025562
R1505,0.9371942083558585,0.9022159848668518,0.8885691479121886,0.8742113324424561,0.8697594085372582
R1509,1.8020777840267082,1.829028612217596,1.8345542265984738,1.5291601321208692,1.5078850189611552
R1513,1.2209352677945988,1.1963278196483094,1.1526497311951436,1.06760239035365,1.0871308482390742
R152,2.1647489138590315,1.8810719508895182,1.575203612204442,1.3497289737931082,1.222828994061854
R1522,1.444412934756794,1.2436528987972058,1.1395868709052348,0.9912665068108789,1.0051206838183477
R1523,1.852860891893021,1.8452331752223985,1.7734450071171826,1.6924004858968216,1.6863911609277387
R1533,0.638593041191717,0.6159522211779752,0.5976385467452255,0.5639199682819112,0.47395432362568535
R1535,0.9569128168840109,0.930795242446824,0.880359243632746,0.8985507857574409,0.8547464689687578
R1545,0.673386492285689,0.6845124050437403,0.6698424715058328,0.550460154324871,0.5214707680502145
R1547,1.274468621026441,1.2787296571300015,1.2941633375037604,1.2455982050670769,1.2386646057431776
R1548,1.1931741444201385,1.172404011428077,1.1142257381941438,1.0801072137317458,1.1405923715849493
R1553,0.6157810622278778,0.6205523595900019,0.4468091588790028,0.32054557040780823,0.39008790803302634
R1555,0.847513993983815,0.8087160839297849,0.8139871433855229,0.778704297304451,0.752943913926602
R1557,0.21246500141017696,0.17233464238368668,0.14923251331041515,0.1449542033403179,0.14150648523582873
R1561,0.9871162311706146,0.9065843619027604,0.7923736507416451,0.6825856544728415,0.7998301834631691
R1562,1.1556124403699566,1.0840096035017102,1.0570540985586436,1.0557890559647,0.9717793533691443
R1563,0.8338834389270162,0.9392040244440901,0.9261054010403108,0.9628487822498595,0.8849782745031411
R1564,0.8253245393826221,0.764207227080669,0.7073646435484245,0.6326476910900719,0.5292865329545009
R1565,1.2137237969564965,1.2526235590347832,1.3605108712118676,1.2721597098261013,1.3307827911168815
R1566,0.6152560796739094,0.6767638221502049,0.7242611438624084,0.6939170833953608,0.53428154416113
R1567,0.87179150115916,0.8379017958081789,0.8641028450953726,0.8809692950865978,0.8288316696698342
R1568,1.4312574209670297,1.4444837747238688,1.348878373433395,1.4015920225778584,1.3283542635051833
R1569,0.47789038857356186,0.461206716943478,0.4555062731220536,0.5380614302389873,0.6152094064696816
R1570,0.6766617979029135,0.5950340657074232,0.6470038262945362,0.7072967840716698,0.7897611114385872
R1571,0.5687529423346082,0.5757571721464186,0.5373181098029796,0.5110878432622317,0.5889272503126509
R1572,0.8714352972487419,0.9330680352843305,0.9518358068071773,0.8917691259992753,0.8418874685383106
R1573,1.109602679853104,1.0267391688527614,1.029290485117479,0.890107196356037,0.9424945672987071
R1574,0.9981423795633703,1.0520832137425131,1.122471782649952,1.0495903396715776,1.0954140851145202
R1575,1.3488522879106548,1.3590905460417297,1.2960360888473843,1.2677921530482748,1.1902316948235803
R1577,1.680065570895526,1.6962811597755325,1.64590435700323,1.6108990584188372,1.5926450475299574
R1578,0.6300824429720877,0.6086179936107856,0.5213836457005298,0.4738043846725289,0.4286798597657416
R1579,1.8235194410854765,1.789102603058688,1.8127808321031504,1.8071079583711829,1.8371412409519592
R158,2.9214309579142967,2.7928201005649798,2.716181539712521,2.719936681903779,2.8345435420550387
R1580,0.8157086047219437,0.7845754183777696,0.7578795394175948,0.7035930539534508,0.7607171551838391
R1581,0.9728797721396635,1.1021888513115816,1.0582968008403018,0.9921683772825437,0.9246749419953361
R1582,2.0087147949808215,1.9733036829725228,1.9621946085305455,1.855402408757071,1.6699793236569753
R1583,0.6553840319406161,0.7471526467260977,0.7421934358894681,0.7325340070526554,0.8159281352848563
R1585,0.9392315327631621,0.8856874417332469,0.8908494906557631,0.7899762898208388,0.7939357197630464
R1586,1.1297415607149304,1.167841853354342,1.1476608585243868,1.0986331888224037,1.0134383649545473
R1587,1.2043494215491188,1.2206117474812175,1.2661908652339144,1.2841658858859821,1.2595724399502586
R1588,1.3556799070511563,1.3978561649345655,1.403810009087377,1.4056172052250497,1.4037963714744304
R1589,0.9932772962674176,0.8946444016872517,0.8643462041382507,0.9316497484676445,0.8566630599733259
R159,2.1495176291373146,2.104656897152175,1.9806372735845559,2.1354105938128107,2.1908383014031534
R1590,1.0560899175574672,1.0698333645713367,1.095439794267258,1.0516223311894863,1.0521237446714058
R1591,1.1830079391578103,1.0883942420069368,0.9394052709730754,1.074056650798311,1.1554019667858546
R1592,0.41587213554118535,0.38213720849292054,0.35767276072663196,0.42406751429302314,0.4068070389110067
R1593,1.8011145427386743,1.8885191630001064,1.9689745526370455,1.918300598303781,1.6577427779936174
R1594,0.3694833488956788,0.4545820668393089,0.4877347915286504,0.6296786034997753,0.7302671542824974
R1597,0.9194630965861939,1.043288795769914,1.1417628849922155,1.2264240850309027,1.134682907168454
R1598,1.0934452243842046,1.1777690383893358,1.142271776776416,1.0504966490240404,1.0985626674021567
R1599,1.3741743737055754,1.2533910442946572,1.2284638765833884,1.1586639203050393,1.17128978344482
R16,1.5064435606327113,1.3665890535402683,1.2937838145805536,1.2503884218948007,1.2049922109607156
R160,2.046516604395032,2.208760005626147,2.170627638783631,2.218562871529112,2.2831636502439223
R1600,0.4700909755781932,0.4608746530656734,0.5643970420162064,0.6566279456697109,0.6324727788273499
R1601,1.2354565199468268,1.1397012617636293,1.083440058393246,1.1130565813116198,1.076350757188577
R1602,0.5957484251123252,0.620920456099993,0.6412916861260841,0.5394313423266393,0.6340164046799084
R1603,0.7988088229601369,0.846184975206697,0.7567539030259431,0.8090813751502112,0.7571392457996958
R1604,0.9909507625718129,0.9617238362045831,0.9931498650713788,0.9990450297822705,0.9459111612798554
R1606,1.202273012831017,1.45677998559308,1.4706210803670725,1.5078161809916444,1.5359369947023047
R1607,1.400834617247608,1.6285892102601316,1.70403614836878,1.748648170416826,1.7695103914881232
R1608,0.9710541741057366,1.0482632230345181,1.064490582635312,1.0625519134270989,1.131733449957178
R1609,2.332383803251655,2.3522541761447866,2.41334011262293,2.440795539071524,2.366848599195878
R161,2.4194344854401058,2.464440983414956,2.3500508036634913,2.429189806151526,2.453554044487201
R1610,0.893208057420382,0.961460253939338,0.9168594890591933,0.984571130308504,0.9841604084934756
R1611,1.0573449134614559,1.0396180522144642,1.0124576641841254,0.9568101059605572,0.9162681733525208
R1612,0.9009396269355867,0.9340142038473745,0.909631397001605,0.934468012583343,0.8837580506861419
R1613,0.3647070745509908,0.4507793902593996,0.4784586545087642,0.5373571871195971,0.4835308491962995
R1614,0.959796598118539,0.9791311627822539,0.9223790264668354,0.8829751560697143,0.8846679159906943
R1615,1.2820358785478663,1.1849344404311917,1.2316646617711882,1.1430175336801611,1.0962294143767133
R1616,1.0966124864655777,1.1142224949719397,1.1364609818243692,1.1063411432147678,1.0630935672678046
R1617,0.910155414566433,0.8071891103204031,0.7233090031003354,0.6944360531702047,0.709029379658466
R1618,1.3332746306031193,1.3476299863373458,1.3013126626257108,1.3481525319388319,1.3033424997975724
R1619,1.6980312144984704,1.6339837024567254,1.7429165109452471,1.7931818292527135,1.7086285341127574
R162,2.786160165859674,2.8160320089080675,2.6037574046681637,2.5974001434638336,2.6473270348513585
R1620,0.670668985224151,0.7281311016873303,0.7001736775003853,0.645623228276545,0.7082090798885192
R1621,2.0208504748686016,1.9797983888231783,2.0279554492696965,1.99441695426136,1.8006762873978255
R1622,1.6842761914236257,1.725459810994237,1.572924879853581,1.4262267140953582,1.4368252275677567
R1623,2.443958006192145,2.392193019278394,2.349548173471187,2.3413440767851625,2.3249526666759857
R1624,2.2606965840211886,2.3484857055387534,2.2802533641820797,2.263839164817338,2.3675792562874873
R1625,1.690297874624645,1.631298135947123,1.5705308003113487,1.407203056329379,1.387771142716316
R1626,1.707982307857885,1.6617255793703423,1.566504280459973,1.38772373325342,1.3712884287763436
R1627,2.3674025909092227,2.4069511026872537,2.373403629505822,2.280747535571116,2.2450161330372738
R1628,1.5867087376487896,1.5371587079334728,1.44811057058945,1.2404565472965055,1.350839668330301
R1629,1.4329564341007401,1.3241883240171495,1.349228850079595,1.2087105360635975,1.1481626355651862
R163,3.0759078633942534,3.249380417717852,3.2767175220246982,3.363085548666039,3.424800766785291
R1630,2.0969828661965004,2.0683385461194215,1.9128989000239458,1.8070188684408408,1.7509016925562304
R1631,2.055569329912902,2.0748390931494103,1.9290120670963695,1.8032729509502243,1.7804307778328086
R1632,1.8197347183587824,1.7553011033243544,1.5912927553060967,1.674624708668186,1.4619016001894918
R1633,2.2145541016609815,2.1301064989735394,2.051849946680557,1.7920637132669235,1.8548948403964414
R1634,1.3045671828546663,1.3394892984748956,1.310999135672717,1.1048656996100001,1.0694547834387513
R1635,2.4728248139161897,2.3705175301506274,2.385878946791489,2.3319226312365107,2.3153393486005016
R1636,1.8667169704865538,1.829046815783825,1.929831803038431,1.8768064295081217,1.8287206002872818
R1637,2.3785753972228076,2.391425696754399,2.394006109571122,2.384561718955957,2.466708392118578
R1638,0.5278516932535485,0.6457432912074571,0.5373594411154019,0.5026955835548863,0.6051834335760781
R1639,1.5340749343442204,1.5612636041391792,1.5840377155718537,1.5057738590001069,1.3720062615881574
R164,2.6647900704217777,2.679575228926024,2.5523248089044586,2.5610663813432937,2.6367588248771967
R1640,1.7559858695904456,1.5511301150210637,1.5239766771977645,1.3273979100998101,1.354292366235801
R1641,1.8865296358518373,1.8073812227287633,1.7675512419348538,1.6462014573197021,1.583003474350838
R1642,1.7396308112142775,1.7775583198992733,1.7220576775502152,1.635806738335416,1.7171727300895703
R1643,2.4127398866074867,2.429452499948119,2.5444128452818693,2.3837421686020477,2.506969219615862
R1644,1.9938982423016987,1.845907401743444,1.8095192384033825,1.6561762020885955,1.7749491173742376
R1645,2.4124306732016367,2.392708914176107,2.387407448040659,2.3337000969139896,2.2193936638160747
R1646,1.8657050019212467,1.92192633292368,1.7350654327013615,1.7618826270354766,1.5488999091244757
R1647,1.6243830265353503,1.6846133095316005,1.5486248647133705,1.60543069244288,1.4904952650884955
R1648,1.8968319894133996,1.8954401094362539,1.65217612023895,1.6767295047561055,1.4173345534910808
R1649,1.9800834120599144,2.030070673611272,2.007785257332167,2.0337745844701915,1.9385713028454057
R165,1.8480229106996853,1.7597275462532924,1.775308993575587,1.8370981325637334,1.9281006069801983
R1650,1.7723430137558431,1.638134533822706,1.533050776515294,1.4320876810730412,1.360737218815396
R1651,0.20093319193514908,0.16004599984085996,0.12516600352095622,0.09529289343178024,0.06882218020407785
R1652,2.2714358072448984,2.3067008094406596,2.2326001610256454,2.11199131494722,2.2019108014755893
R1653,1.0283565365647478,0.9978422606694572,0.9850437322685788,1.0456231372213936,1.0516529587744965
R1654,1.5392287152453195,1.4291427984019618,1.4230948309326814,1.2668384515452435,1.16707738251695
R1655,2.3198163497584803,2.2477355229875617,2.2941023246389958,2.205352725573375,2.3538872867872542
R1656,2.135135836786344,2.078483961353777,2.0806793078399943,1.8675284145161863,1.812748222602876
R1657,1.9403027475086627,1.9077007780968949,1.8072167788150477,1.8060215066325795,1.6412224395183106
R1658,2.594433466303534,2.562184340825642,2.573462375621361,2.4878103432226415,2.506395131752635
R1659,1.8803781226586664,1.859017027477662,1.7265634130170573,1.59365252873995,1.5181972038473166
R166,3.013809503382833,2.9913073229122675,2.8668539552501264,2.7985198084047322,2.912814426185305
R1660,0.7572960464592734,0.8365655813352159,0.9142922977363095,0.8827624037678038,0.9510912099678799
R1661,0.5804370289103592,0.6129701672775474,0.6249641141862061,0.4961010058363061,0.5095451380100058
R1662,2.3105295837311877,2.327652305337957,2.275794628914709,2.1858075973014546,2.0383951394486592
R1663,2.4508262449006564,2.365565771647787,2.4082270496238616,2.2773556302502427,2.334276027501367
R1664,2.493772234491569,2.4495473140112627,2.4984541270467377,2.4134110820862156,2.479938355149476
R1665,1.3676075672041492,1.2940701126970942,1.3601678620650566,1.1328335029528394,1.1051389638290818
R1666,1.8739659709884358,1.8496818506424448,1.7051925460658606,1.6989592002700789,1.6224523412186338
R1667,1.4404077346906154,1.4917373401099001,1.5273179093357419,1.5153247050566883,1.4657459410325078
R1668,1.5698303740062007,1.5099894778049332,1.4503398876711384,1.3807502646777883,1.3120622559336548
R1669,2.0514327645973602,1.9935491509879537,1.9171793383992979,1.6432956696930643,1.7078612074338044
R167,2.666090352258559,2.6088948939764944,2.5449730202661414,2.597082748944451,2.6633440167090954
R1670,1.1339108735446224,1.132332549147842,1.090957791647084,1.0114928161735914,1.0656041985239137
R1671,2.327633474372976,2.347133517881352,2.407206217146822,2.3577017493227994,2.451092401855263
R1672,1.378817391775356,1.2250471055663779,1.386061163261808,1.2975358938748112,1.1690319200661459
R1673,1.853490931814077,1.9433754218184416,1.9040850049902989,1.8061300071446305,1.8162615891367373
R1674,1.7622652017757936,1.8536371551954833,1.639299161800329,1.680303744896287,1.5671020737471415
R1675,1.8015043803466677,1.6896390837748911,1.5676061924533724,1.4493135467577014,1.4488757668133687
R1676,1.8377876555649566,1.9097601390197585,2.145824251791002,2.153331993338838,2.076863978995577
R1677,2.0070840325824695,2.106431845963467,2.037216656069009,1.879208339069883,1.8919233330663479
R1678,1.8180347433521504,1.800983357537518,1.7662054771509932,1.6740375167579487,1.5268909970319389
R1679,2.2031960783717897,2.147632471087237,2.176187731703671,2.062448230937738,1.9842808108171763
R168,3.0975345691528045,2.9906633098653552,2.8955822421935618,3.0112843750605855,3.0070423991372235
R1680,1.9634448158447189,1.9470599539503346,1.8896659405829843,1.7629997305963483,1.7671117311040072
R1681,1.2512567383055975,1.2763329758911768,1.1574765341647921,1.0931445944303808,1.050358422553001
R1682,2.321451397304161,2.2894501753551437,2.2929275343250692,2.2342463826400545,2.272367360048486
R1683,1.9459567307212426,1.9367519496450432,1.8606417949632112,1.7675957138420024,1.7079994595270884
R1684,1.9649099789046107,2.08655203300434,1.9981705549629678,1.8520656258872874,1.7697628668564713
R1685,2.0712365335037344,1.9424415062283824,1.9405462786360774,1.690105882296507,1.699200293129274
R1686,1.7879615634736712,1.7774601132972152,1.8069566666327472,1.7737069197815531,1.666550304168185
R1687,1.7873722947766146,1.738325588439199,1.6344556711318565,1.5804421888861437,1.5024566922439861
R1688,2.300514684057157,2.3419561375077564,2.310180137860973,2.428598144890795,2.535984059513301
R1689,1.6978069928487718,1.6769975155147518,1.7233048507058528,1.752256951420549,1.713006535071581
R169,1.3652611010640325,1.2683506189595657,1.2101543405586785,1.2515191371001275,1.2765045652949878
R1690,0.29495182794729724,0.2554782749468262,0.24598385072154594,0.19703968125636667,0.20996632448801628
R1691,1.50051453370152,1.6041817527373337,1.4649822527123235,1.4069753774078582,1.244783748346195
R1692,1.9089301334049624,1.8322112011103444,1.843855977484047,1.805259377114373,1.5490373191461453
R1693,1.463959895365468,1.4698191328416235,1.3497858707577777,1.2588825999256923,1.2521264070169276
R1694,2.1408152732754595,2.166721251250977,2.058807470602465,1.8227726689868402,1.8255381831328235
R1695,1.4334361379238447,1.298379995186742,1.3718599783060976,1.2073532087223764,1.152309412037795
R1697,2.2184499598359877,2.1083866494300154,2.049245463496026,1.793926538414392,1.846091989935313
R1698,0.3079360559914767,0.2824858565831877,0.26038320147061955,0.21729521821848047,0.29199489383257626
R1699,2.5053488709288105,2.330065076654057,2.425035155686076,2.2151619215558047,2.3884287874226517
R170,2.7707787091608713,2.798476533125668,2.9220308633054333,2.853422043225238,2.908494254633115
R1700,1.664484364560832,1.8081919046697346,1.7358273184619954,1.6967831390243187,1.6192465815066204
R1701,2.29611975233443,2.287065088528361,2.2756816216575366,2.202284876555546,2.181933897520795
R1702,2.1349304523340646,2.033473813247774,2.0160295449329695,1.9011990462112047,1.7950629417580763
R1703,2.0839758921775755,2.031190452273005,2.0578312471462077,1.966978825598015,2.0396480035126268
R1704,1.5751337271853574,1.5537803920820785,1.546793080569295,1.4946598327476894,1.3160648702305826
R1705,0.5423167189267808,0.5395677268352711,0.5241477888486652,0.46488660133865295,0.6121799766922729
R1706,1.8411837265780977,1.8185554053723925,1.8547650869247778,1.7621297286573365,1.7952910642214306
R1707,2.190705398126606,2.1362641317282716,2.051571538137952,1.8231212630905367,1.8483548385718438
R1708,1.8924273946418972,1.7368822520694565,1.7932769847301542,1.7122002217233574,1.7785324963459146
R1709,2.034097664357959,1.987713626553163,1.9032622006112927,1.8890590894860133,1.686105837841489
R171,3.323186836892804,3.404754015206041,3.379720597931556,3.37947324285722,3.372494309818504
R1710,0.43521472003678874,0.423942441520749,0.37980911246362364,0.3159132616746341,0.2662515815038835
R1711,1.7142861646865168,1.804630867603077,1.878803776288523,1.8483566743710633,1.6924739517977474
R1712,1.8918213745366514,1.8717378314912707,1.7321519265465843,1.6075407916429914,1.529604414921697
R1713,1.3874705217649022,1.2856353268220246,1.3780168531271275,1.481735376899548,1.4499378033225985
R1714,3.0319042159280074,3.103828935363444,3.1364868104360037,3.162845066737728,3.1842980398263103
R1715,2.9770269766460955,3.0403700147604997,2.9906623112902992,2.9749786817630364,2.8724752167785486
R1716,2.988087189120891,3.000328452047274,3.0200682525956464,2.997537844028677,2.9870251685390024
R1717,2.4924186182208934,2.4933848122995235,2.4768499792510537,2.5450872130715085,2.445477410851898
R1718,2.870694974203722,2.8535977508855397,2.784936043029501,2.8295844175030496,2.7537988433415417
R1719,3.297948541378499,3.378627244114184,3.413849547877637,3.417120235743095,3.4027663467092633
R172,2.4659362539975365,2.538729341780753,2.449810462083332,2.3121805267635804,2.371502071141558
R1720,2.530668556542632,2.622677262219036,2.5758974971523965,2.6689599917451603,2.6242488393092565
R1721,3.14082598607645,3.1399858866821675,3.1597642895661373,3.182459870203322,3.160809569127233
R1722,3.0677950546116826,2.9010354952000155,2.9255113564991477,2.9148072219010253,2.863803138100194
R1723,3.066842150860708,3.1078410645156227,3.1753704748195912,3.1289887790264737,3.1585045899027384
R1724,2.2224736529305122,2.157963543722814,2.163687978413837,2.1216303120519924,2.212904642641311
R1725,2.3965935913574534,2.342085771524359,2.365476811906149,2.3805938802777336,2.3752114949380796
R1726,3.0652024185991777,3.0779912115857515,3.0409572406028986,2.96618985497976,2.966639056559105
R1727,2.883488287785279,3.0240880531864325,2.9351060243503513,2.919274478988535,2.977901502642557
R1728,3.3075878604925646,3.3152346885878754,3.327487124890493,3.246756314818694,3.241920517748609
R1729,3.6324462048949764,3.648029421537152,3.611735544941932,3.623237322874614,3.580110864733309
R173,3.298460280625094,3.314016045455635,3.3016862950679107,3.333873454185364,3.3999131878660465
R1730,2.620793849944074,2.645716580505778,2.7152067781092066,2.7403870523962883,2.8351160517264815
R1731,0.8388172615468372,0.8526437975189308,0.6691165180351345,0.689402083617273,0.7406063921042655
R1732,1.0662771867287906,1.0732965703671993,0.9368758998840774,0.9001094517984789,0.9719352942292837
R1733,0.8407953847809914,0.8115255908053877,0.7947469150076062,0.6681038300248917,0.7889544227591009
R1734,0.3881247733204411,0.42486013407485756,0.5936268192390473,0.5911410905889578,0.6128227881943996
R1735,0.6742912353572486,0.6915076350074214,0.6116024273330152,0.564854200064322,0.6327955702571146
R1736,1.4122896660226198,1.520911920577141,1.55735368627668,1.5636574831354086,1.4976019189238665
R1737,0.7551531444840623,0.9451528540465866,0.9098259527660917,0.8374036748539722,0.7248109756311781
R1738,1.6116944399324207,1.6223967038296714,1.707866194630642,1.8488860328582062,1.752124832877187
R1739,1.0129529449471146,1.038042519257387,1.0186027187711115,0.9904516723350086,0.9355187599314904
R174,2.9310785073089054,2.9130403056634946,2.750373474676397,2.9419426590585753,2.8587263942869576
R1740,0.7029399188333767,0.7591468292555351,0.7740514102384461,0.7454985162864448,0.6621241437052668
R1745,0.5793644637359737,0.543823849561759,0.5067005721752202,0.46543181694839064,0.2989732862973255
R1748,0.6019656123432636,0.391187880076244,0.29097315653019634,0.37443251608932326,0.2742385982215925
R175,3.25925382650835,3.196411930418569,3.081212751138129,3.0090257471695243,3.1383470387343317
R1750,0.6291795041913111,0.5500270436537913,0.5274756302474878,0.36523616216945604,0.35613104920201044
R1751,0.7801291202173004,0.7640800019705778,0.6660790277072431,0.5428434804262845,0.43358814327450607
R1752,0.45348520781574186,0.31142858284561004,0.20206626088298735,0.1621861150576216,0.09380278761511861
R1757,0.45318054084871845,0.5200627360176614,0.45563282374386127,0.41504719592894207,0.36907427646072616
R176,2.7319218075582796,2.678182598978847,2.605620033840084,2.504706039967627,2.594872110825507
R1762,2.89266781363797,2.935196770724198,2.933258540695111,3.0696419274880045,3.040985984606666
R1763,2.44771415180591,2.476111833539016,2.7358785372621264,2.801051710002031,2.762431018489757
R1764,2.3806898058075063,2.4591363588184603,2.5449753532754094,2.7078827764491877,2.6849943482548806
R1765,2.859243745497669,2.9511034031132963,2.9552155490445062,3.00919533873073,2.966300053484902
R1766,3.1120095378359243,3.179223541075719,3.2119045010983984,3.264511819311706,3.2205070174594552
R1767,2.5416069227782736,2.4481429096038356,2.2724153879077247,2.22425412541305,2.130481443132342
R1768,2.6723728394424895,2.5040797131945953,2.6528458586448562,2.788382133858295,2.8433542343080784
R1769,1.9954414749566727,1.9485245131562396,2.006514059513267,2.0271707146990914,2.159829985761766
R177,2.634190132506261,2.566375042482094,2.544297641436571,2.5366918345552705,2.6744483292222414
R1770,2.617316855918015,2.629131899726192,2.712895676553179,2.774455122503611,2.654454181496662
R1771,1.2596899337317542,1.208904516954934,1.3309227561611083,1.3605038544562404,1.268612321937025
R1772,2.5629219436230857,2.650401157164217,2.7283375442729083,2.6184808835041165,2.74231767192616
R1773,1.6648662059509518,1.6155999412124007,1.5683584709109262,1.632510586113532,1.6864963063107001
R1774,2.4959471738985015,2.5035278529750244,2.6170757048893996,2.6587492751035766,2.6889870495130226
R1775,2.822181087295484,2.867149350648576,2.9489738607842995,2.9366890448891163,2.9003780567892927
R1776,2.3007876613763463,2.2474319437056076,2.396577498510206,2.4357662566581673,2.4636518376632774
R1777,2.887278800446817,2.7406829789369485,2.6875326844981036,2.6751393944056083,2.6999130090422097
R1778,0.9970043053030753,1.1598651967489666,1.310011756845045,1.262415905967496,1.321708135727389
R1779,2.6299916430723593,2.6646236026969654,2.6475723359911467,2.5862024129384436,2.5790878675901565
R178,2.801975648843939,2.8091138552966095,2.8292083563528703,2.85059060581322,2.9032598356800103
R1780,3.535454861755725,3.492179572996476,3.49759408724619,3.4319787237271253,3.4304259000426587
R1781,2.426470454288359,2.4549501999167718,2.4981857312619256,2.4718544080945004,2.344999004836853
R1782,2.008470355302454,2.015540966118242,2.0433021005725926,2.095604331253965,2.0709872699184033
R1783,3.3607938846989525,3.323661821375404,3.3884757640100256,3.3699802731583057,3.3959733148293414
R1784,2.7948979254314783,2.701789613417465,2.5747998872724067,2.5274475806796413,2.61633272903796
R1785,3.5679442304037723,3.5702321431357156,3.590652719804912,3.5281182234815414,3.5476692898818296
R1786,2.737999174822297,2.809849480333748,2.856942511275882,2.680496573688764,2.674115906217513
R1787,1.9370409990366861,2.006842457748074,2.10132799450767,2.0699360473814883,2.124120806024129
R1788,2.7265710767709095,2.7407231795466305,2.7616189041268,2.7884316727374863,2.7452713599933056
R1789,0.8679183747627905,0.9503573485029294,1.107487449971584,1.1585708401601822,1.1195074180703735
R179,2.1798364065426306,2.1758550718663012,2.151910446264618,2.2661574135946942,2.3740119369157906
R1790,1.8877522293109894,1.897206145515049,2.0870118816651626,2.0900683481738387,2.1964124927903015
R1791,3.5718914224000957,3.6605996256129365,3.6286642258259616,3.52088375702493,3.646048195996216
R1792,2.378875308368789,2.3926154927013994,2.4411718093546204,2.585279976806572,2.657365902404216
R1793,2.5183540126109816,2.4877725185568,2.614319772078005,2.5948283383363937,2.629881414790014
R1794,2.585222272741189,2.5320200904865438,2.517146560859798,2.494920057739035,2.668002968352709
R1795,0.33377863269159386,0.3816443827564841,0.38055497614980577,0.39354193434804835,0.4389101415534949
R1796,0.5851506117504548,0.48728934963286513,0.46533229537117743,0.4736277913827966,0.2901952703008951
R1799,0.4351961223727344,0.37184896842556625,0.3647027310611182,0.327668898507637,0.19126306115755642
R18,1.0321150248134348,0.9867589760556645,0.8621870816200641,0.6845652498850108,0.6467337181127761
R180,1.8301440503325526,1.8232957145683475,1.819494552055361,1.8611883963901492,1.8173703779329076
R1800,0.5844424097172376,0.5441898932174928,0.5114567825363308,0.41959675507398736,0.3800058617484924
R1801,0.35902372419472445,0.33257582646115014,0.35771482885171707,0.2798903149042422,0.17039704270337336
R1802,0.3226986135290336,0.20442729080402822,0.19976015409967138,0.2737372778107461,0.2599851818350031
R1804,0.6234174070163314,0.6673003903291521,0.6542594406249324,0.625316185228529,0.5696647732115873
R1805,0.453934357679703,0.42317578829133945,0.3878923844763215,0.437686184229174,0.5497618131164596
R1806,0.33974741392066166,0.22416555727242662,0.1403538170919344,0.18971471831896966,0.15099127433365558
R1809,0.2540346873405857,0.2472277807380786,0.23975421704889932,0.1624278348585235,0.17337201519701798
R181,3.022503120674206,3.038444573694061,3.0167644843346038,2.987601058269287,3.0540372719518185
R1810,0.5834468064259651,0.596659771278756,0.5608908503687723,0.49517666569464425,0.582710511332499
R1811,0.7446773904414742,0.8224291093753425,0.7628038839189238,0.7329928829684145,0.69876385717364
R1812,0.16220550699741643,0.162596004454389,0.19818579533390143,0.25165320487116155,0.23092605316021708
R1813,0.3549791244563884,0.3662288664075975,0.33981169182308163,0.2649509113169701,0.2333392222789803
R1815,0.20278334077474874,0.20524555859145951,0.17849134827794885,0.2350941489845229,0.278976222137037
R1816,0.09985399460868992,0.11560384420453276,0.05515363682454222,0.0625030425940873,0.08765508009397557
R1817,0.4776317374132127,0.4756453897085326,0.4420917357145241,0.44802022398995445,0.5157973990125542
R1819,0.3086216312972611,0.24354077997214352,0.17699478650042574,0.16484061143757053,0.16178264829894753
R182,2.1289576293689945,2.1388855262868987,2.3723913243888655,2.351484884862896,2.305459900577642
R1820,0.3887132263991196,0.33525191080117595,0.31620345361064994,0.24599863844088968,0.24159047767614794
R1821,0.09202655006030964,0.12194384595310802,0.10343208820984863,0.054975878881902536,0.03581945761633883
R1822,0.3645095529770375,0.335044809173746,0.33124325110869857,0.2635090953850873,0.2804639604028747
R1823,0.11266313518939206,0.07486351613087029,0.04548119645779849,0.03294679392925211,0.04685388329606946
R1824,0.23295254005044072,0.2215896655354319,0.18754223103011947,0.18454373796664286,0.17763813579269716
R1826,0.6435538280734024,0.5841830540698036,0.49921363071035696,0.38396393634319664,0.3531312219951693
R1827,0.1761718932745546,0.17685254284226454,0.16784076136004814,0.14621068108952512,0.1386581020258817
R1828,0.339272754494325,0.37628377992591977,0.3685184868967841,0.29929604009009003,0.23170966461088163
R1829,0.3676955773627003,0.33703722381051143,0.25085471385579294,0.21134129354257092,0.17530882249902188
R183,2.1925382047367497,2.165174428019257,2.127882065699468,2.037470190951806,2.2086651603856167
R1831,0.43441935915950025,0.4262042735081539,0.3775558464774185,0.36556455832678386,0.3930774231311556
R1832,0.6485364396370075,0.571122288862382,0.5547784192357965,0.4517111290666354,0.48015184536820293
R1836,0.33905275996103257,0.42388751054400226,0.4684235726772076,0.5117405831072418,0.5782012064792008
R1839,0.680892496506825,0.5554057819092628,0.5799650686836436,0.5541199337062519,0.5318302646884953
R1840,0.16745553506363536,0.1809854999571119,0.22411458680224106,0.2902521178215569,0.30515768529551945
R1841,0.09978829758015155,0.09650709240642494,0.05941118518658376,0.06182334745499818,0.08342751879544755
R1843,0.6923924439724851,0.7852420886218109,0.7313489277454367,0.7047734063719899,0.6149274601875553
R1844,0.780669164219287,0.8119306769453358,0.7519505883836476,0.5595793756620753,0.5595736995730978
R1845,0.39143878542422605,0.28288951832714504,0.30611596937166713,0.3527062758731869,0.2942309197043586
R1846,0.5302388951758683,0.39485729667640734,0.4747769749637152,0.4845628965991613,0.4805962535102822
R1848,0.11284120864158485,0.09487445127428137,0.10304272009833011,0.0731741598134971,0.04814581740547689
R1849,0.26660532296422257,0.29729943429116024,0.29322833728753417,0.35909621416511867,0.28805188267196014
R185,3.3611119052321006,3.3234648160896842,3.456907698499149,3.412562969094401,3.4259502582486436
R1851,0.29796835862795507,0.2555373775158821,0.27111765650536074,0.2851985257840261,0.2874823299543817
R1852,0.14150447197832672,0.17221653249107619,0.22046445565028297,0.2460592601182184,0.28259173832869117
R1853,0.3712953645083595,0.3594534644672416,0.29177110504646725,0.23461312019774228,0.23144571594753494
R1854,0.47276771210822444,0.4185626790679764,0.42208792691377367,0.3299291841579402,0.3871627764425155
R1855,0.3195361799943278,0.29227312626033497,0.22983013528325313,0.196152132899382,0.17114567881339762
R1856,1.0893180971956777,1.1015385800659891,1.2302844912984394,1.119682281373833,1.0569687043947493
R1858,0.8102028486195673,0.6916158955706119,0.6602743037729909,0.4818080577883733,0.4619139082830097
R186,3.088642517962438,3.292826564608194,3.220114181356321,3.2509319436702415,3.2971703598701385
R1860,0.9485796417686007,0.8913648672223881,0.8232264888700297,0.8795652974496199,0.8242057795167438
R1862,0.7716657853445223,0.7491338345954094,0.6303230651437198,0.5361634350287424,0.5944984771368194
R1863,0.5846890199459907,0.5442125302907727,0.525418666597252,0.4837773895524982,0.4283248579541031
R1864,0.10095738611360644,0.11033638784581494,0.1472927499769475,0.09938050184764545,0.15869358670770325
R1865,0.6171615795011732,0.6295437539021088,0.5888889705403412,0.6860096873187888,0.6172530674658852
R1866,0.2006312803012381,0.17298536034273088,0.1237656855153367,0.13143567972095901,0.10510450362521945
R1869,0.8105706074699209,0.6705613803826811,0.6421149706798086,0.6212623406380036,0.6619722922939046
R187,3.4235972954844707,3.3931338382648772,3.404125717597634,3.364196962011075,3.400230567843073
R1871,0.19019675134263006,0.1769025083318327,0.30548905951944166,0.22047541816236818,0.23059623569541765
R1872,0.8963318747003788,0.8582330264630841,0.7588216996920535,0.6920396375024853,0.6360223594958406
R1874,0.8527631309776071,0.7176531209331657,0.6583712190154278,0.5959771158355208,0.5568077796261558
R1875,0.8783264900261764,0.7554064894852504,0.658135761803613,0.6056038134317714,0.6156631614681848
R1877,0.08908811261644864,0.09487404744000275,0.14612740670934724,0.10254630468538968,0.15624703904044898
R1878,1.0245134781497112,0.9134913456004489,0.6917167369704322,0.6290158626001056,0.6008514447454055
R1879,1.3790329960408663,1.3045672389466076,1.1408213728220524,1.0378359167097373,0.9930419711832872
R188,2.691527077516898,2.485204588620771,2.38270478138486,2.4317914528843025,2.3906631759775885
R1880,0.3039216569161522,0.3218131207270297,0.30588618409387125,0.31504134000623873,0.32156771675201484
R1881,0.4107057926766784,0.38994932361230134,0.3140560403198626,0.36237862309960817,0.3655198679380612
R1882,0.9592994233869098,0.8994459846120417,0.9545539842020399,1.0264222683579598,0.9754783451725478
R1887,0.6313780576823438,0.5967561427394631,0.5274976615001002,0.47695006001261286,0.38311724848642265
R1888,1.137316202636572,1.017152899003931,0.9549600365360669,0.9384650966303405,0.8686376666575748
R189,1.805040005686376,1.9589369661964295,1.7894343896622535,1.6965151504254514,1.6751956810049378
R1891,0.8890842504592922,0.7338520319477506,0.6884676097392731,0.6391789464497668,0.6361668301079509
R1892,0.9322297387958451,0.7363197808453826,0.7103882401794198,0.6326966294392433,0.6752066550104907
R1895,1.2926836009264921,1.2654062206874128,1.1196858787370105,1.1074920813654647,1.0177177663214767
R1898,0.6402950971401271,0.6104351289634838,0.5530772789017686,0.4989818594177379,0.5094872458634963
R19,2.412101006319463,2.251155997111447,2.0918606228163505,2.0947069360189854,2.075671925174811
R190,2.8384115668547096,2.9072663127034737,2.9686001243182742,3.034994468482742,3.0540391236783777
R1903,0.6650335532093384,0.7166335691528724,0.604701116538836,0.5622952457391645,0.6235563604666315
R1904,0.7457822021804981,0.7547629455331674,0.6761143715089407,0.5810152451404761,0.6162866177188013
R1905,0.8351033698886817,0.7820478876584455,0.6853174806297896,0.5263049212109199,0.5035570894068027
R1908,0.4310260178156767,0.41623931837577505,0.37790316334683377,0.4160540491169381,0.321579844660745
R1909,0.7726560970189889,0.8108404638611885,0.7038804115844408,0.6506148725817018,0.6795674731379209
R191,3.3039356477063357,3.3228256034049704,3.4142014493283983,3.3728306038596845,3.3212275647682543
R1910,0.4583678562131311,0.43345403256698184,0.39489445107817356,0.45936484192838756,0.4798939451473758
R1911,1.2281794528379328,1.229667801813439,1.09139109150728,1.0054268161838786,0.950027596928849
R1913,0.7513301826690286,0.6772108062281331,0.5865721152668588,0.5062138315141886,0.463903529506467
R1915,0.1229527628051791,0.14658543788046827,0.14354467884662667,0.08722927467807506,0.0919637649514244
R1916,0.8791022768933832,0.8188374253338676,0.8002692914015279,0.6820012695834019,0.6986917865078202
R1917,1.0362552887346461,0.9886678450696279,0.8086693011731481,0.8071432215723636,0.8083388237277955
R1918,1.0115255298248285,1.0340869068219147,1.0078486774414608,0.9074024116241132,1.0489381679479102
R1919,0.8470311528899515,0.789143552320747,0.8547842110894216,0.8102364906270599,0.8032055139615946
R192,2.897438236589052,2.830693941726896,2.8854580165557007,2.8056868641201214,2.7620954626462257
R1920,0.4319307642112032,0.41147320390903985,0.42130515389913514,0.36719880451944426,0.42683678438310435
R1921,0.33084469618976237,0.2828498411176011,0.2429089855159339,0.18400419941537305,0.154173693219347
R1923,0.8457960443491743,0.8684095627530357,0.9619097007997417,0.937332878991975,0.8057952143573326
R1924,1.131615228226931,1.0007269961594827,0.9129694765647258,0.8630922921937183,0.8818238551218804
R1925,0.8759425222682509,0.866042459418174,0.772553533942813,0.7695273828432554,0.698532442251822
R1926,0.19023591148142302,0.17486402399857973,0.30592823864609153,0.2203056482841883,0.23874443364558234
R1927,0.5358278514854865,0.41686225317908415,0.3414875674464458,0.3375226615457677,0.29002427284018945
R1928,0.19485455621766332,0.1852796271899007,0.30163140168778624,0.22357110505673766,0.24160590863848624
R1929,1.2850798742944765,1.2570430237107104,1.1282466142191225,1.1247893957186383,1.030626409089585
R193,2.641302642617315,2.739434203352268,2.8142817007326535,2.775948529587249,2.8948562497355024
R1930,0.16710853719809352,0.17526331462218972,0.17694962273726694,0.13360126991699053,0.14673830630105308
R1931,0.7804624958155431,0.7448253499723417,0.6786550753860866,0.5764391969708089,0.5203963689463414
R1932,0.8661530997339166,0.7907471509845957,0.7286356203775782,0.7313921750477798,0.7089369596672853
R1933,0.9096740371259942,0.900887035062047,0.8775886373772203,0.8939591985965107,0.8749691460666406
R1934,0.35683949762427414,0.2850240155135511,0.2517106056245643,0.25283987349160375,0.17726106518147003
R1936,0.7487458916485491,0.6553858187805727,0.631876705693052,0.6053395874249365,0.5685445506617743
R1937,1.393485464238046,1.3053739477083939,1.1081298328897287,1.0266796062743861,0.9741895354535276
R1938,0.5177987868710892,0.5472575304986306,0.4958821234469391,0.450008726594676,0.44471211836760277
R1939,0.9080726631654918,1.019176195439925,1.0261449859476406,0.9972979815873938,1.094780623792784
R194,1.1326994758984823,1.1979177968343009,1.277294440380404,1.1603743413623997,1.1585651115802276
R1940,0.3994764359635229,0.35148555739451354,0.2985696141867463,0.34132821035162525,0.4303993490341505
R1941,1.012108424676856,0.992056065565445,0.8738266313328137,0.8169107780829398,0.7309340506255372
R1942,0.8660622177699202,0.8292940986292121,0.6375805576885378,0.6174819675989955,0.5477111897945869
R1945,0.33125258072204417,0.3423957168915847,0.2848258295270891,0.24767678558013398,0.2512242469842784
R1946,1.929675674928156,1.9539655318870213,1.9477284307011369,1.8468409246899133,1.7159144631944043
R1947,0.8855803710117083,0.7441785993616907,0.7061462643945562,0.6369085880717679,0.6380698983149289
R1948,0.8523841326179266,0.8425988608872585,0.7203935876035715,0.6968983650967282,0.7463467549676759
R1949,0.8367914034057274,0.6942515967597735,0.6494313928643045,0.5890936061998273,0.5819000428179023
R195,2.308237422554051,2.305981252321016,2.400353873232529,2.259379343028287,2.35017125452904
R1950,0.36978872838270693,0.4008652744001561,0.32033805716247715,0.3398285917017925,0.26679934604223887
R1951,0.7864968097445355,0.7562978921619036,0.6249385068299547,0.5439942239864187,0.6093974571316302
R1953,0.8131571990563666,0.7893424684026886,0.657163370534945,0.5725717621752625,0.480012529467012
R1955,0.9256570348846452,0.8731735848518568,0.6656999246426051,0.6321847075129668,0.5698450841505492
R1956,0.6607232542543378,0.6061208729643875,0.5267920334637514,0.43241016409908434,0.4227077281857866
R1957,1.8385004851140927,1.879026173218892,1.8029996301544557,1.7526643506536639,1.7800452966989337
R1959,0.9792968036703004,0.9057500050075447,0.9425407523299211,0.9312900433120921,0.8858663106245688
R196,2.9659905042198966,2.964041129899285,2.9030180918772976,2.9341323333413754,2.9519573482147017
R1960,1.3843797900049397,1.5226164787801337,1.4992188635225665,1.4490795578390152,1.5718511838379567
R1961,1.8609163650165401,1.734991982035284,1.6120746056277269,1.6737717628343287,1.4996489574859362
R1962,1.766593353618515,1.7023966910270125,1.8049049719547927,1.8114434513333013,1.863499910672067
R1963,1.962382300130261,2.125366450847485,2.0957809841673534,2.1369814500177093,2.181443532766352
R1964,1.339839893883663,1.2938484041048703,1.273621282309248,1.2165078179806876,1.1955250892594065
R1966,1.4430086286833876,1.545744738803693,1.561258659738416,1.4655095792862005,1.476489490260639
R1968,0.9292520610363397,0.9184504739611499,0.9047500570837859,0.8871815755883974,0.8521922410475348
R1969,1.1911929801648415,1.2037746699312508,1.1385473736615588,1.0363127601223454,1.1129013153552594
R197,2.1637570649883724,2.2327323690391165,2.1698359605846704,2.276508319232774,2.175581102204493
R1970,1.8411014317363406,1.7889281321910708,1.7971283613031084,1.756458287693601,1.679283702553879
R1971,1.282245003501648,1.2559978113214456,1.2249705968507525,1.218723426815133,1.211551522263029
R1972,1.3947804824347423,1.316520417124242,1.390148563644435,1.3255543338369105,1.3446881322848576
R1973,0.9289059238981766,0.9428328985507262,1.0011832552823001,1.0746934023625325,1.068137674919781
R1974,1.2046748427560712,1.243489654627793,1.2325111875014765,1.1906616423246588,1.2218864465452512
R1975,1.1256625346514124,1.223880131422118,1.0906117891295806,1.1343230168402454,1.2448216034817334
R1976,1.08488553456668,1.1355203388023016,1.2021032204468114,1.1144533073555078,1.145746727947818
R1977,1.6858075942189015,1.652365807950038,1.62498444294644,1.6251966740780404,1.6447556127399365
R1978,0.700242071512567,0.712658217201466,0.7564815364164226,0.7623776902844643,0.8460279033668199
R1979,1.0411295271356822,1.0838197115051564,1.142073432901526,1.1536565372243592,1.1255724966980112
R198,2.559584645538433,2.524863834893607,2.4441649238241574,2.505344561544223,2.363361865254309
R1980,0.795185380146166,0.8537226560013975,0.8178076542943378,0.8436951827300749,0.8551985977164553
R1981,0.9538600701020433,0.9788774693185358,0.9619199869538121,0.8965378253350205,0.8926506337112128
R1982,1.0316725075237765,1.0125094114238258,1.03918559373339,0.9986720647687598,1.0061264133670333
R1983,1.518207808686714,1.4199668825158225,1.5257611640628266,1.372626709094735,1.3993401672693557
R1984,1.5006489306856934,1.4311820285502876,1.2667170948987143,1.26648131830908,1.2568950607866267
R1985,1.099303086915302,1.1489931321575928,1.0736433463302508,0.9940884889220531,1.00088654137698
R1986,1.3209154000914585,1.3552821237772859,1.2866497499291394,1.1125411060647272,1.1630153460792487
R1987,1.4101386824451354,1.4197957508499532,1.3731195169648494,1.3020514897509632,1.389532813318583
R1988,1.5408270004095799,1.4930975738446792,1.5187442595497307,1.4200397431777751,1.437920490588617
R1989,2.1007036510348884,2.209148994930088,2.3079097922940965,2.2630141063732783,2.2210461788078133
R199,2.618799827130573,2.5131373941931185,2.4869554189359864,2.528449336356648,2.502596207377361
R1990,0.9095641642311096,0.8965939775233563,0.9340972053783447,0.9711471217074135,0.9713083728816727
R1991,0.5070720094104446,0.4738900654593188,0.4447807213742034,0.4851662107876027,0.47438105283431165
R1992,0.6973136303590127,0.6840049593928891,0.6448692381145363,0.6738508525390849,0.6605780252930292
R1994,1.924292297938377,1.8062561669233304,1.8476359753302916,1.74968111736823,1.6649390776927944
R1995,0.8174084792478267,0.8853785100335919,0.8598817269258089,0.8171300302636244,0.8549411001111192
R1996,1.9330647154050575,1.9432804387717837,1.87510487284724,1.8923429783475156,1.8546451433104276
R1998,0.8937955062455609,0.8581192919496536,0.8805586044337592,0.8717832185261384,0.8891820513988894
R1999,1.593632762216785,1.606116299395599,1.6494306551533184,1.7696932165925492,1.7873826690158081
R2,0.44248455890266175,0.408886355061406,0.3961634055656622,0.3291827853130872,0.32344640305238814
R20,1.8732366524859962,1.6790580398260306,1.6819028728246557,1.5442423625493704,1.5922330037455934
R200,2.1464493971707985,2.1053388640148922,1.9885430760959966,2.1149001758582546,2.211961337537253
R2000,1.4460319206174168,1.533337755352556,1.4932412301541484,1.4709330190795336,1.6238989323059656
R2001,2.000873267601828,2.1172032645765744,2.1598852494814493,2.1807314538797407,2.291981335292328
R2002,0.9517940037684522,1.0556836785965489,1.0054133563339123,1.0545757457218552,1.0013582233599663
R2003,0.511801411009017,0.4661916510597051,0.3906750482140287,0.38322238258174635,0.32870328896091666
R2004,1.5041343336555164,1.387110250842484,1.3291573713028277,1.3461105622877856,1.1892604434678111
R2006,1.4007269311074482,1.4043300572124826,1.3912491367024176,1.4172654724564901,1.339811302228379
R2007,1.574647368503522,1.6059716368936496,1.6701353001112607,1.572118285353157,1.4825578059472917
R2008,0.7121876083057942,0.6642405321969994,0.6127282340779706,0.6369031099665687,0.5827991182489002
R2009,1.1289959679320507,1.0558914556125032,1.1298614894406789,1.1106389583888323,1.14325218912346
R201,2.992664807449423,2.9318383488298956,3.0241668665191086,2.804879606211303,2.7174632945887933
R2011,0.4265263683937298,0.5113057524217902,0.43366683493614383,0.4632623702582621,0.4717351517757204
R2012,0.3812739478219287,0.3130795560153029,0.2185796565609308,0.21725354991813883,0.16158495593542005
R2013,0.27316280803757176,0.27500325173866524,0.29070055520013804,0.21441738080461376,0.13347115787239758
R2015,0.7890711323614056,0.7640109999494507,0.7457398130156098,0.7723044483282101,0.5533129671985323
R2016,0.5160505922538784,0.5373908683221995,0.5031828679338036,0.47274228615746633,0.42465095945547043
R2019,1.1902636914674576,1.1842341173075164,1.2196840144695917,1.25332431884461,1.0993411547154723
R202,2.512777574083711,2.586180271856425,2.5984564495926263,2.538514283892302,2.6094834369407782
R2020,0.6215177538390964,0.592803132000583,0.48803195984794534,0.48911229604144696,0.5419667986987898
R2021,0.7610779114746745,0.766956861321034,0.6446394204973125,0.5348011932717092,0.5489553197892781
R2023,1.0362387730511093,1.1462235435206838,0.99573295839041,0.9099428600405529,0.8094411273952947
R2024,1.2285943064823164,1.2670910101512627,1.2244380497098621,1.229622023587299,0.9894443729737056
R2026,0.694592700996554,0.691760596159682,0.6264066684542365,0.6104336898797142,0.5532427881191763
R2028,0.6838199577826368,0.6338877209023427,0.5174122299491768,0.4705136347970985,0.4998307435025417
R2029,0.4196082424819957,0.4401653578780385,0.39901343745626666,0.4351280980133717,0.31350431901440884
R203,2.894968268112523,2.914984853999663,2.9275069942065675,2.8728021787826576,2.94968922555069
R2030,0.25149372764540734,0.2859947945705201,0.31312727430242376,0.3995428772974994,0.39271437783206425
R2031,0.6713413332884023,0.639791201485925,0.6535230456531856,0.569706432557993,0.4738590379595409
R2032,0.34789589962941087,0.2972938147234699,0.27428358735184033,0.28209105474835316,0.2359915706561191
R2033,0.5969276447506444,0.6379553985273689,0.5818534205119177,0.5413611999063486,0.4956308028800917
R2034,0.8705374421290919,0.8246302457964044,0.7742606178066552,0.6390910877721643,0.575135357519955
R2035,0.5695657743420189,0.5099007770260989,0.4311322698580177,0.42368558834949543,0.27140107367607985
R2038,0.6581927700519243,0.636132833336241,0.5851023913088845,0.44694061955391606,0.4376251260595918
R204,2.4952239195581756,2.43667484154297,2.3204135475015795,2.5307189271060415,2.5764335290570854
R2041,0.33349796350525035,0.38544637425296546,0.36261107669183307,0.4102349865589704,0.3724756062665005
R2042,0.7784701793742997,0.7036920102485431,0.6746206764866705,0.7580685628892971,0.5815969034768168
R2043,0.6180904593506286,0.610220618213834,0.5629677389499703,0.5383991141830774,0.3986623750301497
R2044,0.5082809573622291,0.43561414057210507,0.31886738248072005,0.29502801684190755,0.24430404780358989
R2047,0.5899984893627419,0.5672087457292331,0.4639062142676071,0.4579627829951041,0.40517493335302984
R2048,0.9021233585127261,0.8954824402220556,0.87952890361303,0.8563225746868817,0.7135217135832607
R205,2.8925184262555717,3.0326749247432816,2.8570552941652894,3.049976708446949,2.9034903763292848
R2050,0.37961437093786166,0.3604291259999694,0.31976043579778635,0.34958027002080994,0.23736592320899283
R2052,0.15423506497058154,0.1703898370633272,0.1800070884996428,0.19271788363341993,0.12147422188650409
R2055,0.47168422822886763,0.4648884672613221,0.4107727634077831,0.457716249411488,0.2983895318259082
R2057,0.40377024973238324,0.3842685891141114,0.37130881611765826,0.41114189817268554,0.2901894981631241
R2058,0.4823958153269779,0.47540113991177446,0.43974415254840526,0.35978182804276887,0.36904585820571545
R2059,1.2273178292344893,1.2077688148297667,1.1751081195097923,1.2068443724068738,1.042854807017578
R206,2.8570280501015857,3.0702982357499806,3.032704827980505,2.927120920991089,2.9698860618528955
R2063,0.21179544090766697,0.15618062593249135,0.14445198526451045,0.11506957822650862,0.14360870469540662
R2064,0.5535106336766676,0.5491372708981572,0.5159404048978751,0.5223232605088362,0.5678193757610733
R2065,0.2370161522908251,0.20630754558743256,0.14227755569870146,0.10390028035998661,0.06531941204865258
R2066,0.8600101446475238,0.8953842433149014,0.9143517184920972,0.8037934462854588,0.7854306186921766
R2067,0.3312591308758177,0.298125746410886,0.2766220385075207,0.19131434345738682,0.20731401471875308
R2068,0.45694756359016897,0.4063431496914201,0.32159275572377655,0.4460803463120254,0.2922786383946451
R207,3.2569807836808335,3.242114452519904,3.1386435559716097,3.253653206814376,3.295586954305206
R2070,0.22668133915374594,0.1918630725693869,0.157940476912178,0.12651824533131903,0.14357901165754022
R2071,0.31127894228773206,0.26188701132416625,0.32098919660052416,0.2524051302126316,0.24011311794296064
R2072,0.5368181483406007,0.5519699183726258,0.5102089548362113,0.5725701179196361,0.36975373040446713
R2073,0.2909417623553198,0.25924547524350855,0.2181554107987743,0.1835021393526421,0.16475531055249762
R2074,0.5246188867829672,0.5644334923602333,0.5151960990441801,0.482392375782979,0.4274197148985265
R2077,0.9273528597801045,0.9645577305821351,0.808137162603189,0.7505577706323404,0.6619895081572189
R2078,0.8158688046501215,0.7416897549081282,0.6502727343696175,0.6379874435072648,0.6275269004219555
R2079,0.8466772502726171,0.8938174377791663,0.8534084469502944,0.9294556047034497,0.7733411256707169
R208,2.7850286902969192,2.759279482372785,2.826542992637088,2.97897867843603,3.041466224419433
R2081,0.1603992856268866,0.20303622753939984,0.1837776111012417,0.2160107181194951,0.15323344597093838
R2083,0.22483996065621106,0.26513770530712366,0.2601801865081446,0.3076437286837249,0.2268748307987042
R2084,0.13205008402026497,0.2004693621868703,0.17242397586385302,0.14093996067148587,0.15660893671226836
R2085,0.6176768129294736,0.6037981941701457,0.5076674148428915,0.49568543179134655,0.43490448977406476
R2088,0.6170602800864139,0.5364446617135842,0.43251371363168706,0.37950072520204703,0.3499659943892869
R2089,0.2387946787984906,0.18816657466909936,0.16388368056219763,0.27101676041243505,0.2463971153851024
R209,2.867624821953828,3.0559586079191354,2.995515451157685,2.985651665943855,3.008289893609661
R2090,0.814203810766447,0.8410157947824465,0.8265899777363744,0.7886245810916676,0.6855229093323787
R2094,0.6845941440212827,0.6712116665861247,0.5363971295686099,0.41983261973489483,0.33774603003011217
R2095,0.5814720815947942,0.5362215590219429,0.4841289681629749,0.47111004010648855,0.3597378201752497
R2096,0.8119912428077204,0.7680149676549007,0.6728656945506478,0.5989096359396566,0.356799849347092
R2097,0.6521718218353858,0.6346861874173052,0.5920276064802737,0.5550331123825596,0.5016876807966419
R2099,0.8232422680179007,0.6831651099886178,0.5322103085569521,0.4536973099497267,0.5384022673811777
R21,1.2542011270213453,1.188870891305475,1.1157933614949855,1.0581953006717915,1.0211506105881796
R210,2.397494707704128,2.501473977982532,2.341886299578203,2.4050493808946176,2.3679388638015118
R2101,1.7073787343307762,1.5963362497554294,1.472408368020494,1.4775238128495944,1.5044825274981988
R2102,1.9483290569775944,2.1287591276056768,2.175716627952427,2.141307966884212,2.2281370838265118
R2103,1.1349224838832466,0.9786280299092058,0.9691215311802639,0.8516063810092848,0.8741496180110091
R2105,0.9702693563667094,0.8631997608910439,0.6816054061774135,0.6441814847794408,0.7042464459884665
R2106,0.37346534662030634,0.3142685388230504,0.29975407968192724,0.3639678794695276,0.36927331972595134
R2109,0.8696421649535211,0.753889843302528,0.7564189299153586,0.7732152772369169,0.7364932704502715
R211,2.732708563516256,2.795284126758182,2.807991803872508,2.801952831888651,2.979848065441166
R2110,2.2897357241941454,2.4366725867854226,2.5580172157894143,2.6853624928238933,2.8106880534732284
R2111,1.3486710562328617,1.411997077714217,1.496123158623376,1.3905753381421104,1.3520655168532894
R2113,1.17480691492519,1.068875685249417,0.9661655526229275,0.8213724758358097,0.8982202878835418
R2114,1.034143607880285,1.0098290122977667,1.033424681275613,1.0473414537735057,0.9961322916023461
R2117,1.9229350329215356,1.9014866330574123,1.9156722926639744,1.8613368516768298,2.019691187397798
R2119,1.978597507446567,1.9789145155547974,1.907261918209566,1.8458206212776047,1.7301481028781804
R212,2.500179755460413,2.560143212553718,2.527794505182464,2.528475242177428,2.6612232475752355
R2120,1.6633240030332237,1.5953196719560212,1.7387351157036224,1.7102065631612287,1.8075215173304584
R2121,1.4242391169253703,1.4656873644258142,1.400732110955867,1.432263666769324,1.4667803276770754
R2122,0.9111621384659663,0.9923224197420875,1.070860559259522,1.0969842443251092,1.1995533226157191
R2123,0.43735034030851105,0.33330089401711027,0.2541660824364021,0.4327132575971263,0.45164973532874486
R2125,1.7529377746309047,1.7389381830739754,1.898948933215352,1.8138250750020692,1.8990271163793033
R2126,2.093137767766028,2.0516668196491374,1.9902652288867821,1.9343871923383194,2.098177393256388
R2127,2.218507073897245,2.2245106068540053,2.061102734148708,1.9110497730825697,1.7483830085748104
R213,2.648354152395811,2.6350991827464294,2.5442786622780647,2.392577472060009,2.305208040143171
R2130,1.5715592602536845,1.6173298156475437,1.7027599618295584,1.5881184943354187,1.733585158749444
R2131,1.1320824914114196,1.150759845494644,1.1925031781566269,0.998163711259449,1.0234603886513867
R2133,0.8667022516129567,0.6788870113397161,0.5215075503754358,0.48523406140044567,0.60301317041442
R2134,1.4746676475475662,1.3859401944114171,1.452635506466344,1.4523295692453697,1.3989988983577148
R2135,1.3135354865382098,1.4269913165064396,1.5188180723897016,1.4852580844728915,1.6257363581913606
R2138,0.6737090471251846,0.544431913629651,0.4489172366917432,0.488235392508411,0.5538061787228771
R2139,1.296102319580358,1.1652686054867694,1.2107454436699676,1.2474404297219355,1.1988037885775864
R214,3.348810022151873,3.5139427989230585,3.5926267087929102,3.5782023558157587,3.627716171604195
R2141,0.5261793743578667,0.4225368107080345,0.4809627391428147,0.4207039100573272,0.5135314242890278
R2144,2.240866629180574,2.1260843522161164,2.1031481960120857,2.211366019220438,1.9248583134094894
R2149,1.1465726286712403,0.9479385887142133,0.9020065892175159,0.8231269306599314,0.8824341436161216
R215,2.794682472821958,2.9852583000834962,2.9398329663519163,2.8235871751536474,2.9147186908126184
R2154,0.34876867386761645,0.29676697383655665,0.28222531862150224,0.2852704799032563,0.29129785906780536
R2155,1.7518656415722167,1.7706165044909394,1.908435681556219,1.7632942569159527,1.8044333588748709
R2156,0.7954976027808001,0.7411117299446065,0.598515602557495,0.5118172251970391,0.5338187126555107
R2157,1.0537385511976465,0.8817493881529231,0.7960312637968483,0.7596991895590008,0.8431339023883101
R216,2.3135401005524314,2.212605605421626,2.1562660693087814,2.1241001233325876,2.141705097137085
R2162,1.9963168610295698,1.924363345653383,1.8979380123921117,1.8320240915510833,1.8289820372088905
R2166,0.7999648200499565,0.8476345745533224,0.8683080756033957,0.7051889806246974,0.8235712506476386
R2167,2.6069147881969075,2.665153843974317,2.701986286998988,2.7023143763818704,2.7221068167935543
R2168,1.6146682422927674,1.5366050790865142,1.5481438943203787,1.5339170389915442,1.4879346977391503
R217,3.066591495364238,3.0076942643634434,2.9821697967663425,2.9359963294946834,2.837504140510869
R2172,1.6605740810619736,1.6191354630243897,1.6936549461573938,1.7696104636666035,1.7924759045523186
R2173,1.1224005742765455,0.9477446745792122,0.7562256391626497,0.6455057461289333,0.7412422018778657
R2174,2.372962748923615,2.224982060314267,2.1495077832703595,2.1983247917226096,1.9513496599609002
R2175,3.16419598505527,3.0691936947065113,3.0673771495656856,2.9724499594015787,2.9769253782128136
R2176,0.6353821748970552,0.46612433055033337,0.37215721739627006,0.3473928845217403,0.36442603337812646
R2177,2.1199148992965893,2.0056638192499676,1.7832913643570603,1.68058231132732,1.6453038318307658
R2178,0.35711022586435964,0.3246932888095376,0.3090122084186403,0.32729203766642084,0.31735950921613687
R2179,0.6118443526381706,0.6477469510319929,0.6417075927754817,0.6776119944905965,0.6967876400198296
R218,2.377251083105341,2.554745926147448,2.405800566251807,2.3739056364543316,2.40415628361809
R2180,2.197528038934182,1.9653892533819906,1.634115415337627,1.58674334291419,1.588423401819147
R2181,2.1119924596383215,2.0730474694504166,2.0790887952183352,2.026055029364097,2.0927368558083135
R2182,2.5854056033655817,2.6134758632791573,2.495301226025857,2.428645893675312,2.4955009839716653
R2183,2.0219419998116854,1.8107641737675537,1.763462930231302,1.6451669023993105,1.7832847337355877
R2184,1.2369532634622404,1.0903971691737684,0.8959244859931595,0.9447780634827545,0.9197773406081988
R2185,1.41840656397849,1.4261666874081045,1.3414825968021113,1.5281136026097202,1.3710690649657702
R2186,3.008618099331386,2.938732498552885,2.9317054220085823,2.9303604369719567,2.850049189082153
R2187,2.728156840967354,2.716683170637276,2.721668813520195,2.72871572514448,2.6406943885293153
R2188,1.9822111435194434,1.8599482915116259,1.7109218392885022,1.6739042796997248,1.587793728919436
R2189,3.3378135571297802,3.2413135613926864,3.2173252498635287,3.1429015921950434,3.163820375410594
R219,2.132791674224538,2.0958945059469025,2.186924546436364,2.173941026466384,2.1757887566491685
R2190,1.4364046443739285,1.3580469393362256,1.16754946780792,1.2804422497764871,1.39366646683912
R2191,1.464921249609793,1.2886926966879555,1.2890481679406696,1.309175879581219,1.2121380535348447
R2192,3.1743352315610536,3.2062341348839603,3.207896709030531,3.159373742845205,3.199251072508864
R2193,3.1252289174947117,3.1557365744716637,3.0012483488069335,3.017987866197155,2.8976968142066335
R2194,0.9695722497350041,1.0533700217409667,0.881871592826508,0.8329261743392165,0.9413548121845248
R2195,0.4997921251011042,0.3886106618687082,0.31610048308538147,0.2862932237997625,0.34208934506193833
R2196,0.9163498750739343,0.7255150153653436,0.6081791331002128,0.5456166766752691,0.549144148185673
R2197,3.000935042766838,2.8752606740334374,2.9471734091832142,2.855037061100374,2.8822903391169636
R2198,1.8967044612683261,1.585324133004196,1.3285440357004301,1.3487477081560608,1.023773841223023
R2199,1.1715207174301772,1.1228113459510773,1.0318563890264325,1.1080737596456067,1.1315282413981467
R220,3.0437921439429036,2.9826630360596607,2.8242061088702997,2.796734133913996,2.658108252241889
R2200,0.6411810272515266,0.6181445564964286,0.6320035223707102,0.6276487949971282,0.6276096001644307
R2201,2.42656338132299,2.4468372747953593,2.3331796648014578,2.2882332842304574,2.2647969928867773
R2202,2.478749080649783,2.477083969208479,2.520196339270074,2.290549663276432,2.220169749147809
R2203,0.7795364808793088,0.6551372981710933,0.594151124950256,0.6814122602250129,0.6159528723292411
R2204,2.1099437721116723,1.9789971133622875,1.9688926133904976,1.9877437652380419,1.8833909253996468
R2205,0.6426114908669557,0.557205804026125,0.5663824554784395,0.5877768659486897,0.6131420607550804
R2206,0.8538607931408265,0.6807171176422495,0.6779444523969774,0.761152345065464,0.7451386318444277
R2207,2.01724357259867,1.9061422157220742,1.83513622481043,1.9241981798156065,1.9258370346883733
R2208,1.251743018735712,1.040974233964343,0.7698630667980114,0.6689457507591368,0.6252743817050592
R2209,2.0523593453004607,2.1158444525301383,2.080755144837309,2.1493169058561192,2.1598481159237255
R221,2.242417806116439,2.149608343656478,2.033463859351895,2.1031017691969045,2.082916759291931
R2210,0.6771941545389507,0.5748353150080312,0.4971818143101047,0.5673014738798453,0.5544866215467709
R2211,0.0,0.0017305402672630034,0.015880251864295796,0.02748505130358888,0.05670064287444076
R2212,0.5751959832414434,0.509517585592973,0.42671080663314204,0.3688232495109551,0.3636664607522081
R2213,0.7341109758941841,0.6468799254975917,0.5100839423800866,0.5013841716780886,0.42669438724769637
R2214,0.8243632924747283,0.738669629468067,0.5861297894515437,0.5565716838664497,0.45706814028171505
R2215,0.07295831733035868,0.013826118502626009,0.039221548735182056,0.04438617892574385,0.060947694079763096
R2217,0.23297231110943534,0.30078262258493693,0.20793871309425052,0.2297504523177369,0.2361664473246955
R2218,0.09748710172248252,0.12833143707428782,0.11250680365926796,0.13262687699700484,0.11004619959386246
R222,2.0050155930750106,1.9940948002368728,2.0284535747943577,1.9892294011640645,1.8811020203250863
R2220,0.7514719017636635,0.660892604827943,0.6136586405284741,0.6007674684611423,0.4515927630208256
R2221,0.6848832199769617,0.6830275001134382,0.7172719302926657,0.7009874738598431,0.5873056660794026
R2222,0.6336344766589014,0.5790924118645688,0.5225752861029129,0.58260297366286,0.3687138286063194
R2224,0.828656618146749,0.8053292116487922,0.8502323737251627,0.6980344547410365,0.6408926452847368
R2225,0.775484403808182,0.7069556096160884,0.6641332014443001,0.4997786782700078,0.5864232725302863
R2226,0.7525188944834497,0.7434727356006888,0.6630806501516161,0.6579414691518811,0.5213453889882405
R2227,0.794968843009345,0.8444581145153928,0.8049268258995534,0.7231104948552823,0.6240858391705774
R2228,0.7182667512606287,0.6882610142550528,0.682456007021872,0.7116243759644673,0.5954296960202327
R2229,0.1103052418798568,0.0565001665639858,0.05063517638141573,0.020834347531362433,0.07203798014508542
R223,2.294199792350911,2.3170448213098878,2.3469906877161555,2.3718860481804116,2.2998805341895276
R2230,0.5367703908306705,0.3849046860646017,0.3594741384679947,0.32492961399220904,0.2494238954899963
R2231,0.10506243025103656,0.10077852144649255,0.08381226588663224,0.03228873539095551,0.0646373799530849
R2232,0.04112578046907373,0.03868266479764361,0.04363676046471024,0.047301433971855426,0.10773461467764776
R2233,0.8521345111521595,0.8297355707390285,0.7648332537271894,0.7640675791290346,0.68933424907027
R2234,0.8851752469646874,0.8871240665983224,0.8324927931803302,0.8561438886137394,0.6782746747971194
R2235,0.5586041867905157,0.5463935086530686,0.44272159416776236,0.38569731194037543,0.31398638811695995
R2236,0.4591691313277756,0.5849419475123353,0.46175556758801783,0.4452475695475746,0.333055916279911
R2237,0.22543795933683436,0.25071008971796155,0.15783259548896225,0.14972680470158156,0.07756127212568957
R2238,0.06899019819242806,0.04515251111535037,0.04269451522134764,0.02402397076906287,0.04424753938256777
R2239,0.06605426149351458,0.016649605470565022,0.050079670947394316,0.03648689035068714,0.05409596648433386
R224,1.9334787134049616,1.9957194714658806,1.9918968513615694,2.1388982314578815,2.0835693128562967
R2240,0.14914007202507137,0.17601885666124467,0.10679683369495502,0.06878049258317859,0.035221584263117604
R2241,0.28188603903480175,0.31724296657391965,0.226388778475818,0.23143743338376283,0.2760877717677542
R2242,0.7054689063504441,0.7454381524242989,0.7080237771822654,0.6419453955306895,0.6219713745631866
R2243,0.7851297217130115,0.8677674835623665,0.7662636755852845,0.8585499650450066,0.6944599899560919
R2244,0.5595845067035803,0.514318723355496,0.4613795542475624,0.42531263007934783,0.49311957976397613
R2247,1.281630908095816,1.3173310955334983,1.2414126025835976,1.3234739765231291,1.0554067801044067
R225,1.5035939577415849,1.3924528455283733,1.4735232244412428,1.3648816816685438,1.2996623258017812
R2250,0.017101809700010857,0.0021716583746045535,0.00651497512381366,0.0062435178269880905,0.013301407544452888
R2251,0.5986141877455327,0.6565476121069233,0.570183980996311,0.6208197607054189,0.4408767660712286
R2252,0.6104696180285414,0.6292920432538959,0.6034505785592056,0.5558869092211922,0.4912972778448766
R2253,1.1723307547293178,1.1760437961098154,1.17608843809327,1.1866514643410508,0.9447914617008348
R2254,0.6587127532073269,0.5785597121674476,0.5330513610468055,0.5082908166081507,0.5231057482717154
R2257,0.12339952653180149,0.1559701482072806,0.07867273809743047,0.09134073303288233,0.13873825280511448
R2259,0.12090702848462154,0.13269421648068755,0.08403970056583547,0.03510088766639048,0.08002735978776435
R226,2.030580880370628,2.0617279577802248,2.0062898108563374,1.929276069704929,2.0613449356893625
R2260,0.6380580978861876,0.6532335545063415,0.6282752131792498,0.7185110603347966,0.6906264820597012
R2263,0.22833339059752641,0.23334436926860147,0.18987136699708554,0.20858282185755908,0.19046459971164337
R2265,0.6369179772395203,0.5969218469213793,0.5768996172154396,0.711568588443,0.752741413431104
R2266,0.5494203343794082,0.4290945244287568,0.42674914753043297,0.4150495444500555,0.36585470552774524
R2267,0.21350091896309978,0.22288665696352847,0.1815203643322772,0.1734608956371157,0.24818535345761003
R2269,0.7047704251891764,0.6994374042204518,0.7291827253162518,0.6716554707357185,0.6196769002513345
R227,2.4808240933017864,2.483494751819843,2.52259607925094,2.4021425192111754,2.355625753330587
R2270,0.19061088020711076,0.21451851282994,0.16339453802345882,0.16129858387446583,0.22266642486355187
R2271,0.7224184891000827,0.7276475780722632,0.7159128697658538,0.7165214937144206,0.5647030206482682
R2272,0.5506070060052705,0.4870847280309891,0.4352486153236341,0.4186553158441235,0.3024704205158285
R2273,0.1904865853289604,0.2089551024108857,0.16002737516957463,0.10613980305879754,0.06307988934984164
R2275,0.5210477330014516,0.43854247797634244,0.4199306787805218,0.3532431461100279,0.35523352190859603
R2278,1.4586233080572568,1.4147788255605447,1.3533263664707365,1.3347047936765415,1.2464948453460742
R2279,1.2520501056337376,1.2891470275637242,1.1539790435893378,1.235679929163616,1.1636410702447813
R228,3.1143827871855834,3.0419121359640413,3.190829836300117,2.9976623556737887,3.0888468588276097
R2280,1.308428178572333,1.2495474091021141,1.1060385365393781,1.1818149821182882,1.1284129294569536
R2281,1.0293568454159123,1.0649703212215702,1.0845395906340929,1.1564288671644705,1.1647438923818676
R2282,0.5326183595334139,0.3620096637362841,0.4435378689323402,0.4931699166722208,0.4901492281106173
R2283,1.5317733601083194,1.3886899474143501,1.4255408370703282,1.258409991594681,1.3031423256634085
R2284,0.9144219929693032,0.9373786414292721,0.8680549350954213,0.7740363284311311,0.7887753930708804
R2285,0.5556103219354513,0.5200504665633408,0.4152085270169056,0.4475217416235968,0.46562501857723687
R2286,2.3581977752083683,2.4578204834219606,2.5900488485731,2.469857125715958,2.4770467954861557
R2287,0.8628048684296369,0.8912902595388321,0.9022002417286222,0.939397303839912,0.8694635743751775
R2288,0.26279856463605944,0.24324244816055965,0.29223957303045844,0.30638521436077293,0.3433781502797534
R2289,0.6160796885914035,0.6556157167269967,0.6191504237819924,0.6995246539196184,0.776811010770317
R229,2.6789660739044954,2.757777061798903,2.7760436802172377,2.7604555641863504,2.8213822985773307
R2290,0.22005131218686966,0.2855140948915858,0.26357823424285187,0.2531877117667768,0.20839129542493123
R2291,1.9604280894378099,1.912310668681559,1.8514629539862,1.7811302914320457,1.6930014355675587
R2292,0.5889699782451657,0.5035196114999579,0.40148265899588426,0.35270085834728476,0.27726738486680536
R2293,0.826686484614108,0.7966776248801283,0.7460647515548684,0.5466829389159192,0.5515087600688446
R2294,1.0004681058812648,0.8259449564195029,0.7953661111514448,0.742166352761162,0.7550133822018166
R2295,1.1963691444512967,1.0515899678012612,1.072319554006338,0.9923908301663559,1.068889625274102
R2296,0.8689992940354858,0.8989856552225063,0.9038625077157613,0.9112853205243183,0.861423587890442
R2297,0.7415690246908608,0.7776773530217723,0.7764973134716177,0.7862621921113602,0.7159480811704684
R2298,0.33604070102689515,0.3419798292164983,0.3660804891648895,0.374606309075441,0.403887386810681
R2299,0.42808872154505184,0.3986948850191649,0.364161805030665,0.36768255541074807,0.4244876657866505
R23,1.5658701489434108,1.3125122171779366,1.0851252957616355,0.9483281730774783,0.8903358283558171
R230,2.0118523254247624,2.0322672007982328,2.0867745033389777,2.0107666250411778,1.9494158383429148
R2300,0.4635763710766888,0.47561665401468295,0.4660208384946583,0.5040202010258826,0.5055764788659525
R2301,1.5309357502267467,1.627591147648849,1.6343033233414372,1.5646062995150858,1.652330554511092
R2302,0.967997732526812,0.9344719795300899,0.8278225042473634,0.8337995515588674,0.9269445086459689
R2303,0.724605055881729,0.7388055395496731,0.7206428125477871,0.7952707364306872,0.741934544711009
R2304,0.2576584533410883,0.3313658305595512,0.21508385798711738,0.29751923325055,0.20225065748971413
R2305,2.2460848832671485,2.3602105022606126,2.4234297094506254,2.3710982791050235,2.3031063381144405
R2306,2.22366004388892,2.378671435628956,2.4251261721322335,2.351735399090773,2.277763940804282
R2307,1.359724931703261,1.3840273331747082,1.4893421442687838,1.3534574757746485,1.3767352014323277
R2308,0.07043431950310386,0.028640914049746287,0.01121757845111849,0.04059818867033805,0.09678350137519172
R2309,0.17320861867912216,0.2398139293442837,0.22546901841429776,0.24818079023275064,0.26747611172774954
R231,3.1943992082137767,3.0710937600556414,3.131874701795926,2.9659533159552183,3.210892986116074
R2310,0.8893684909710725,0.7775863912133207,0.7240301376500206,0.7370956268515005,0.7525496722702144
R2311,1.6177776249695042,1.7036210472273612,1.7193616363899196,1.6909623605376878,1.545015961138368
R2312,1.2288249639551767,1.0186045736831402,0.9388232433301622,0.8334987875383788,0.8420243305209377
R2313,1.1748765338191747,1.041716795566407,1.1245389725536046,1.0568608247720155,1.0638190384170556
R2314,0.9287024597292748,0.8454141154279262,0.8100678966021709,0.7757716981453023,0.7520858249464605
R2315,0.3906615386430571,0.40841499709594326,0.3537679949297282,0.32648622616794976,0.41564777366163314
R2316,0.12524274138254987,0.09841582357271118,0.0676789612837081,0.07984164561872792,0.07956613068348832
R2317,0.7976406777407884,0.8408857172932594,0.9069491737102109,0.9452150849393904,0.8228573746721725
R2318,1.0906310771400107,0.9488397651692893,0.8870729043767965,0.8338728910105525,0.8024302779726522
R2319,0.9961209914998727,0.8938950271995302,0.7578608030471718,0.627170972123793,0.5719485117335968
R232,2.3475131391385786,2.1774111170286874,2.150200853913755,2.1089973999556553,2.0830715321932014
R2320,0.6887131823363587,0.6987739080185534,0.5600736190011453,0.5425375739520042,0.6002227687587672
R2321,1.867653129754271,2.0223511579772846,2.1610429573754826,2.1487843010998025,2.0853198329346
R2322,1.6060590821528686,1.4023349499547801,1.4153000606880801,1.2250958286886928,1.3429029660840601
R2323,1.032739491549989,0.9956814321945083,0.9663270483857511,0.851507963335329,0.8665704030034066
R2324,2.226517527351571,2.382783762300867,2.419600738492056,2.296072920410783,2.103478583779581
R2325,0.669700759924748,0.6626914636948888,0.6716815649838718,0.7388494729741836,0.7208049986569862
R2326,1.1473024488849335,1.1906034655634838,1.255916854030119,1.2075649620337352,1.2532691530434517
R2327,0.3220975489044411,0.31693152264778135,0.33618392127345653,0.3936352259802994,0.3497689459473972
R2328,0.5452964047085405,0.49116646672849507,0.5928420304462318,0.6370940926397614,0.6235580973778354
R2329,1.3285637783325828,1.3029322149456928,1.2669012592848037,1.1213287749995333,1.103334751644195
R233,3.794260089355724,3.7483681329957763,3.7385766869965926,3.7393104353774187,3.6970894292821126
R2330,0.957956269648298,0.8305285301887305,0.9061573131778159,0.8578725833176305,0.8661936922946954
R2331,1.6652654808549685,1.7165010637155307,1.6777754034060364,1.6889321445720984,1.7316444675998657
R2332,1.672130362356911,1.6037342103714647,1.5523990816271815,1.4449204075533748,1.480749000109398
R2333,0.12141143037898254,0.1403092464698941,0.1756357710687648,0.1265510868860325,0.19212208001743816
R2334,0.5307429674158122,0.5790225339089143,0.5459233176077356,0.6041056268299784,0.5846171302286192
R2335,1.1104735778781933,1.0773608781822823,1.2490494906328915,1.1373417487071837,1.1138043692976394
R2336,0.986198266466716,0.9846520495127097,1.146886986400613,1.0419982039891396,1.0304808546565174
R2337,0.9070162757380081,1.0132540160190462,0.9932786147742878,1.0164768938143471,0.9763933116583023
R2338,0.7349597797882866,0.8013467177390059,0.8608157146736496,0.8707957999493623,0.9055844901532433
R2339,1.2490528966602241,1.1863713189564913,1.2219252143867008,1.102086710102205,1.0569535741821658
R234,1.9542705827168227,2.047381314301742,2.02016642671786,2.0499085408780946,1.9616630823322385
R2340,0.8073596180499854,0.8684993120753111,0.895934208873339,0.8864178626847081,0.9285878922851385
R2341,1.6887889363056678,1.7353644726910182,1.653384386362024,1.6306397301235345,1.3132319529608003
R2342,0.7538299156417881,0.702695091566619,0.7941140534956976,0.7456592809150492,0.7214920291677797
R2343,1.1122083762855535,1.035939529883976,1.0839297860540331,1.043635770824733,0.8736463737158205
R2344,1.4470993422992713,1.3281244631310376,1.449101653562736,1.2823264486543662,1.3035256663010986
R2345,1.3793992369463357,1.3578829402108303,1.2886197363069956,1.1340392982605179,1.1378048507006095
R2346,0.7387232079365321,0.7317188770899776,0.6965515790925267,0.6767562973123874,0.6319715007970814
R2347,0.46384983826549986,0.5813301763233885,0.5851205608737018,0.6758715414615448,0.6497339672002664
R2348,0.7203628298298578,0.6667104103724283,0.6903930052396658,0.6624464855338836,0.6314616940909915
R2349,1.3682322281850188,1.3219415024410208,1.2877195181238772,1.0918639458118422,1.0966384922131123
R235,2.3208426155364155,2.38846272304722,2.306343487153878,2.4029646581043083,2.3379825428268513
R2350,1.1679234792477602,1.1482388219252715,1.2349286525358363,1.1772468615404277,1.1624431494146885
R2351,1.8916998724665703,1.8647330753847005,1.9891730820848905,1.936210515601648,1.866159316177181
R2352,1.3018430666389424,1.2764838583661877,1.281736656432523,1.200300004067008,1.1952878258870776
R2353,0.22859186336195705,0.2526161420300739,0.2607380939929963,0.2348054911257107,0.15757274722963377
R2354,1.2021088795004584,1.0035064443054609,1.2099668342008683,1.1262252493541436,1.0727219835626904
R2355,1.5337009181261774,1.4097461191842846,1.431855957991792,1.2997509964967977,1.2817823703260534
R2356,0.8050776403301918,0.8145234966070123,0.7821161821593682,0.7074855355320809,0.7275896705524069
R2357,1.0224602620644072,1.0275857895931038,1.1305773025963546,1.0657621834159487,1.0666882637927813
R2358,1.2099168313512974,1.1109692284325001,1.2252727371320364,1.0424383394487664,1.0021949863224724
R2359,1.4969490622552701,1.5355035095309548,1.5736060735477475,1.459846460704591,1.441395352082162
R236,2.0124822628568393,1.9493544238994804,1.8922552006916065,1.753164414466523,1.8131497972764914
R2360,1.2858097651424665,1.2530276599232426,1.2196554747512904,1.1466391019152988,1.1323054541086548
R2361,1.4269145529533522,1.3931575680607395,1.3520760666394842,1.1615543829900337,1.1856772604716823
R2362,1.2690174517317385,1.1532924395850472,1.2495838394330907,1.110683556675972,1.0721026263865052
R2363,1.5088389552193486,1.5470902535975437,1.5138003843883885,1.514079322688218,1.4195022989334003
R2364,0.9041047916630952,0.9577651003482136,1.060519363482751,0.9879584173928657,0.9779031360222067
R2365,1.0623008608550828,1.038518268252374,1.1521608068263574,1.1577567847390542,1.0905098337161037
R2366,0.824587588221189,0.863253146361681,0.8619237406886656,0.7505124200899415,0.8135317471091135
R2367,0.9120556498533712,0.901555034823599,0.9645112642948469,0.9098655493486636,0.8679706521059622
R2368,1.1193875762525094,1.231322223584941,1.1525472023973762,0.9947055591397618,0.9914561965994461
R2369,0.40500438109614095,0.46637774895579037,0.3888964062677627,0.3873339109476064,0.4172899927351495
R237,2.2996439681577545,2.200857139285468,2.210843111445058,2.4425948958410113,2.4015351099647626
R2370,1.1773701834823866,1.114582979459232,1.2343135787757464,1.1741708033630953,1.1080016835783408
R2371,1.1787555747991463,1.1200808054768263,1.2316568698387804,1.1452626396046244,1.0843554144756211
R2372,0.7700044670341966,0.8317267330020149,0.8566553594500076,0.8832602838729087,0.8933863674697688
R2373,0.2707773759337281,0.3741158154480314,0.3999668266449076,0.435392228871654,0.4777908282167348
R2374,1.2800916726495377,1.3579253377548852,1.2161166729457138,1.2827180240738043,1.140002327988109
R2375,1.35303375344033,1.3630627775499593,1.4221532182817695,1.3215811428794852,1.2590829532770718
R2376,0.8126169550623716,0.8879860915707692,0.9226115853872614,0.9222728184532057,0.9326267797171077
R2377,0.29161992071371223,0.30158734210488203,0.25728547874347296,0.2876753400119356,0.309800512749648
R2378,0.3300102619430669,0.46865368044904215,0.47066896086186,0.5183269114740192,0.48241713365793987
R2379,1.9021407156465513,1.799289398564728,1.7578913661629916,1.7580136382854048,1.6262595401940092
R238,2.7781019989379794,2.7389800947667857,2.7352383460846563,2.7752477708854104,2.735744113963215
R2380,1.357493454389334,1.4177147360139695,1.4688194335228892,1.4797499603903452,1.4388979165591491
R2381,1.1247344110736759,1.2504605021170252,1.264696369551117,1.225536043092533,1.418264095294694
R2382,1.1929281916443384,1.1243403284829543,1.1951480260717056,1.152253767793151,1.099480213147727
R2383,0.6978039078593244,0.718852930607449,0.7841580562463659,0.6416742754087563,0.6947758776104795
R2384,1.1053161309186006,1.0718482646669418,1.071181510838983,1.0094289417191733,1.0716406226871427
R2385,0.937300572526683,0.989556015603967,0.9485986563827529,0.9897142419683473,0.9543215298480728
R2386,0.9250663051656378,0.9936597041168965,1.0905292986585218,1.1331675477764178,1.1856535626651654
R2387,1.5248346415291472,1.5106029228212419,1.5080188280186837,1.415922712400208,1.342143393250394
R2388,1.1394700750182893,1.053416027866587,1.2620307863150213,1.181129494135884,1.003830126662229
R2389,1.2409005115505052,1.1437520805055366,1.346004201925673,1.2596249461624012,1.1797851659289678
R239,3.1507961278436794,3.149053500109284,3.0985141685129447,3.0974624051389146,3.063430403534921
R2390,1.6573760384931129,1.7675993473533198,1.6703985638296777,1.764286041384753,1.623155054828505
R2391,0.5143534288384983,0.5031573121682883,0.4385666104053815,0.3748153245460629,0.2841838662597656
R2392,0.9008365573007052,0.87228658802408,0.8009394161474189,0.9048985189491511,0.8001445538651655
R2393,1.3661886602598885,1.434720519426461,1.3654281961875971,1.3949448650628185,1.1787335323973949
R2394,0.7109382542123744,0.7326908330574805,0.7790004451659077,0.8000159253485495,0.7397173784595723
R2396,0.06697362191726446,0.08497788412939432,0.11367358407858208,0.08340815807324183,0.09408751596059098
R2398,1.039562526386141,0.9755714812708474,0.9218511857168289,0.7337844524459578,0.6939954319266654
R24,0.8181251380068316,0.6915973719340702,0.5488207440726344,0.5277132641036275,0.4701378372097946
R240,2.405705476561211,2.2335251143699506,2.3371976198981215,2.3459690554095802,2.4462225085022085
R2400,1.0111408712342624,0.9167695023502817,0.8249884873677814,0.7664801535693446,0.7180389895169326
R2404,0.945780428276696,0.892655482547928,0.7245634643996476,0.7256439450472105,0.7006655715565994
R2409,0.8367944678262118,0.8111806159892003,0.7839736553738815,0.8128508595661483,0.7084846335590531
R241,2.7817475208558364,2.7961879369030314,2.7119785026764056,2.8320548257127003,2.7604452931286296
R2411,0.034345278905624964,0.07849859352148389,0.1928934347902798,0.1699389888046286,0.16942539887021224
R2412,1.086073865890765,0.9742492422089669,0.8649400124738515,0.6709928925026791,0.671164610156213
R2415,0.95045566528064,0.8393401721960628,0.7306096873402997,0.6452643381853762,0.6463438547440394
R242,3.0412212529063614,2.944625228458023,2.875168392402379,2.8968281030747676,2.94909204996737
R2424,1.2759035200602022,1.1510456512485876,0.9714412017152119,0.9347061727342416,0.9095559869955385
R2425,1.1054126426437858,1.0141072963270723,0.8934643366533508,0.7527041801543732,0.7025820472610653
R2427,2.3145609385694166,2.2218988898865084,2.1236520636743696,1.9693841692330794,1.9924945352348276
R243,2.9597771056879805,3.0814217282446332,3.025004110071829,3.0013497948917323,3.037912055499382
R2432,0.018590125228100197,0.027798298481770397,0.08325201680559809,0.07430039008723496,0.08246283324379576
R244,2.685007344965459,2.6173226562402547,2.5590389401975724,2.5174267027126427,2.4972449696850383
R2440,0.6822594935447551,0.6482177905278685,0.5394696015319037,0.4459394865667082,0.4840265642217145
R2443,0.023893099267282572,0.020209404844297854,0.009640223233062262,0.004411181073415499,0.01710411345144508
R2448,1.1798273141755051,1.0800707889407142,0.9450146974481013,0.6857178544511133,0.7197309825017997
R245,1.6237422813633973,1.5055626664696642,1.4917325882222197,1.5551684758120274,1.4858400986121887
R2452,0.2910185061065674,0.33802971483002614,0.32543636818869587,0.27430885743625055,0.2525087904887316
R2455,1.041724320196477,0.9808475789601648,0.8977689059896572,0.8218630222311939,0.7984326522575486
R2458,0.9387072552364227,0.9132752610217213,0.7593714380435036,0.7133571477215092,0.6578674880360859
R2459,1.02824563164739,0.8941196830424052,0.8604255391290215,0.7029400793532784,0.6911159223358502
R246,2.3733686156694893,2.384911386423965,2.3578629450976094,2.3920772060391626,2.323389142588074
R2466,1.0397366582783838,0.9771053074457414,0.8925418381970998,0.8204287637535539,0.7986416191151545
R2469,0.8171770242306582,0.6886278468266306,0.7007044803203956,0.4632023633763112,0.5455841277681414
R247,2.743550579031359,2.741489250735586,2.766947584548748,2.7882664965123123,2.842132548361139
R2471,1.0511455794644846,0.9835226510830204,0.8601800967206396,0.7731612290503792,0.7082189120441105
R2478,0.21178161065698875,0.2873366690020249,0.3600178403155063,0.34405984235566694,0.33770419551896064
R248,2.4996274811299664,2.4871052716737507,2.5798111814848896,2.6245338847057704,2.4983748760584197
R2480,0.9786782698684162,0.9293500737403281,0.7789438591306419,0.7572730311739599,0.7305037340256342
R2482,1.0407441176748435,0.9413780186671843,0.883621610154818,0.7076377912209173,0.6741567311751425
R2483,1.0139338399618525,0.9199459758364276,0.7834355013240749,0.6848179021853468,0.6887502110506264
R2484,0.891901383179757,0.8390514171139887,0.6843936876269295,0.6601778964065167,0.6577405737169
R2487,0.9199358882893793,0.7935694062842996,0.7636094313697745,0.6401353104502847,0.5772930217169138
R249,2.6817386251654027,2.50265909960108,2.4240470012661275,2.478952535816275,2.6461503450288473
R2490,1.4785232524834147,1.5061741403043518,1.5168309675823108,1.5870584767898337,1.5972796760457808
R2491,2.8122310936151194,2.815549017820198,2.802757073297507,2.771500230883451,2.74506270835856
R2492,0.6674053832251318,0.6856884171924997,0.7203414083866728,0.7122960683069982,0.7616089403936832
R2493,1.460110305078476,1.528479927653102,1.515943212890081,1.5234552887522559,1.5468242614562957
R2494,1.4874902494324709,1.3718868633121264,1.4825506981980707,1.3188865926568427,1.5013404016700187
R2495,2.471720669671269,2.4029131837068904,2.3490432622065986,2.269644107371663,2.230012027603303
R2496,1.3728175027173102,1.4893631863642465,1.5878026046035516,1.5295280322398164,1.381992283607252
R2497,1.1628847903543238,1.1553605079162024,1.2223889326989894,1.265926502528941,1.3513620117238008
R2498,2.6163629764442558,2.6581545731056253,2.6187937636609533,2.691537834704778,2.4864445695430293
R2499,2.6255234088770796,2.6157703394607412,2.848112640426324,2.8628842523804665,2.8011571760092995
R25,1.8983563080042196,2.232711280546616,2.235651988523017,2.1717565659717626,2.126253923002529
R250,3.501525904510615,3.4516070017235396,3.4105073185495893,3.3530823022659657,3.384851785552639
R2500,0.8499385087364731,0.7277756001034186,0.7316239830286836,0.6297767264832906,0.6034390563741934
R2501,1.396362692064083,1.304629758609036,1.3163815698331347,1.1021354449969023,1.1035533170102187
R2502,1.5641815277074675,1.6490115763315094,1.7328206505174248,1.6219416330942702,1.5998092238590191
R2503,2.0897246403014855,1.8728654367100668,1.9100027428989066,1.8534558667332557,2.010175814161978
R2504,2.24795865811558,2.222132476120454,2.3657869837224554,2.1365148128469866,1.9846865778440435
R2505,2.422401032411702,2.3583234737866605,2.483789032996888,2.3021358124914437,2.1924724390128962
R2506,2.4060601535243338,2.239225764692819,2.199498906163267,2.1417942410818887,1.937730222188395
R2507,1.9379354335173986,1.9178184679848393,1.9508913791044653,2.0003777922482766,1.8625599967067397
R2508,0.593705253016253,0.49011212866510384,0.46330295589410986,0.3685035136723876,0.3136222255910439
R2509,1.161129639020638,1.1334363623810593,1.2238678882825351,1.1912284624727583,1.1129958844295396
R251,2.39124035236006,2.415998749460698,2.3844139734747083,2.3808996582252937,2.311360874613185
R2510,1.2255944877792901,1.2565318530009533,1.454002926894558,1.4341540081302862,1.4310830228111877
R2511,2.166383484415462,2.1587382177536023,2.0348786102987915,2.000679958844299,1.9692964273098141
R2512,2.93279007672758,2.970558380555439,2.9956498017448205,2.9096873821644396,2.9051511742310425
R2513,2.4328943374842664,2.479863005667307,2.465503528906618,2.5405474228712834,2.4466125033061363
R2514,2.022442603076674,1.7143126026882467,1.835680596409572,1.815868715985222,1.711353203630472
R2515,1.6462664519524852,1.5352024211466955,1.5504632448542632,1.603219562653832,1.6427397022968928
R2516,1.7761376024317919,1.6165966804693612,1.7665508345419205,1.6548429527326058,1.6040244778584785
R2517,2.5374945441693804,2.2402579997613117,2.253728872140732,2.094016473650867,1.995172031429794
R2518,1.5449636820639636,1.5869794629804044,1.592539001213468,1.5986809254546255,1.6416528378323998
R2519,1.3159765420426552,1.1915991969659807,1.1525136438353027,1.1566915828438453,1.0876979332657861
R252,3.327595736201441,3.3476068410056627,3.368598966858368,3.424987343124862,3.3647667487996324
R2520,2.472900694540569,2.3815548328760583,2.3919727593817433,2.556933926666818,2.4639495619160363
R2521,0.6595362943435962,0.5890239179872833,0.4580048415291599,0.33241036250509187,0.28551183881830183
R2522,2.264062752143354,2.400257822361505,2.377094223029855,2.479024074508892,2.5581868502851917
R2523,0.7644996322938947,0.6875351409058069,0.6497075582832464,0.5910383105546924,0.6087021001530019
R2524,2.93891748077333,2.9839517082495504,2.9140823803665046,2.8953499800064315,2.6805774097937975
R2525,0.28561674055448927,0.3607784212252341,0.3849474447576602,0.4185570544589364,0.49166757041669956
R2526,1.422377180939047,1.2154580241955442,1.0479352107953674,0.92710519827757,0.7428321411152352
R2527,2.0046393885787586,1.8967021102542372,1.85291706485615,1.7759551706634489,1.6440000951458882
R2528,0.943806699666105,0.9143053438908959,0.8886558324677328,0.9393280964253301,0.9306153639005561
R2529,2.647381844988058,2.767301193687504,2.6527310425956956,2.588400969822693,2.6035775856763026
R253,1.9951414010748114,1.8860561686216288,1.9479248612175797,1.975299049915139,2.0739589780411047
R2530,1.6692701013044187,1.5388622693618912,1.5895499229399885,1.6463499818556937,1.6267103400474396
R2531,2.3041725725168676,2.107138524096359,1.9211469063127178,1.8427745871775423,1.8275773045597323
R2532,2.2155186656108445,2.327277205368207,2.1955821533938287,2.167950554622061,2.24647028337933
R2533,2.1827271906136745,2.2752085581508075,2.1609071477053767,2.084785387531613,2.0284623292921804
R2534,1.706564929592152,1.5536150115714393,1.5580883065063245,1.4624891051066118,1.4853015221415886
R2535,0.8178470077079562,0.8425331079745267,0.8642841893032952,0.8000749058864707,0.7781193474098878
R2536,1.592002027518157,1.5882954076262141,1.4280363218402663,1.5064437780755462,1.5613529322871489
R2537,1.7375432367373647,1.5882597338439541,1.5680882774140157,1.5403692153782078,1.4708995211106064
R2539,2.385501534587264,2.3580604275110777,2.373210726549251,2.3069802027084587,2.243423799851243
R254,1.7861877299225233,1.7624541789889567,1.6906401649636145,1.5809422942485896,1.4616944131776615
R2540,1.3682044869112666,1.4644014926780375,1.5505415582069182,1.8445397576399574,2.0235244725884063
R2541,1.9941936778647482,1.9557709071140772,1.8297393275852856,1.795220218714411,1.5997233041621084
R2542,1.4176704735859853,1.3531044261703202,1.4299269741306322,1.5849544407130958,1.548398893133598
R2543,2.369007148676021,2.454889912852111,2.440173435121441,2.2582657933420265,2.2834639734233013
R2544,2.5084759758890685,2.568687149538109,2.5742860102995984,2.5733141737871557,2.4343216336362374
R2545,2.802648191914249,2.8142376810235024,2.7999862020248703,2.7459573582046284,2.7996504003462865
R2546,2.466369335029912,2.3764931293205525,2.304370264063253,2.1630780097129114,2.208010827113974
R2547,2.2797028328567754,2.2676712997769006,2.3914171167648384,2.499574143233606,2.513467477956142
R2548,2.285017425199013,2.1839145427525106,2.269383754894256,2.2639688216862135,2.141277295672136
R2549,1.6756604062021994,1.8083603466923874,1.7453438751685304,1.6647150305513578,1.8980831738353428
R255,1.976464272744339,2.06233465583622,2.0115126430148234,1.9519126707044334,1.9295277577086174
R2551,2.0890688230171204,2.2033990709528872,2.2528809281845663,2.1994734120296373,2.29349802468662
R2552,2.3604725887407527,2.3461639423588942,2.3034143576621786,2.1334653792982765,2.083713230928159
R2553,1.972151179164167,1.8076351637587662,1.8790910501278473,1.7621455001877833,1.7732867703654054
R2554,2.3935279500076403,2.3753869380660153,2.263126023646305,2.20131221389883,2.2623696279710006
R2555,0.85522937349499,0.7869553587343,0.949650127524693,0.9761619344081093,0.9015805419068491
R2556,1.5370480198357057,1.4459713794077866,1.4473635751617877,1.5202747205543852,1.4889420321406042
R2557,2.1822009671813127,2.2076169377288286,2.318907116700132,2.3951304891570393,2.5105868686862767
R2558,2.168006293392014,1.9909530185777655,2.2129592242552865,2.207849606409411,2.154775893397967
R2559,2.646621407922998,2.507127005554628,2.43941326120376,2.2606325207916305,2.0011595553309722
R256,3.089204789123336,3.007673192490777,2.9847844533670664,2.934032635801665,2.7439288367696646
R2560,1.9212072660891546,2.0156240417459745,2.1198108660575534,2.1078112188226585,2.1310049942338147
R2561,1.7549248635109544,1.7491728509745517,1.8477864312295498,1.854715999897337,1.7813706924906294
R2562,2.442182758570078,2.207527789629066,2.2288544990649837,2.0541458971799593,2.012747131774272
R2563,1.0232048033311332,1.0751122004130127,1.176187404568011,1.1872031389032198,1.295179078771499
R2564,1.3067884175030902,1.1421361443845446,1.1827643872556024,1.1555999630292062,1.0917605181580257
R2565,1.248979301955581,1.028857110952773,1.0217135058931126,0.9539287878201266,0.9129735832565815
R2566,2.3052655059909255,2.250658932486221,2.2782027376747385,2.061745623279312,2.0124988279843836
R2567,1.444031876576375,1.366190158814966,1.3865745755717434,1.3663863376101655,1.374868759393376
R2568,1.1495333557230414,1.0971479711622159,1.0737280032659864,1.0269047337050652,1.051553803456886
R2569,0.5874611143345724,0.5388800841259488,0.4738211627417026,0.35506322566640774,0.34280791101620156
R257,1.2532930484875004,1.3499406661650732,1.3203972778589248,1.3016531517901164,1.249501558718193
R2570,1.8488258308316985,1.7700197312461132,1.8035359376714,1.8413810549118506,1.8231871669667654
R2571,2.2466928056509516,2.2974096045325694,2.3777801381420054,2.353162925842948,2.376726685084802
R2572,2.1696258228597234,2.170035921430958,2.138847405926502,2.0162938771682466,2.101744575506853
R2573,0.27378009916058066,0.2339424102397786,0.21910695719401596,0.14138704142145134,0.19380034217978706
R2574,2.3659442994584032,2.1166581914819176,2.078818950045456,2.1163902859822232,2.299290768282422
R2575,1.4827930472397566,1.3704022647407739,1.2199996791412,1.233463717652422,1.1075222172803707
R2576,1.7462182805326933,1.5489552807345848,1.5585381494727837,1.3544514753903907,1.3396834470188126
R2577,1.8010817801974244,1.9173411539554372,2.0374950687665723,2.2101385855807343,2.1873573359291427
R2578,1.277052627189882,1.1015699315832903,1.2026768516108366,1.1694212244544486,1.0456229365715168
R2579,2.478862111451721,2.3880244171543743,2.4803126026602156,2.425796496454637,2.578659422799113
R258,2.0245719272703426,2.0703768725642466,2.0637159261265166,2.146909768663915,1.9826554270127639
R2581,1.6313455931920433,1.3544354526234457,1.3718339803837352,1.41296082521471,1.4302940993497955
R2582,0.7521361709956141,0.6914707931970427,0.6858319568861301,0.6532082435371384,0.7076853956206224
R2583,1.7000340544804202,1.4658855857294244,1.5825485527784513,1.537088705190561,1.4235700293956501
R2584,2.738212380984187,2.766216198954393,2.7495176307588993,2.5532222813524186,2.5084222425791447
R2585,1.975124040287887,1.8947130560787584,1.9663297878211397,2.001315052580029,2.006716940602975
R2586,1.6905626209707985,1.5769325230354307,1.5781472702014665,1.5593557613999958,1.56757584428933
R2587,2.2468027576285485,2.2041953493835384,2.170726531646354,2.204188145377776,2.15662824320225
R2588,1.6509964817808012,1.640526214568825,1.699118837242913,1.788609326370742,1.8310940670797762
R2589,0.5439585375315349,0.5002102581158315,0.45004222497909874,0.37183919506263957,0.32971388161167514
R259,3.3289599552340343,3.355139963118259,3.4345811515921234,3.1636635021777395,3.1785329731024023
R2590,0.8916874525315804,0.736619585901421,0.6698906182661368,0.6448530744252445,0.6684982090857612
R2591,0.5953141271618184,0.4642617275546523,0.4752458923064817,0.35564117237820875,0.31468850230479994
R2592,2.4414160890670806,2.387959288870422,2.431143450384617,2.511899027472287,2.469712942419237
R2593,1.6317947075172585,1.4120512396773717,1.4147475038204467,1.2629155702118344,1.2700120217540503
R2594,1.2468305183594393,1.3318175963735306,1.2895329421982826,1.170295117512213,1.2454432857035156
R2595,2.386391791257079,2.0439867678121693,2.0398184745400747,2.2651668638410984,2.3265094479585424
R2596,1.208800776640481,1.0744333268823667,0.8657313189425138,0.7131270129424435,0.6603398788534939
R2597,2.542015308121568,2.4323983095212176,2.5994115894038345,2.5417888053995843,2.583158291504335
R2598,1.71060872576149,1.6431328077798444,1.5361271594718924,1.5560520343422926,1.6101388304866948
R2599,2.4541762737785358,2.3369075019896184,2.2886071210927863,2.2126200833749543,2.2210723342723573
R26,1.1847996695007417,1.1987141515776927,0.9912714096620563,0.8707731138752706,0.8212279658900912
R260,2.2112499019767347,2.3612536669477686,2.2364703346314188,2.1804570202475535,2.2662173911149375
R2600,1.663962095264095,1.5493529062585258,1.4644450262570299,1.4319519873955302,1.4648591613705686
R2601,0.7887116805198306,0.656695451420988,0.6688743266741284,0.623301338593392,0.5585941221649892
R2602,1.198700728983855,1.2482150018177394,1.2341835777377983,1.2834608129521055,1.3497165830139957
R2603,0.9058696442711757,0.7836960078119487,0.9462290532862839,1.0076543224653496,0.8535312539543809
R2604,2.312406300982819,2.362575114143784,2.4086119691458294,2.424279946943952,2.3957960899839796
R2605,1.7477987729176345,1.6866294678871754,1.6062647519123074,1.5533790016116287,1.3602406624801087
R2606,2.3291680674839825,2.229867758437437,2.2573187342328502,2.4270646777735756,2.387208442834855
R2607,1.4953913298334345,1.2805795236540125,1.4039828937995393,1.4449522227640588,1.3938150244762821
R2608,1.0936485877953597,0.997449250058061,0.9787456404450392,0.8703850442021719,1.0971696191891445
R2609,0.949711719246362,1.000166152573119,0.9953151757079445,0.86250717409258,0.9117544555176674
R261,2.7747063313020717,2.743646913824556,2.659973053072184,2.632627511429357,2.6001308639862915
R2611,1.7872314783813659,1.7572333799902244,1.743457585723219,1.7661272801371792,1.7237255145058785
R2612,0.29012141994164764,0.31195501899800354,0.27913175799950934,0.17294258083332967,0.15476915834469948
R2613,2.1199640822343255,2.0880645591300904,2.0624591778687282,2.0182888168426176,2.091466175974256
R2614,1.087003669456772,1.0055919170658028,1.123105397220412,1.0824673908890785,1.0530324974857863
R2615,1.6691024338353029,1.3899160351937057,1.3533498242591435,1.3576673477177026,1.3605230286208039
R2616,1.9411676187662663,1.7687829711092828,1.7442455901077636,1.589034835142988,1.6405335826954537
R2617,1.6655755668021295,1.6901207473534803,1.7142127278703014,1.675570671560778,1.6758545286391262
R2618,1.256504952760076,1.1797656386621704,0.9664306124607089,0.8516520739202742,0.8968319968211578
R2619,2.0349074754888514,2.0648612851372707,1.9593912215904505,2.0320657268545124,2.0494645063360446
R262,2.71673518864178,2.7420241732663224,2.7343964649056174,2.887572278331861,2.8089824706574382
R2620,1.455645292707363,1.2078164544081216,1.1350167508920348,1.258544682542177,1.0181539753452027
R2621,2.131964314625893,2.031234539846481,2.096452192803451,2.3018912994088074,2.3646346641172653
R2622,2.083663713516254,1.9615236620030874,1.997171646125111,2.048579690930796,1.9984698906471796
R2623,1.7485385259061672,1.6179874067529953,1.824092738121579,1.6546964835161477,1.8772246898030815
R2624,2.04686951342326,1.956128288262772,1.9908615575510356,1.9024022488247012,1.8009218246777625
R2625,1.952244156765992,1.9953375490540677,2.1678399842481224,2.038567735737444,2.1509798144768584
R2626,1.7346847851693536,1.8610341123890106,1.8517089406941623,1.7204732872600896,1.8070235981687426
R2627,1.6310347382312897,1.6035924078660355,1.7062102837912183,1.7364086491105994,1.8152785854804976
R2628,1.2517112291472734,1.2443549829308451,1.3570567259957795,1.1889178013423445,1.3231939821713157
R2629,2.5186490873851235,2.448891872750653,2.620501741117897,2.5676655151540544,2.6026640176111226
R263,2.1607794145823442,2.207894479270067,2.1024618605566205,2.028363277156043,2.1550167293422207
R2630,1.873787770352959,1.7215250727938987,1.7673966518517634,1.7550170398830611,1.891102426118447
R2631,2.333902443399021,2.295493161029033,2.404350804238551,2.3087008853363846,2.4156491844816697
R2632,0.5273346466844033,0.41139870930960776,0.4556920866804704,0.3786456851997938,0.36532397147230017
R2633,2.423576768671208,2.220316831913157,2.191021958884291,2.0977935900333047,2.1323986338359378
R2634,2.0999887176917014,1.8831872091632553,1.8796028980958601,1.712315721263212,1.7107459141853665
R2635,0.3111834607152886,0.3818587383184293,0.5375160309800785,0.5389960318127157,0.5233462050898441
R2636,2.017143853591673,2.0251413608874165,1.9513459634327102,2.007449987488287,1.8665155761795404
R2637,2.3312440523963054,2.3528495782532657,2.176495922297206,1.8986860344408008,1.9552544949240147
R2638,1.2065661688422276,1.1008662872626873,1.2759845978453288,1.3711034202411603,1.330585022011268
R2639,2.5439605711106204,2.379006433323046,2.4202790437974855,2.2506289302224842,2.2817894503082186
R264,2.126597317175506,2.0942722418239246,2.161220002932461,2.077868564891901,2.119392830130359
R2640,2.4434591618596415,2.4876450215739165,2.3829709999713526,2.3124412836569608,2.311383688798501
R2641,2.4900379093355163,2.507821256206273,2.444231515346038,2.293959836565393,2.3055869709847743
R2642,1.397553532636931,1.2520777452495018,1.1264974288520273,0.9937435546444123,1.05582068780321
R2643,2.4596600996630436,2.298447288829299,2.145816677301429,2.065310339561832,2.066151776852791
R2644,1.9130782328856473,1.7353798605802857,1.7480755866486206,1.7144218635577262,1.7764902531600923
R2645,1.3846556584828387,1.206687674374774,1.4618347669875174,1.4752782048676307,1.4891324781316413
R2646,0.9256531491673393,0.8125204467996519,0.7905800648634409,0.7140394694523176,0.6720089191122012
R2647,0.6649570331368261,0.6123105724432992,0.5648646652971092,0.6823859884901171,0.6615780243920283
R2648,1.2579048060335736,1.239196515236417,1.3245882962617221,1.2224531967515473,1.4279248920823853
R2649,2.0013040710243835,1.936805206173464,2.213603332866247,2.3374022848500657,2.366364914229918
R265,2.1039409545002887,2.041613847396734,1.942606032202531,1.8111244128352897,1.8368490884987165
R2650,1.1630370051860672,1.1136252580337311,1.180893439856515,1.2494816838891067,1.2855409479756001
R2651,1.6577456649973688,1.5904203436295807,1.7860784455082785,1.752201558204655,1.664149457583339
R2652,2.349298701445432,2.257585859292816,2.2461787243926774,2.2170783394370974,2.2105922461231784
R2653,1.5698425629235733,1.5044758726394678,1.48233689649211,1.5115788793214073,1.442782800795934
R2654,2.3106803651022054,2.1698437026575745,2.2184397102455535,2.340431863928987,2.4016179861544806
R2655,1.8357165229518153,1.8740331414345517,1.9065115243719952,1.7922710166175946,1.7785833412671002
R2656,1.8118639629233424,1.7851784828551156,1.6802593436234354,1.6932404931895202,1.7962298826626675
R2657,1.8472517448389623,1.7439611028606905,1.7096222651796742,1.5391169143111345,1.482381979178176
R2658,1.588125463586019,1.4891151325643683,1.5331205597378923,1.5594292833928634,1.64810539924523
R2659,1.1764500315390187,1.1000843904595734,1.0640380160242244,0.9745868371676931,0.9158943751313071
R266,2.5525863531624977,2.4734006565569433,2.5722011614755433,2.649513549973019,2.5627200514135304
R2660,2.501308348174375,2.4061323632427696,2.4671165884112556,2.5515996072735234,2.503587146312081
R2661,0.4417620196999643,0.43164382138358265,0.3892281626093797,0.4593419238691058,0.4440888839917769
R2662,1.3691172227382349,1.18502833785641,1.0322337818408513,0.9348161319137671,1.0184517049301587
R2663,0.1424098111548753,0.07349765746850427,0.07272748960391341,0.07003487009082503,0.08051182747868035
R2664,1.9107144035196832,1.7132822643583663,1.6830276429766835,1.6411701597514128,1.5931414196620788
R2666,0.9973330548396339,0.82605786984386,0.8274562310024659,0.7773741854269682,0.6407974139100517
R2667,1.3465231725315083,1.5260728780612751,1.531143465610815,1.3866471647763994,1.385844457932262
R2668,1.8012671176668318,1.6635554016814538,1.5718635898519173,1.6560109393017843,1.5155256755579218
R2669,2.024645298299713,1.9576526310908513,1.9305311175459001,1.8286296648628177,1.7480416150144107
R267,2.5617128340434117,2.6851555301798298,2.7613082039382553,2.7090300533195935,2.8090886804023008
R2670,0.09823795336724446,0.09661020739960481,0.13077231884883309,0.12786899260306442,0.16798896729381194
R2671,1.2511796105011368,1.1185485841547012,1.0736698289977862,1.116248619272774,1.1242063985853796
R2672,0.32812539221249315,0.22236528696603605,0.24775819867042162,0.12361600630249381,0.10878709879850054
R2673,2.007283039865753,1.8020142900264822,1.8249302081195444,1.5157796674861677,1.4560447850542144
R2674,2.3158555461177017,2.3075913133305135,2.2847172252834067,2.1686884101794885,2.057926333374338
R2675,1.8822198568899084,1.8493118273396405,1.9202065595392002,2.01463824180258,1.973427225819782
R2676,1.1024626863527296,1.1387238470807346,1.2493650514305337,1.1258257088790218,1.1150120337827047
R2677,2.8864961759026997,2.9089984775595585,2.7665627855205805,2.6391239083481723,2.602259618950628
R2678,1.877152959289875,1.8721650817317086,1.8112486315558183,1.7333370682474318,1.9434445540975218
R2679,1.5182375228733194,1.3838161691749815,1.3019085688691705,1.1056687767994493,0.9075675379897833
R268,1.4917138832909833,1.3594067158870573,1.3537252233859154,1.3096294459446007,1.2687002545728907
R2680,2.0683440147374648,2.1737035193364824,2.0312943407809825,2.0695031270075135,2.16907104170424
R2681,2.165439714510032,2.2067319834787114,2.0560475642656395,1.9855248365916551,1.7984515355769262
R2682,1.6913857736738358,1.71913080004609,1.805769895495626,1.6730675347420392,1.720746279121634
R2684,2.01259176263644,2.139165015118747,1.9826881452344558,2.075417769471946,1.8181212094261205
R2685,1.4981412656545465,1.4038354710200767,1.5621724362440204,1.513094883493773,1.4563621497963932
R2686,2.273339844734474,2.237301723847436,2.040166540964026,1.8677433574507827,1.8075443869152228
R2687,1.4524119458013132,1.3393554644876156,1.1727441893168322,1.2481739120469115,1.1026964904450063
R2688,1.021089092824774,1.041085644193919,1.0409412043285027,1.1240165554095898,1.0607778012167257
R2689,1.1825740202087796,1.1084754451181187,1.1117785409683578,1.1010441423441049,1.1098210402411695
R269,3.3130685563082416,3.3614085221883854,3.4113314005783724,3.36176777029849,3.3656776694636754
R2690,1.3793291227120341,1.2981858180428598,1.3202264068474598,1.1994671705181226,1.1757384281181729
R2693,0.5881488908335623,0.5608924452150157,0.6660398095375278,0.676758650819451,0.7138355260435629
R2694,1.5640288596389877,1.638833780119604,1.7178914118979296,1.7274568406127966,1.7257621604084386
R2695,1.150798696435266,0.9778678891619451,0.9078254580851624,0.9039213260025482,0.7640626597965213
R2696,1.4868342694122263,1.4737086526272472,1.4546784739999532,1.5254455173960393,1.591448609189102
R2697,1.6836117823773173,1.5566842126820546,1.4774623807475855,1.4851963154729877,1.52323887357732
R2698,1.8840433792450053,1.6473966360156012,1.6460296470105908,1.4203585760053348,1.2437759811365507
R2699,0.022157868605726563,0.011052177096436806,0.024220156690016544,0.010009987820442863,0.003732537831351576
R27,0.7242603490880727,0.7029143809341836,0.5708350251334572,0.5385523512038916,0.5554400641958795
R270,3.0931932059266427,3.0661768581931987,2.9082023459374446,2.950615856113294,2.9667384985688616
R2700,2.3460867176053988,2.3312543497687632,2.2844809099341377,2.02577029143452,2.0830936608103445
R2701,1.1413256331431234,1.058916813253462,0.969995244605317,0.9643680934230437,1.1525365103038485
R2702,1.6657898598319472,1.6457367255437558,1.6669859533112366,1.5678842308584133,1.7274260295171135
R2703,1.0618013808139102,1.066617155830875,1.2193453562569536,1.2958382137903262,1.222928551717958
R2704,1.5761778856001176,1.4959259573621082,1.5132236491240236,1.4868006052449543,1.5193185759356826
R2705,1.086968470378535,0.9762041585518908,1.10486144271639,1.1816710874526926,1.116105827194699
R2706,1.8367776315202857,1.7148080399546777,1.7753922613701552,1.6788274953680447,1.814973504181
R2707,2.0894284755431967,2.018798201612659,2.0229396393096817,1.889063220553626,1.880830501396374
R2708,2.4930322668301748,2.442120110103932,2.52427687496856,2.5752973923232467,2.6497937783875014
R2709,2.3014477291833844,2.104155359367743,2.1400559864414452,1.9698243974867822,2.0381767582858012
R271,3.112470502795631,3.1534120807914947,3.042104080510156,3.0199715840207735,2.9533051662406167
R2710,1.9704747925501416,1.816805282092638,1.7702348106018506,1.6365945835850455,1.6949212868296608
R2711,1.919848068324059,1.9368415464803368,2.013887171399246,1.9876016961227672,1.9594198277880894
R2712,2.324716986342893,2.476038437579894,2.421210931075242,2.5476391194095998,2.5385375738203804
R2713,1.5140563589243914,1.4188896049258632,1.5814648516224583,1.5744152607423536,1.4977759561523023
R2714,0.627463147983303,0.515082119872936,0.46557478464271695,0.44838098928320014,0.5185193437430268
R2715,2.208608896013398,1.9778506010042682,1.7750167767204852,1.7239264318236418,1.775192773842904
R2716,2.55273866148081,2.4086805605877952,2.454000294660937,2.147532527019981,2.0251801571210835
R2717,0.6078869420058547,0.4673759389511795,0.44329933018853634,0.39496048334262357,0.3154495963380681
R2718,0.25122787082839215,0.14335852649288364,0.13476925946388918,0.10610400296579521,0.09904097472789984
R2719,0.6816011025405192,0.6760933542739807,0.6413660982495877,0.7086347526296659,0.7283441327869645
R272,1.4302300171459268,1.2686015682116107,1.314761698620078,1.3274746882645023,1.289355923648535
R2720,2.1347876644109474,2.0211564938037623,1.9816507247775987,2.056708548933548,2.010278482497106
R2721,2.0112090554229516,1.738924115422811,1.8238394961633646,1.7535975879467276,1.7825435105841954
R2722,2.1000101669731097,2.185115897794405,2.3905124403111153,2.406284011615153,2.479748408445967
R2723,1.3879350537565884,1.500049230965009,1.3987840932292464,1.332032442012846,1.3356033422587859
R2724,0.7883320490137048,0.7577099787415817,0.6888448671020406,0.6059551144910119,0.5796186861259246
R2725,0.7188480302492468,0.6734270039632733,0.6694909298744879,0.6558692018887888,0.694710402248984
R2726,1.1912922175428844,1.1399080872940588,1.1075186121612708,1.1464004331282152,0.9952131049943652
R2727,2.118810157430119,2.1640099371552686,2.254582777077539,2.2996988316164235,2.140874793057761
R2728,0.6280703306459722,0.5552644791761069,0.5220387972912738,0.44118953419653056,0.39731368834088493
R2729,1.5542245107620405,1.4223057634327234,1.5975426863117226,1.6170957872567508,1.6640310253351884
R273,2.6019155641392295,2.646472354322275,2.6176613123754144,2.569411333204181,2.4812646587996317
R2730,1.0724186286485016,0.9492334343416279,1.0459921918994686,1.1177142418018404,1.0665237693270686
R2731,2.401187338542874,2.2810780680696703,2.378552952136316,2.5603555752590075,2.5706271689693763
R2732,1.5974311886895165,1.4260279921192334,1.4448809915383798,1.4127883618846016,1.455767529512628
R2733,1.8676115413884082,1.7605856151511337,1.734789427109828,1.5635752804644838,1.664583278890842
R2734,2.545790362259542,2.766775761774761,2.966370113012249,2.9366387899720556,2.938545755322476
R2735,2.415661002568985,2.3872094137101865,2.375925358379421,2.137164339523994,1.8774548391937516
R2736,1.97324876065194,1.8378191719648658,1.840692142689545,1.7328949266352827,1.8155231144904753
R2737,2.6455059711930278,2.694895430454807,2.536454736688793,2.4722364052955683,2.3409532655318652
R2739,0.932363363303961,0.7901173437412226,0.6969089403666696,0.6038116988936655,0.49829073873104945
R274,2.506126517140002,2.4369739951014964,2.3042976748585975,2.2893096615793813,2.297052879174844
R2740,2.5653398539305114,2.5141284259219154,2.4087748317515416,2.318452471432494,2.3717246875922418
R2741,1.8237333404329645,1.6596637767167934,1.6310544967907843,1.5066102385291813,1.37049888380239
R2742,1.3618948801738928,1.3172774126370732,1.3681256735785907,1.4578993951559889,1.4784253699681296
R2743,1.6513492027971521,1.6240999031534458,1.7787816685221554,1.6882213315628813,1.7922747907050123
R2744,3.1868674447726515,3.2333744084133498,3.1669989339934768,3.1742645453274476,3.14089415925258
R2745,3.0474487997648882,3.0517330343874383,3.0477200624711522,3.0131978782384023,3.005912916569622
R2746,3.0169222522685484,2.9771118943054846,3.0270969786585233,2.8781803094446796,2.7282953091184865
R2747,1.5910086821698997,1.613209146164961,1.6451228757652276,1.4880610943504917,1.486793127704416
R2748,2.5789849963545493,2.6136742854057675,2.511175695572733,2.38984366163332,2.4243179918226008
R2749,2.5222416003408443,2.591742566904536,2.538919825858911,2.5447530616039917,2.4460830611658264
R275,2.931175469500855,2.953464841300571,2.864370320422186,2.9311850162107884,2.945774529485772
R2750,3.3916740351016106,3.412966106724952,3.452880904420504,3.4400746848449644,3.433696935539656
R2751,2.0009765439459013,2.023117168226847,2.0130429108139016,2.076931823237483,1.982907108784014
R2752,3.3449094300940074,3.335134708495781,3.3031209863537407,3.1908096300438316,3.328510765427071
R2753,2.5585557455167294,2.6075517565114703,2.6694471121694106,2.6910893643981497,2.7718692147541053
R2754,3.5181856079156253,3.576758946734241,3.579566653792567,3.549427195399089,3.4650060715704702
R2755,2.681759989270159,2.6743283880316175,2.6909533829897536,2.673328067200322,2.6713765032165155
R2756,1.2914714755393486,1.4499306055492742,1.453294209369474,1.4515027581012634,1.628733127639501
R2757,1.4083334727239314,1.4252411343647708,1.5797679492077292,1.5921848775523346,1.6481168406162967
R2758,2.9685965503613634,2.955162364189122,2.7931864571167972,2.6936078641764043,2.813493288331172
R2759,3.283212466785475,3.2546848941208237,3.23010298858268,3.149687147919413,3.0951888214742835
R276,2.6275015181990478,2.642637481937472,2.5908920662638297,2.602588006798039,2.6710457525826334
R2760,2.1334843266020984,1.9830080451938883,1.9911179967499113,1.8973805595982318,1.7745001325452332
R2761,2.5044096335292454,2.386021062303802,2.4305065097697787,2.377386324238608,2.298976796756454
R2762,3.6354905596992615,3.6146307118018326,3.6400429733562816,3.5829744428277697,3.6494581802345585
R2763,3.6927081202837306,3.7567753960786687,3.7586790887066788,3.704400227868609,3.6377370184090037
R2764,3.5047065966647515,3.525220687602732,3.5049043934700883,3.4019198327513576,3.384182158570791
R2765,2.688739542090204,2.630545453352511,2.57363367902552,2.6167804258297904,2.7141636009571757
R2766,3.5181668925969922,3.5070444616942686,3.5552972669298595,3.388585432757943,3.3442272689869745
R2767,3.7579167528255257,3.8346477511199915,3.6238440562477567,3.625265962725899,3.5230050476060977
R2768,1.8457539397316203,1.858144496553834,1.7269639773432337,1.823449363553309,1.7674869668024062
R2769,2.4249136965505675,2.3776914920997436,2.380424418905232,2.421070122989911,2.2997791282693285
R277,2.0093398995035243,2.0969737363674152,2.0780197181317153,2.1174782979077897,1.998735569781544
R2770,2.1885327051673036,2.048906938242064,1.9314870513004525,1.9472383103967597,1.9956351909001475
R2771,3.0953443111059156,3.077217526435116,3.011191196650957,2.9057113159756462,2.8943373888898236
R2772,3.527084410913757,3.37982522879214,3.3589123421553713,3.3669726481882645,3.1710526549739835
R2773,0.6207058669601239,0.6980965039928994,0.7192464119756578,0.6783767348463043,0.6574360207896409
R2774,0.18665240079755763,0.2535761259551945,0.2564077559149206,0.31427397267794005,0.3150510519104024
R2775,0.48717616284685533,0.45097906777213403,0.43209786764468544,0.4006572960072071,0.37444487148203826
R2776,0.6092568552014955,0.6381935163669391,0.6034140922055369,0.6186260842771203,0.5790873675370503
R2777,0.26513051508197394,0.3768465713568872,0.44581172428971616,0.38697168542877675,0.5322888904064959
R2778,0.24391029952083917,0.1894771931842473,0.1992496558699678,0.25023549490123137,0.2808838338189711
R2779,0.37606500199913745,0.4685738634168609,0.4993347848580529,0.5067000638852819,0.5720918618918643
R278,2.164954858538232,2.1961359802938154,2.0790772735180685,2.0572008318938892,2.077833645234631
R2780,0.3870266201449863,0.3927925433097417,0.35077268492465463,0.2964951056489477,0.3788685632743718
R2781,0.0783358209952743,0.14461540843646586,0.23102799424601178,0.24622918652753956,0.3594607581162364
R2782,0.2520419486862968,0.2573206709244789,0.2228374262714682,0.2606027423378295,0.30809043721864693
R2783,0.3390330277162766,0.41878535348033247,0.4137653495743307,0.3995872859938772,0.41150292141961253
R2784,0.4476364367634614,0.45680395298524473,0.45963434992637414,0.42467741873058873,0.48232136103064455
R2785,0.8596275916514903,0.9633032584799306,1.0138900415042478,1.0567998754761994,0.8710313253717479
R2786,0.6029843194897179,0.697204172405996,0.6623454677560696,0.6467216097323516,0.6381943690336983
R2789,0.8743189971153302,0.8096959727520423,0.7103179267841011,0.6165590548241199,0.5599212298688877
R279,1.585673113519045,1.712189353044088,1.662324942539378,1.8084802172487155,1.9092567969445438
R2790,1.3533793916372112,1.2789342798398666,1.176891072779626,1.0652618414286092,1.0564817827160202
R2792,1.2896638974917285,1.136881387601464,1.033329391662258,0.8790050545317744,0.915521922701192
R2793,1.5257775726869294,1.616748567751866,1.4412608044807382,1.3618853964808315,1.2682468996969032
R2796,0.910360498615204,0.8680526875398026,0.732095842428403,0.6944883695699875,0.6227942252699813
R2798,0.9580234411331536,0.9285476135622345,0.8380745674362173,0.7304995238060595,0.7288742415211366
R2799,0.8779771596638116,0.8185163256301314,0.7508107292223763,0.6616847008772428,0.6046557136439584
R2800,1.202418457503928,1.0635903609204784,1.0083587594135595,0.8635119282647281,0.8316047378768436
R2801,1.8449406488228792,1.8889839089721616,1.7825658324069142,1.6425765426116383,1.4892254397909284
R2802,1.0117498930201176,0.9101537764047457,0.7543318429535912,0.6240787740789316,0.5864108982325098
R2803,0.8544631122859265,0.8872406541833421,0.8329015006021676,0.7104303737451031,0.6850271311515927
R2804,0.7560611746818888,0.6855341045221469,0.6025828047860051,0.5264119308545668,0.4251565772846232
R2805,0.56099307332696,0.6225325197995469,0.6216627205532663,0.5847034305197399,0.648607620379939
R2806,1.2082673212948845,1.0766543357780385,0.897906991122854,0.7888430387057646,0.7619772455518469
R2807,0.9192980391928369,0.9299934599424821,0.8219687834482725,0.7260033270162314,0.7120196443803806
R2809,0.8408796755679231,0.7973332218824369,0.7211513127271373,0.6692850084630552,0.5451210794429311
R281,1.281132775923221,1.3946258030200411,1.5010220330898358,1.4374856287409752,1.4849540834626365
R2810,1.398307969318493,1.421337799341719,1.3265600774432058,1.1665784591017343,1.1422336022630581
R2811,1.7520677629969892,1.8420286529955623,1.7603509417030145,1.554465526754501,1.374826475625938
R2812,1.2786068143932707,1.1419326109663321,1.0338859893656525,0.9027228572719115,0.8867980919508811
R2813,0.9000924231160506,0.9007978749129046,0.8047903129611507,0.71390152749207,0.7226202178812655
R2814,0.8312473034061797,0.7976109997715719,0.6633144673320125,0.594624560187283,0.6027928888427362
R2815,1.1392120605361,1.348168503599786,1.192873346605986,1.0600960471571392,0.8150523574686105
R2816,1.3205426967018423,1.4413863141469114,1.2913363367565618,1.1097414430062995,0.9449874145355347
R2817,0.763254953152172,0.7080800994469076,0.646447704957148,0.5687722517430749,0.4451910995741533
R2819,1.5764039631313358,1.6692030423496922,1.510531444375525,1.338538838116589,1.221704648131102
R282,0.6389026102620252,0.5848255665672579,0.5033103263448215,0.48535097972017194,0.5797069465049268
R2821,1.0737236952663853,0.9790451606786637,0.9182987870861492,0.8067104423284833,0.6934754374697751
R2822,0.5424583481704353,0.6054602601652762,0.45486242627348683,0.37925939370972844,0.37510072803076216
R2823,1.5285728377216528,1.515965793705221,1.3835551491342215,1.2494441701526688,1.1773845128959444
R2825,1.6018593104987362,1.6671433293633346,1.6290493294087607,1.496621338024001,1.4008453687570446
R2826,0.7626022236945584,0.7534984928048502,0.7389786432974043,0.7793420959182462,0.7367994618162149
R2827,1.24366675558422,1.0667749822804877,1.0246000979571506,0.9816426525913138,0.9415278829695841
R2828,0.9257697015737094,0.8044998788602964,0.706381672993355,0.6938648741935106,0.6192517403013315
R2829,0.54650113343834,0.5434751445206673,0.47790142996061163,0.3791951358896085,0.4609083634914846
R283,0.8332824067111009,0.7333179558513354,0.7370832108656391,0.7563158523168064,0.9083540194434933
R2830,1.0010648147242323,0.9564238942464574,0.8182607560640959,0.7900488144851375,0.6583609433872526
R2833,0.41696712592751034,0.4987881038636575,0.387127309369447,0.2818171764817857,0.3570264567047837
R2834,0.8485209000090348,0.8098847642385546,0.7389669178656662,0.5826170628505597,0.6932227446585928
R2835,1.0239805385037295,0.9105572968454851,0.7741499795683918,0.7277693272931332,0.7065906612489978
R2836,0.9046536087909689,0.7664733073055199,0.6738183823684232,0.6570743472916891,0.5596304081103936
R2837,0.7839169797300083,0.7638499464127232,0.660312717888963,0.6738017117049299,0.6625237925555596
R2838,1.1488551238218812,1.049016954688851,0.9677934136136717,0.8255320099703779,0.83363765248806
R284,0.7209640440468107,0.775611085269637,0.7559975242336205,0.7296905429605487,0.7489764424497719
R2840,1.9039483338587715,1.96526715576784,1.813232617374268,1.7850662144880847,1.5344989111697551
R2841,0.9409670322505412,0.8122729751787267,0.7173974071208162,0.6094847386854796,0.6217180319857247
R2842,1.3211100261093707,1.3462297273321386,1.288281821277957,1.170513152982514,1.1275035786747778
R2843,0.38157125236846723,0.2803865483992442,0.312556710065708,0.2891274626233844,0.2462571075448018
R2844,1.002405959748097,0.9808541756494749,0.9574839516103958,0.822283520594617,0.827718417409361
R2845,0.8037967515550448,0.7697525239852977,0.7403476187881328,0.6906073227144902,0.686312686984015
R2846,0.9131572876887508,0.8551559304463365,0.6807632887889769,0.6390043758631424,0.5797406679552284
R2848,0.47332230996078356,0.4224505124251437,0.33469187736249445,0.27153072463937433,0.3003369191345062
R285,0.2370256173627468,0.0890333336003886,0.1180160597949162,0.14478853569433797,0.1330140754445289
R2850,0.5910831920022624,0.5921026052146856,0.5074873840866395,0.4106101651959378,0.5414256747538073
R2851,1.1400556638069907,1.0094634628466619,0.8812840549467157,0.8927746068044374,0.756875600032833
R2852,1.2509075284370323,1.2490790132759044,1.1334578057070264,1.1436743849952296,1.0638022929643072
R2853,1.1678491727294553,1.2917461102715333,1.1194065597044722,1.0281157512417405,0.8944727872151903
R2854,0.7353890993366183,0.7030897913764446,0.6231667196651784,0.5824554612747898,0.42570044177106525
R2855,0.971853778511518,0.8316820435135335,0.7239472201184641,0.5736424658589349,0.5536704564454009
R2856,1.5818880142146008,1.6755588049989456,1.5377814996677064,1.4698529719326534,1.1434085763646544
R2857,1.331033603116793,1.2635832686003874,1.1289350728584444,1.130481388631217,1.030474106865212
R2858,0.8907656646425034,0.7318849698297742,0.6285051706800808,0.5380195527572538,0.45009007459061184
R2859,1.63133839126376,1.7058330827973893,1.4790628264903314,1.3822089134550497,1.160479133158382
R286,1.0816328588623567,1.1212733543609126,1.252930924453535,1.387765451724887,1.2760278004680168
R2860,1.1664168261560266,1.055445404184288,1.010425434448589,0.8740790511632144,0.8106401366860485
R2861,0.916993633144885,1.0716517341544947,1.0558201198203656,0.8947225790342609,0.7486340370599982
R2862,0.8252125072249894,0.7841949927205522,0.7124794503836279,0.5573899186912094,0.6649042319226212
R2863,0.9618346863457363,0.9170318312030082,0.8536412843914469,0.7780469713546093,0.6532951671413023
R287,1.590657656722915,1.6431876123765998,1.5055874694951754,1.4714520777012425,1.4414244766108892
R2872,1.4740322831855308,1.5162040044081166,1.352547296493723,1.25296158472422,1.129868000953337
R2873,0.34303355837070293,0.4523822238568669,0.36569620673657766,0.28936567505751265,0.3639692495671342
R2874,1.0524163400432383,1.022072829554214,1.0705983111514912,0.9684181890636516,0.8954401986966971
R2875,1.2893390157369042,1.2280852168528356,1.11359274963745,0.8999474106973357,0.83076725264403
R2876,1.2855993169728615,1.339263135074533,1.2129870453715759,1.0895961877454492,0.9338381327666923
R2878,1.0264478602716152,0.9383441518787096,0.8527785758590569,0.8064412399277037,0.8879012676749465
R2879,1.1303354795031813,1.0636437178603997,0.9223227991429976,0.7914880867513501,0.8874306906339573
R2881,0.38579472231386197,0.41555168463423864,0.3444553461555262,0.30886792214819436,0.2600311793044598
R2882,1.182787796015498,1.3995786927796163,1.2470719060821978,1.107625683921549,0.7361857760893032
R2883,0.9483303900941512,0.8970191350496336,0.7604440409587633,0.721154842987733,0.6486822955123233
R2887,0.09137178480869847,0.1287641722479067,0.18923267090530255,0.12565207056624586,0.1639146297271555
R2888,0.8786634520462052,0.7336190132811526,0.6148396215922529,0.5260289534295097,0.4750417785097989
R2889,0.9256809661998372,0.8992083536643731,0.8075694330731452,0.6791085342745385,0.6752868930092298
R289,0.794296005158571,0.7440962598541282,0.6803579805387903,0.49407581037647236,0.5416034148813693
R2891,0.8888084037256768,0.8188490241778662,0.7884108993255127,0.8314000017366083,0.7672892508090964
R2892,1.6140977119051145,1.6798443714242326,1.447800568780201,1.3496813056147883,1.1178021541476584
R2893,1.4380485894865067,1.5132326299285928,1.3656246024667815,1.3244453802273815,1.2283664183586285
R2896,0.7406998742413695,0.6703269610795307,0.5974972753127578,0.5198818792556348,0.4159270026008186
R2898,1.165945534254406,1.2403306089771007,1.1267521875086384,1.0533483845169302,0.9981853092883757
R2899,1.0248995922222837,1.1086685988956915,1.0880341997457412,1.0902797065544623,0.761372308713564
R290,0.055035678934168046,0.04054896037430391,0.038513738376064574,0.031185125750711154,0.05921363698627068
R2902,1.1419706163728738,1.3645715230788564,1.195165428007917,1.0598970603716518,0.8162078691900133
R2903,1.186215945455952,1.402129226319378,1.2328436184006264,1.1004101750176576,0.8549686804494737
R2904,1.033800440291051,0.9822969053952579,0.8359607186629441,0.8022435548245432,0.6734628060645057
R2907,1.2430180754800328,1.0753006661853937,0.9899896471683597,0.8694909739728321,0.9143560977492384
R2908,0.685574465790229,0.7056603165688794,0.6944539998907411,0.6732592095601715,0.7013836862823559
R291,1.5010698980746962,1.5928811470983757,1.4292052938271318,1.3626819588336558,1.2374883337710052
R2911,1.1467520021822872,1.048506315813798,0.983572238436729,0.8485785258226965,0.741768448577996
R2912,0.8354433932129761,0.7370887287891915,0.6326155915417194,0.6365256515038038,0.5511132170794157
R2914,0.8440153986048621,0.8040225372696685,0.6479468251088948,0.6296826604013765,0.547415478896279
R2919,0.3277968436720577,0.37784172390439835,0.38087898259334646,0.3293709409524315,0.40497984959717587
R292,0.8818403938654374,0.6816861843207741,0.5866986586174889,0.46734383652898087,0.6012443571612798
R2921,1.2147631480841277,1.2189621617353084,1.3169881318142345,1.3522289798505234,1.3120432428429876
R2922,2.0199750694058984,1.8727894542892005,1.9523921252300207,1.8236403261442016,1.760504702871859
R2923,1.292617116741042,1.2946068010852458,1.271061140843162,1.3471481039309356,1.3449696251917485
R2924,1.8084909772065676,1.7902550057630506,1.8070087061045377,1.7539464483140226,1.7902186754973277
R2925,1.1488132475173858,1.1545631203193463,1.0477349887406806,1.1377542327786632,1.1346028237341754
R2926,0.4707085916882159,0.4365370435828279,0.48040053487675033,0.5272961721830328,0.518958234446299
R2927,0.6030398757184884,0.457493116167051,0.4413537498645193,0.36835855630687453,0.41449953387956623
R2928,1.083178586154489,1.1328773633885765,1.1276884675471526,1.0291202770989123,1.0765167006961098
R2929,1.7630663269656812,1.754231944177302,1.7892450648175522,1.7174697673891697,1.7026632510126054
R293,0.576147231698452,0.3521243889448727,0.2835891659237974,0.20295429266940812,0.26215472145770613
R2930,1.625661045411326,1.6125565842906788,1.6661717057232726,1.689355343727877,1.6030668083699608
R2931,2.368731334905077,2.3048411046671182,2.2472594270535295,2.3500863285597338,2.3578214093612226
R2932,2.019410567032218,1.8624922189441713,1.8008831994898926,1.6783312052963562,1.6043718815665287
R2933,2.194974855638806,2.2715731424773127,2.3179376159669296,2.448836397820573,2.407679800023378
R2934,1.4359361460587392,1.3951697431959793,1.250851036788577,1.0568357696790145,1.1344744642511309
R2935,1.0060216410993565,0.8722089578851215,0.686829777263325,0.6041572051706106,0.6150133130588816
R2936,1.2996318333221757,1.4455031730476906,1.526914123531645,1.4852925339273435,1.537957082540751
R2937,1.4591747714782783,1.4113054626913262,1.3855938169781474,1.3833941652623003,1.3653030232115708
R2938,1.1094615788431894,1.1879754546487422,1.0801401140791238,1.1416354074683877,1.1970375627556806
R2939,0.9876661312884536,0.9419445580093301,1.0847865246726214,1.1300684829006862,1.0876204488273769
R294,0.3425261332868969,0.32238249679792713,0.3942733324765287,0.3417831223953067,0.4414546589901653
R2940,1.1295778615775485,1.055310373568924,1.065414154732872,1.0707347689951427,1.080250951062908
R2941,1.8398453108773045,1.8618716814134901,1.7438532124350645,1.7106967838771059,1.6857390200892632
R2942,2.224246075873207,2.173780548114429,2.0656947805710644,2.1817096350140033,2.144361349721096
R2943,1.3149363079863166,1.2605791422440071,1.095876281396215,0.9951426936805219,0.9356039210714551
R2944,1.7841849616136098,1.8305082947804026,1.6588068718998599,1.8105382520472846,1.714496260169384
R2945,0.5282251326525353,0.33240200430722283,0.2418342304567553,0.12583849048685944,0.025864053736648584
R2946,0.6095790755668219,0.5986741983669465,0.5722985541866206,0.7350281721384848,0.7308945414009705
R2947,1.9309458423173167,1.9163209461071768,1.8779586251570461,1.7778987017272474,1.7574787406844203
R2948,1.3803470713707915,1.2880409342277126,1.158802189918399,1.0381116512594697,1.0783366864196742
R2949,0.7465805428556136,0.660912291298905,0.5546347751834554,0.4335195710838487,0.3507191334634206
R295,1.379731111496526,1.3582492614455,1.5792478924264597,1.4770910437853628,1.5509057126306647
R2950,1.4852135121542431,1.440549942304511,1.3092597688883485,1.3449352075919792,1.2940509652627645
R2951,1.3224033731817078,1.3541288838487604,1.301764768521136,1.2601194444081827,1.245978762921228
R2952,2.1888274676270565,2.1469540217432423,2.1154157390517714,2.1884685879232837,2.083892308259905
R2953,1.4504657780700205,1.48876206287774,1.4711943922917765,1.4971217724591699,1.5559757080985999
R2954,1.0534218060290481,1.08324731263261,1.0769810644119715,1.1292856499161448,1.1196156332752656
R2955,1.73439621983039,1.7956873302429095,1.6765242830397056,1.7437073394551692,1.623230950687733
R2956,2.6045301840378188,2.5763251753535723,2.6107020475258413,2.602907168559823,2.5742416665036743
R2957,0.9760397984298406,0.9684922915042389,0.9146432362061608,0.9756288131211864,0.9636816984131722
R2958,1.7298454522294784,1.5587478016215655,1.4971371568859715,1.554791938226592,1.4651053489015304
R2959,1.7909601257864585,1.888346113128339,1.9046923221351288,1.8919679469345825,1.9185822200143892
R296,1.5487773205327142,1.4149308948302373,1.1743405763574943,0.9458662501935806,0.9288013235072883
R2961,0.9364762891375251,1.0559503638402945,1.0807479521172665,0.9522501410922584,0.9133421049850384
R2962,1.2355978321671386,1.27168114446166,0.9970827536226358,0.946940112823046,0.8729061754542222
R2964,0.2406616627963956,0.24073923637251715,0.14474758685970682,0.13453574073417093,0.1026156896413536
R2969,0.8715464554108279,0.7198629410792549,0.599525302307645,0.5054709035832723,0.3549005368764643
R297,1.0560198899540527,1.0771252470161998,1.110973397240987,1.0959391787443826,1.1258598631929129
R2974,1.065996212360736,1.0838176251619323,1.00315798219095,1.022429551449474,0.8353341532567887
R2977,0.7745807005842678,0.7271403572046735,0.6080034938582302,0.4495750076376536,0.3592486345980645
R2979,1.2106451271799201,1.2414991870738885,0.9572916005708292,0.9140788442158818,0.8341634380570322
R298,1.1266276515570188,1.0234286700434911,0.7834956201129115,0.7027069799419846,0.6346878980691707
R2981,1.1423100625041662,1.2312470718095527,0.9666958837858844,0.9413200434907517,0.8311696531849213
R2982,1.6673885594533309,1.793627591218811,1.5687367882036392,1.600481096596004,1.5202038923596932
R2983,1.3143108225924058,1.2464065491513285,1.1092601499115207,0.90465055586587,0.8945058888703136
R2984,0.21643383529794005,0.210541462830043,0.17531501307921352,0.13481925206456233,0.09108641843054967
R2985,0.3792731390884519,0.3563810972435296,0.3482660672893277,0.25869156905306184,0.17773797836816382
R2986,0.982678035456461,1.0088706144450021,0.7994583326710628,0.7594949370559492,0.6232355198245659
R2987,0.9995092027162819,0.9060320352890844,0.7644232554982058,0.65887146633896,0.6220219221278337
R299,0.588090708255445,0.6038183122028101,0.6924664650451325,0.5545071401174467,0.5215574699180865
R2990,0.3100900946754133,0.2690142179947722,0.2146133012306362,0.15483043671323887,0.17576032751818046
R2991,0.9009068278307006,0.824798060281806,0.7659241506482771,0.615716453521502,0.583461410967033
R2994,0.8576077798407962,0.8951343797535453,0.8175238722822417,0.8128812260812581,0.718372262972442
R2998,0.13251386205315874,0.09434019676394301,0.0834907265882737,0.07989601448220224,0.10504895675895572
R2999,1.0397982630881726,1.0359508846934047,0.8558479716987328,0.8210196569701834,0.7351906474328043
R3,1.6093612334425138,1.4733084504749645,1.5066534670649612,1.4313634416612744,1.459929066129505
R30,0.03729289222105257,0.04804093454665144,0.0653020035476066,0.05600636194699707,0.06221037394263458
R300,0.5218314226830622,0.4092850034669113,0.3429519597615127,0.27122120487457513,0.19671010804081002
R3000,1.4178166214856427,1.4660092705377699,1.4392685128999971,1.3983873570049496,1.2724308319562645
R3003,0.8933632431860405,0.9015533911219669,0.7358778057085755,0.7154566326643174,0.5995186209956775
R3004,0.9536425760228514,0.8973255668491825,0.8048506875569398,0.6565587588221744,0.6185794364873896
R3007,0.13423051437121808,0.07267750202797021,0.06848899592090522,0.020403461182757928,0.04712075732728523
R301,0.15295045495216578,0.21501835270437963,0.22740919628798742,0.21607206842421817,0.2831276062510132
R3011,0.1545026534815575,0.21829508284916863,0.16076738715052805,0.09891225253081676,0.022666684284935026
R3014,1.4434846110485504,1.4400294617174614,1.3097630811863596,1.2864938995085997,1.247606812131598
R3017,0.8470060615103114,0.8136995052948257,0.7944084312755306,0.6687799419415124,0.725270517379057
R302,2.0129120476220383,1.852752564504246,1.6459045619811887,1.5661127940258988,1.536609637768619
R3020,0.26365669755488846,0.29054179447345396,0.28832450475049687,0.2560352157113046,0.287275556083938
R3021,0.8490158537767806,0.8626873642607445,0.7920151439454094,0.6869115023910055,0.7203229889703435
R303,0.2442343558238833,0.13951935663437487,0.10579852910580691,0.13109679114633474,0.17831819906112048
R3031,0.8161984095957121,0.7427884583039791,0.7573634725045941,0.6263073949973026,0.60141925654363
R304,0.5246381911362343,0.5195060555613409,0.4815878426960274,0.48530780568359927,0.5434262049250084
R305,0.6517689446099412,0.6833290682569196,0.6727564941912161,0.6245535290000674,0.7001581022917333
R306,0.7015597327102838,0.5227788062945068,0.3543015346348345,0.3124091263508481,0.3358031737454441
R3062,0.9112764140242594,0.8713212221672026,0.8283902371706234,0.7383350289187725,0.7723753899532725
R3063,0.832063408606896,0.8266152810881533,0.864196542182336,0.8292714488417589,0.866865862111222
R307,0.3592761481662341,0.34460358974706506,0.26696648396187783,0.21317168889172602,0.31659352119560313
R3070,0.8674432711713767,0.874906055028152,0.8026810712752501,0.6989160850242535,0.7676639757245817
R3073,0.19980900616420202,0.2436389544078965,0.22528971148646293,0.16017639546137907,0.14915420619019823
R3076,0.21375706716252346,0.2241494227370945,0.20812137622453927,0.17254486570078084,0.17668278726406722
R308,0.989584661204464,1.0048526425900053,0.8415314510470363,0.7274571291727551,0.7674596282114764
R3087,1.8623875382240829,1.8145184067153652,1.784468886902529,1.897048299329383,1.7830465652747716
R3088,0.4584397841561219,0.42896153431357364,0.4566361547041816,0.5283249398693042,0.5321158324325588
R3089,1.686040114013467,1.7571337908256845,1.8555303330082,1.7827563369136186,1.8521940307286306
R309,0.07637826322050387,0.052380479233985255,0.029374399186244075,0.025874853996214482,0.030865549240957173
R3090,2.7257010360522833,2.6310759238450814,2.4582953557206775,2.349226558206335,2.471449022631333
R3091,2.1551059903183587,2.2771955362319605,2.1715148270165017,2.2251498562408534,2.376079326603703
R3092,1.200462867018967,1.287352407447069,1.2116241634046678,1.2428725002721719,1.1871101374255797
R3093,2.910400884816873,2.7738998933050887,2.6750341534585984,2.7406707522787017,2.585922216378644
R3094,2.167284752279628,2.1343776302415725,2.1159362411061067,2.0855576821560953,2.138478185915699
R3095,1.9635407683817223,2.079745114560201,2.1003590041418856,2.135538198824619,2.105447149161587
R3096,0.8519809824532499,0.9211239039751075,0.9748616556875476,0.9813182692930259,0.940914164972494
R3097,1.7466423648331577,1.8374199725425975,1.8412851847815261,1.8961916181877223,1.9155825642549906
R3098,2.558305381559856,2.5265865700710934,2.4711160622519555,2.298049400296477,2.2780698856426804
R3099,2.3279503786072406,2.310588779426716,2.367370308958187,2.352089973564917,2.147014715993848
R31,1.4733492594398383,1.3148782555969025,1.068757735461212,0.895076574861167,0.9044876274733126
R310,0.9126950245814713,0.8507173852309133,0.7216160740725394,0.6653101684025515,0.6392570073886853
R3100,1.6946263006946358,1.7929692511820678,1.7495597517192907,1.7124017261367745,1.63445454306059
R3101,1.4033788791543231,1.4015831413537976,1.3503743957172403,1.2789116605913593,1.3508283467605418
R3102,1.4881228605804229,1.5024676751846178,1.4796705307388067,1.3998236801507797,1.42142340776298
R3103,0.6533423628315772,0.6753317959933355,0.6055180566092386,0.6549116795550558,0.7776987902538002
R3104,2.2965141299272145,2.2042554377026784,2.1673343347858847,2.1165649355130616,2.0835679036328294
R3105,2.890607485994733,2.882538644291839,2.9028803681562523,2.946693949117682,2.9085305135720483
R3107,2.016197919783791,2.080600084551401,2.0399263725831247,1.9797345949734382,1.846019001854629
R3108,1.2881596501210384,1.2710874195714783,1.1172689926268862,1.1776693311547213,1.3166039394100262
R311,0.6641137490360073,0.40205304120386265,0.26639040746620324,0.19541774603991355,0.21052643766866375
R312,1.5361143299983986,1.4607743162874958,1.3949519949718188,1.3730566157387203,1.3882032784956038
R313,0.23749951816981288,0.17855948145567802,0.22694453509093818,0.18453119612985455,0.14331814320352082
R314,0.5862610283209158,0.6108891882434571,0.6727588954803041,0.6548717821188548,0.6343052756853281
R315,1.5976417169805741,1.7579442726361487,1.8481883576896623,1.8839939774794485,1.9155952091790722
R316,2.5182734514257104,2.187211210189264,2.056919655456347,1.8726436304763157,1.7980424397357064
R317,1.046500598869247,1.016594874349246,0.9849938780972771,0.9346187118246784,0.9619959175761942
R318,1.2730592299761707,1.2632776713935276,1.258786428422369,1.31415596797695,1.2829902188757858
R319,1.0817526736037404,1.1937828541686006,1.222222548073349,1.3117936101588321,1.3041801692335517
R320,0.8355173481525321,0.6851230087608425,0.6070024029053537,0.6032465651047734,0.60157580790569
R321,0.7497754487077098,0.7994707961619513,0.8826934137268072,0.7051716827009503,0.8092459379926927
R322,1.4945995969275185,1.5780300041117035,1.6748171206471454,1.8097540887834902,1.9174207892774278
R323,0.06323887247068614,0.05783702540870731,0.0879182320093812,0.08333739012544973,0.09153750913108405
R324,0.44558694365958396,0.46979019272189176,0.46039170726685236,0.3659659723419992,0.4483652921265126
R325,1.6050905208558115,1.4988142882070814,1.4131840084017497,1.1510919617249273,0.9190090577347672
R326,0.7153748623860866,0.7263165054990969,0.7287699592615803,0.7018655261696896,0.7230015599838568
R327,0.5858381702179909,0.5982328495209026,0.4817731836279005,0.4521029513598652,0.38738435740826016
R328,0.6078845537356371,0.43814168929625014,0.3677335496334472,0.29198528443816674,0.23049287832965137
R329,0.49742459726796967,0.4108560417420967,0.4469788028480864,0.4184943335995613,0.4090190940093403
R33,0.19415290593095375,0.20977344151125688,0.22539513701750943,0.16394662922410425,0.224427344387798
R330,0.4887010099830375,0.40072947255522223,0.38875456352848403,0.36624021131437473,0.3894385481776082
R331,0.16964565378091165,0.1590621287677578,0.17378040157905242,0.17591836531668847,0.1973543493334489
R332,0.8525602925454742,0.6019396831854664,0.4108918342730743,0.20613722164552006,0.20424502080207468
R333,1.602951421706482,1.4502025798614508,1.301416518586512,1.1395737183837076,1.0964507645345063
R334,0.49749259953680236,0.47990227819389525,0.5390749204886415,0.45309622122637405,0.5034161968373121
R335,2.2337194300124534,2.0421148363803807,1.874684094647353,1.7600368482982593,1.6082538684121654
R336,0.5129550388721794,0.3775752035986602,0.22447377570418442,0.2719763540622921,0.3050724166113758
R337,0.9430714171360558,0.9179825714670276,0.8570736189139759,0.7377060546753543,0.7047628488991212
R338,2.437581938260092,2.214080333196273,2.05390234943271,1.6302667491826823,1.3739474083981982
R339,1.6177180248580028,1.538595638188007,1.363676776145255,1.0504471227482235,0.833452415776399
R34,2.5004849371714104,2.5956364715564955,2.6907694533588273,2.6820806184248305,2.584302511017686
R340,2.033738915950879,1.8823713525675632,1.7738968761799654,1.3931347520749413,1.0594744351541578
R341,1.7506418511387336,1.5115780456289596,1.4075301280936454,1.1825927367738995,1.1337758788696506
R342,1.263776344887982,1.0674383563958518,0.8385813087523324,0.6334155439252858,0.3956238623746886
R343,0.8614229888839071,0.7484777355356004,0.7016376534193486,0.5582698448873956,0.48024941099864343
R344,1.7796339786473427,1.7096391171378618,1.6585544638418417,1.3402127162435942,1.3086613689772206
R345,1.3433219244120687,1.3294204362757245,1.244760510355099,1.1165938388575742,1.2042555617262758
R346,0.5239218040422741,0.5381967744152287,0.600068284211626,0.5278362986609482,0.599850058651968
R347,1.6332708168156473,1.4755208149792167,1.3216169519748977,1.143756645974074,1.0796817136983794
R348,0.16993240852740504,0.07075846124594716,0.04672820870712322,0.02147905861132316,0.039395240201810726
R349,0.5973637654122507,0.6354280107386213,0.7648657479273618,0.7376106253861401,0.7311706187347896
R35,0.8688560011463978,0.9057524702829953,0.9578459746788665,0.8479852862316821,0.8501380438380007
R350,1.6208881567692979,1.5438540475952147,1.3730825322931428,1.0680612837202352,0.8466606264216575
R351,1.015215571016362,0.9846606813007541,0.9617087030142798,0.913444121102461,0.9590213947460218
R352,0.5043097974178288,0.5096806026800471,0.4654903340006772,0.35221343905686087,0.44023357765895516
R353,0.4888405618858784,0.4784999424018688,0.4000158239252423,0.4077509182995964,0.3424691854239843
R354,0.9972757935543421,1.0070156820569367,1.1326664589352653,1.085404505934258,1.168166671261302
R355,0.8057085250235859,0.6612111990223789,0.42189226811164604,0.3594784838622232,0.42942952537756407
R356,0.3992475267172035,0.4170158521660439,0.3803237982683774,0.3334692271881569,0.303133168963673
R357,0.4737821949774941,0.47581702807160614,0.4774985561699328,0.4294601316337866,0.4128865296358783
R358,0.7648157465320262,0.6993257746090605,0.5967699077018914,0.5011736036933269,0.5701498516121718
R359,1.0253813780951553,1.0251705000950804,0.8957969284863785,0.8997068258510821,0.8422323849496296
R36,0.35287395276020883,0.40341960785732844,0.41534390069335314,0.4226326392195232,0.473587207131935
R360,1.0149808679295378,0.8723041198719976,0.8240907410387981,0.940173813115925,0.821974368959152
R361,1.4712482172877868,1.3891657720295838,1.3626965074212807,1.1442705489846225,0.9969513407297469
R362,1.0472625047121813,1.0090202624818054,1.1725187038672185,1.1387361957562663,1.0570937746047988
R363,1.863092192892125,1.6312561680950395,1.551125702455004,1.3360775310668092,1.2971467508374015
R364,1.8652071997908652,1.7277595106513053,1.502171788116064,1.577263759106979,1.3434994117796477
R365,2.1854007970748754,1.9470044963325823,1.6761236619290947,1.751903559724627,1.554913760228487
R366,1.243501190870415,1.1858420675980312,1.1805705531743238,1.1902195138698783,1.2990098335923048
R367,0.8469858490215877,0.7566926198099521,0.7258989748148716,0.8465438621123976,0.7251126119159812
R368,0.7644984911345086,0.758552859880663,0.7407529798755431,0.7388146630078216,0.8379638772609712
R369,2.4070708659071505,2.347517555859597,2.3786207839133473,2.2572394763196013,2.266850430916121
R37,1.9783442710282977,2.2185472904342687,2.2549697470715873,2.169469567330718,2.1670763513273865
R370,0.5785585334749351,0.5850764016964393,0.47331186120933233,0.47551646729784325,0.5443422838316855
R371,1.983761197231493,2.023959733589073,1.9358881545217232,1.7533262501049625,1.7252153636984455
R372,0.4840826150290599,0.38745928606236985,0.3908619782790773,0.304542377057265,0.2758348188561618
R373,0.24694088202226885,0.323732262599196,0.2992859640730521,0.3137707950698377,0.3268015847576058
R374,0.8964506338052746,0.8729312794372365,0.8191687007390238,0.6950719053936321,0.7139549130319562
R375,0.6154614893329379,0.7031018698411671,0.7031821629623574,0.6202818248324895,0.6219742715388387
R376,1.5857551569858053,1.3909687285859744,1.1250908393518595,1.042526547142893,0.9675982226598853
R377,2.0425900112985844,2.0221236906124065,2.0938567930509673,2.0392963620930256,2.090292274821475
R378,0.41499142405781897,0.390706324111083,0.38955938739329016,0.39961415811953427,0.4446442307063788
R379,1.2825837124047812,1.1862528268076873,1.2566289190668682,1.150284579859844,1.1103848092646518
R380,2.398223849620825,2.2413673321645686,1.968414056335973,2.1232265737514027,1.9750114990785737
R381,0.31795374939043736,0.4079445084863235,0.40766741734259987,0.3903282701734978,0.3436652556355054
R382,0.6654836896543753,0.6453547322187313,0.5459511748048334,0.553465911156265,0.5773905788989383
R383,0.47302348048903037,0.5181582215388353,0.5123336954180236,0.4943611526447813,0.515950131863764
R384,1.3823125280820043,1.1853734343159361,1.1213021122837907,0.976511029946063,1.0085010148094788
R385,2.3944370598022156,2.279350791522407,2.1021554309730495,2.126498449242534,2.049668872477215
R386,1.124185560429136,1.0259955889395878,0.8812986728529006,0.672896672523319,0.6489922352741901
R387,0.668003604542288,0.6229614355897745,0.5146499430288073,0.4295877190908945,0.43499543565517473
R388,0.9698816535764576,0.8622349671719691,0.8664603606554593,0.9235882007946155,0.939871604139325
R389,1.3308577257956813,1.176297464920779,1.032548851660883,0.7853476406367227,0.8115901183238722
R390,0.8655407814038886,0.8959498076960057,0.9433403037599801,0.9655700636758123,1.1554553074521876
R391,2.4068521412677124,2.2732322036063652,2.1473054169815446,2.1244698066212773,1.971029517613684
R392,0.739413246914367,0.7357608038049316,0.6280747139888228,0.49114333635082763,0.5636115879452657
R393,1.0058047579375813,0.9236535527538402,0.8491234104207303,0.7690308809379263,0.8074318120488269
R394,0.5185076416483063,0.5440501081799235,0.5565879330093906,0.6340121739625378,0.5938040219227113
R395,1.131994897958676,1.3058197203388857,1.4126115178431162,1.3259788386191877,1.5451251763033023
R396,1.1560856700750304,1.08094240127244,0.9148033413043329,0.637593413546019,0.6632674735034775
R397,2.4334343387594286,2.38467745463596,2.391109689298704,2.2886192916590917,2.3240901298126357
R398,0.9935873759821409,0.9199079683524065,0.8371586793806396,0.8336393331688239,0.8361655642863395
R399,0.2641736880113174,0.28835420858433075,0.32560650522671947,0.2941650525995139,0.21376604359053614
R4,2.525950163368438,2.710070860760223,2.7555026769197504,2.6292343007589816,2.466330283958783
R400,0.7870433284185473,0.7655695612855316,0.6328088007187406,0.5136929032935184,0.5077999622472332
R401,0.9850633294771796,0.9632820449924248,1.0134093859878703,1.0553486682990847,0.9448498428859746
R402,3.0149024271619873,3.172405668083165,3.258309157885369,3.124726988105429,3.0008539248171116
R403,0.8147973056104194,0.9205003982804831,0.8953741723876878,0.8671259050442118,0.8362909972935263
R404,1.6129844833971552,1.5755321731751284,1.5097798483699254,1.4012203940760386,1.5131549427282027
R405,1.023977566704198,0.9255600361290601,0.7914588213002759,0.7194376732388261,0.7181101933891335
R406,0.7845821289821954,0.7590564123352829,0.6337154519550487,0.4937616004251282,0.478901782715839
R407,0.9170924485868799,0.7417464874056855,0.7029724263986662,0.6793174918527369,0.74572387307084
R408,0.5611974858651679,0.5575712680928301,0.510581152428864,0.4688069442693395,0.5082767157727168
R409,0.18826469184259756,0.1947232881250823,0.17977099273993674,0.19509352693174062,0.20456789501939004
R41,1.9284906606460401,1.765918398594724,1.5384079239437674,1.4675279009902331,1.3701881697639833
R410,1.8467770456635215,1.7149796348984336,1.5810292540701432,1.6675143999927096,1.5115598790418625
R411,0.5321486011369977,0.47355485884005966,0.4324470416421074,0.5566762069058583,0.47474980568926717
R412,1.4983414107040003,1.4721212832317874,1.4880747980965294,1.3817791854742851,1.443417223852093
R413,1.0571005264125641,0.9616192368524346,0.8269504162421243,0.6947058979968374,0.6612854975077641
R414,3.08692467247876,3.1385968576991314,3.2761739190929013,3.1064499573607818,3.0422075195901077
R415,1.8081568686736236,1.6118641285811597,1.318784681909171,1.189075679036447,1.1467693595219426
R416,1.234171061617434,1.0412435565126765,0.8779735886153722,0.7770761612554459,0.7629962879342128
R417,1.1988971099870411,1.0446765588755553,0.9680290343923577,0.8610986202664729,0.8725896437812477
R418,2.994212544079546,3.1548374441952114,3.2454298172704696,3.0962416028131763,2.9756072778359703
R419,1.0405466813121667,0.9360476914966347,0.7665119476589887,0.6608139015324213,0.5714192300439389
R42,0.20442327542431335,0.1628434772110028,0.2060475557271141,0.17148006276469893,0.2488055741588462
R420,0.9409420380969331,0.991080115920961,1.1620136722549266,1.2553183557849708,1.2229304539965151
R421,1.0723335300406645,1.0001482807110869,0.9972626370163553,0.8974304317724366,0.8469820977864425
R422,1.8226112592316601,1.7156838906904475,1.4695895665301473,1.2888060910487735,1.193693908969318
R423,1.1846009205173864,1.1768735845587737,1.1122425937548155,1.1235113346005834,1.0396565988043671
R424,2.463720638930654,2.322852220829746,2.2663929457342626,2.297940136657026,2.2778136361869152
R425,0.8112501500527793,0.7302537264949615,0.6067748309047678,0.5054794671607461,0.47085367145188517
R426,0.6435751991030896,0.5340432479353363,0.4689318667706101,0.418542777439407,0.3146858363448476
R427,1.1176502353567175,1.0040792133155714,0.8535175765923303,0.6216538004803426,0.6071860387807058
R428,2.814287098023907,2.769682233584586,2.861883520208267,2.7242712240728646,2.7315117269918656
R429,1.527648495848758,1.2822428266495751,1.139464819688122,1.0341352127863832,1.043796437534812
R43,0.880998471552308,0.8930704289171381,0.6992494082700172,0.6302996814520747,0.6363822554332433
R430,2.430259199707494,2.4927839948949697,2.440210155953274,2.3830053233920587,2.3287039191334773
R431,1.2079411817648351,1.0152767468266728,0.970963154681859,0.8794879962448862,0.9024764100560355
R432,1.941920804736033,1.7152993679670285,1.4645806517239701,1.4210996045661655,1.389357684928763
R433,2.826865299702551,2.841872130096886,2.846312931870339,2.817587368502281,2.736461739027097
R434,2.4813358907178036,2.4718547917356797,2.546112940089809,2.554229915603387,2.5607465679454986
R435,2.0391430036089204,2.0863100883786267,2.0577015071781597,1.8845650626925763,1.9444300777361676
R436,1.4810018798937188,1.3418383521154962,1.2289000914933061,1.024823255244948,0.9737000705938736
R437,0.8666818726488908,0.8996020812831296,0.9355555882382537,1.0034695984093727,0.9735039139584531
R438,1.3752893617000141,1.1971118361035658,1.0246224398621697,0.9855532371861738,0.9953182043265352
R439,1.379438559474762,1.2638058171867466,1.0801150420200416,1.1536330720955252,1.0707330661545995
R44,2.6445881484502154,2.813337234317659,2.8838348279544284,2.9348340068266046,2.8566899514233763
R440,0.7173728429361768,0.774343925835073,0.7767425625359251,0.6434991935529536,0.6637036998395313
R441,2.143300703738019,2.1067170804105997,2.0321280159167374,1.9719939396024604,1.958947878502765
R442,3.039414151293997,3.1148808116062523,3.1945577863646535,3.1476546806587415,3.080738943893806
R443,0.1718187981072191,0.16662367979975828,0.2176348026544953,0.1656471498045035,0.11260470137477656
R444,0.23930611916506242,0.19559102562549371,0.2107802132066644,0.17454418391210041,0.13916007561699875
R445,1.8214304373027967,1.7545217847423167,1.666012289655739,1.6183886981969309,1.6495805771403937
R446,0.29139461827617613,0.26721196646561063,0.18697910941843995,0.22622978075721886,0.26824150441196165
R447,0.3721913337615389,0.33509725167652304,0.21623495028123904,0.13603572921687093,0.11936675900764013
R448,0.3556302784229408,0.38519934832060204,0.3169757463654011,0.29712164304375716,0.3670179602361433
R449,0.5228366884691156,0.4185870823172186,0.3178745418906864,0.2966581455675196,0.3690200259277035
R45,0.817891823784177,0.8097283554608249,0.6909884233447364,0.7321147548998224,0.5855316098917217
R450,0.14308715955255832,0.1361107122316893,0.11068080488650671,0.15657122054624634,0.2078789612713597
R451,1.465921628610509,1.364900582229082,1.1324008464187374,1.0107145035762857,0.8825087688890022
R452,1.0500139757905051,0.8868813465880807,0.8049204018072247,0.6965572139089152,0.6711765109964544
R453,0.08603434566748992,0.10322586651955626,0.10860444141590456,0.08178487252293529,0.11496265722197904
R454,0.5903222977532547,0.4904581619293013,0.5568478249788837,0.56711675175981,0.5952944280182328
R455,1.256472599828497,1.0839571374541674,0.9637594736986852,0.8328702794120686,0.8085067664629202
R456,0.7106550295187287,0.6133566883975663,0.6129732117542305,0.5846539550036676,0.6327478031561548
R457,2.9569663724347897,3.091055743554014,3.1742238578951136,3.0837269027521828,2.9435812549389215
R458,0.6239911586049074,0.5694086572684924,0.5191476363654828,0.6043156615812002,0.5833997056764948
R459,1.242350008338902,1.1585432865520615,1.0449030276653768,0.9803287056496104,0.9354989429948276
R460,0.7111883775278941,0.6940550749727393,0.7114343348048989,0.5844887661751196,0.6250931706635606
R461,0.887908261993797,0.9235903663590509,0.7656103406117005,0.8511228457603336,0.8255431511456839
R462,1.0885252090727653,0.9875275059413863,0.9718358268742805,0.855368249524561,0.8263021083529806
R463,1.2526303108425487,1.0462545287158662,1.005516181518728,0.7141290121000262,0.779012186732735
R464,1.0609855995614677,1.1337398095353295,1.219528432736376,1.214235928846682,1.2735657554421853
R465,3.001978909642002,3.1955788819890736,3.250122065367517,3.17931504018957,3.0647091917707354
R466,1.9380689794275474,1.7980685681930189,1.5793174263515404,1.786269012685609,1.5928531527876433
R467,2.0522557642594217,1.9084116250382739,1.676691780501764,1.8996348774122132,1.7248453182358616
R468,2.1072806742333268,1.8584081238311303,1.5933043501321158,1.558368048790648,1.4434632351714118
R469,0.8080098640888288,0.8193957671503942,0.8237185626974536,0.7655090519998335,0.7693922350580585
R470,0.4259065367212697,0.4511055631676166,0.4533495819471555,0.49955726398735345,0.438727832633429
R471,0.8973303216453344,0.9009486695797899,0.863663782307564,0.8866039895962543,0.8061695341643523
R472,1.5841557586388797,1.399027984106829,1.234074618102819,1.150626150005985,1.1670519507077002
R473,1.5116533233688427,1.2766679583504186,1.145796694787748,1.0295434253564477,1.0266239866132476
R474,1.1250485017084582,1.1392192283937226,1.1763978791908523,1.2187133122608538,1.1435193758153124
R475,1.4595193636643262,1.2501470028713537,1.0901254813459884,1.0170667701741027,1.0451082892001304
R476,1.319250971448355,1.2228215102888773,1.1488511288291636,0.9871277636045246,0.9817143054067944
R477,1.4355450508832686,1.3078981065402955,1.0943073533691157,1.0065984170130662,0.8662230290725595
R478,1.1414524099331789,1.115338596079794,1.150226532317882,1.1694844954718955,1.2532033963912568
R479,1.7606375445165205,1.6883422547087272,1.602498392025256,1.689640768610613,1.724828250358324
R48,2.3462071906307274,2.508517924351345,2.423704670070065,2.3300714711353807,2.0959278709571536
R480,2.508140285701874,2.3749623719288486,2.240187591909933,2.277227453239131,2.1266645831856703
R481,1.802203593750144,1.7014442831010999,1.5594547733715338,1.646351840160939,1.5765832738332577
R482,0.7025774756985891,0.7547231210857396,0.7547357060399185,0.6033960851688511,0.6278016440140562
R483,1.0896820215732153,0.950566421242731,0.8568827014736337,0.7485814075702333,0.6154076435621345
R484,2.7876558408582284,2.897350528874946,2.9905438215652205,2.9787815228793066,2.9208217821179754
R485,1.056037158239095,0.97375820504372,0.8578159910499268,0.7324059988713619,0.694259961937973
R486,1.2948295401072085,1.3966696153952374,1.4600600782073858,1.4000999443884876,1.5000828570451605
R487,2.6196053683489855,2.6904832868159763,2.7347569844330604,2.7109473534370996,2.7112075307137515
R488,2.2139274909657773,2.0036506829342993,1.8388437781830769,1.8941642386738873,1.8287581251036096
R489,1.2707608903755594,1.3160725292043143,1.5464475320502709,1.5127992311803817,1.5248308508218948
R49,0.10857892685372883,0.10585966882337702,0.0591593576455349,0.019266398066268623,0.014999163768554716
R490,0.7560967002706246,0.6643277146550857,0.5408123780695218,0.5436397306032175,0.6423636707142513
R491,1.4512775811573275,1.3247558449682708,1.234199935809904,1.053598088458626,1.0593275890829523
R492,1.154307430882754,1.079526786786643,0.9929471003205123,1.032752716783292,1.0683342284922486
R493,1.3890459297269744,1.2262384329618778,1.0410633490321843,1.0513038608820668,1.038960927156872
R494,0.021914745149002334,0.019833039481897834,0.05009715812950678,0.030039995262681814,0.0
R495,1.0642396040215591,0.9395528239412414,0.8205813881949682,0.7538570274393086,0.7207026902105247
R496,1.1386782209260802,0.9400778611329158,0.8153845757723774,0.7521135818705568,0.7290897402506982
R497,1.0139074971779243,0.9718322491086581,0.7587100090720197,0.6906629110056915,0.6250713696649052
R498,0.8254230555290973,0.785412929371327,0.7463934510241761,0.6135510050095597,0.6140201331472269
R499,1.9996333088393499,1.7509716516720768,1.5082258671832354,1.453341680810503,1.4448114503421219
R50,0.11781205478890006,0.06925481573486397,0.10092179515352157,0.11783548009938058,0.14921703428905542
R500,0.5622915120240947,0.5381507082504562,0.5807890190002384,0.6029272026584879,0.6406920646571208
R501,1.118753239411742,1.0330275485990141,1.1126058410125956,1.09443431505483,1.1000311294991967
R502,0.9194862691366914,0.9695128279404769,0.750156984154376,0.5446194026058839,0.5735711234881128
R503,2.1562966394168637,1.984302335580332,1.831558346311479,1.9232823853850962,1.8480004143687037
R505,0.7448799455746781,0.7938959290400329,0.8809174450809205,0.8863719289246167,0.904403751323552
R506,0.42006983220898064,0.35244433059239066,0.32807569194778397,0.2729643912085335,0.29364289520966236
R507,1.3967966830323966,1.27751028514877,1.217697097327832,1.1004348647512971,1.1750445593072252
R508,0.9550785491134174,0.9105993763274572,0.9150223630233122,1.0208929767002002,0.9945334676784504
R509,1.877969493836316,1.8274282170268472,1.8372059772848146,1.7520563167784706,1.7472251123226523
R51,2.142735865505184,2.0038115359250233,1.800882091500926,1.8382267232002165,1.7535619581377797
R510,2.2429094395182485,2.394868912351824,2.3681284594110172,2.4193486703096534,2.3533593833666218
R511,0.8790341688116042,0.7974761743419149,0.760689804960943,0.874448757304177,0.8048350978751821
R512,0.997379811350782,1.0216725691632609,0.8254734627946412,0.6066120334626564,0.6258440470303263
R514,0.6727447637735279,0.6981328581496343,0.6075738894182354,0.6417669434509671,0.7142294269240942
R515,0.7995240756118939,0.8208495471471386,0.9737400651868569,1.0634039771632398,0.9756932388016348
R516,2.574966657616706,2.6686513503386142,2.720125627954752,2.5999473546986787,2.6062920146059927
R517,1.0222012686047168,1.0322254975458465,0.8029747627944172,0.7338592150402211,0.7636398591705242
R518,1.5263221181018412,1.5461284824723696,1.4317030665942858,1.36384810004721,1.4025695479211515
R519,1.6091528207178898,1.6345205265735256,1.5371337428645753,1.6215330406955375,1.6621733731112074
R520,1.8431811277192074,1.8732391925507024,1.8076966183668006,1.805592720442437,1.7427379820680398
R521,1.0869742661995698,0.9714883431832767,0.9753916401192073,1.0046248684506824,1.0669395335306346
R522,1.5414346977331244,1.4342920393182703,1.4108212424281965,1.3378767417202515,1.280619434109084
R524,1.6373465597693593,1.6201777139668945,1.6014569855780918,1.6925477064682974,1.645671247897033
R525,1.0824739148666127,1.1260502733128068,1.0398059017026071,1.095096500505781,1.120659803116162
R526,1.4313662760355497,1.497435993975149,1.5550694229833963,1.5951140949906588,1.6429457141479247
R528,0.9618194092553657,0.881050890579569,0.7724361235374871,0.9038116070488805,1.0129166784600068
R529,2.2054420232516483,2.2304438489907215,2.2124948113724145,2.201621410684846,2.2565173832902103
R53,1.6636036158213368,1.6334875796221213,1.534815325811395,1.4567041686780657,1.4361141735709395
R530,1.8258581745013458,1.728561662115973,1.6211259468518817,1.6144399626334784,1.7685650774615698
R531,1.7105722057526564,1.7519484685949245,1.6037829598085176,1.6631068988276494,1.6519482733878512
R532,1.4887477164981013,1.5426462767432088,1.498724436949821,1.3467106075625288,1.391838045995553
R533,2.3609673861435554,2.30807101092118,2.3218452153625164,2.301690238190978,2.216326430424614
R534,2.000687474818205,1.884656273036803,1.9110239413585524,1.8185910466074773,1.7324545162558933
R536,2.6548075835799803,2.5907215162921684,2.483530145834889,2.4848555866386364,2.3444496583672505
R537,1.1749250446923527,1.1634587999658303,1.0672529226699026,1.0761655319030523,1.1254181794572033
R538,1.1561941885919023,1.1005287799735883,1.0084229202846446,1.0187930661511304,1.052599571571867
R540,1.8507391761210872,1.8474997003048192,1.7415269986020248,1.8005280827936483,1.695240589167545
R541,2.4645365176861254,2.5550856251772225,2.5694452023494114,2.722817218461867,2.7789777181000592
R542,0.3894841605516498,0.39471171959881524,0.35612851626998343,0.38682520184308666,0.3424811805125371
R544,2.8919295010350945,2.9233438316158815,2.8106081404615026,2.790334261531488,2.7125967515173772
R545,2.2266724318265307,2.144917310884829,2.0459650045528686,1.980230075866935,1.951533982235417
R546,1.1183340065794667,0.9910056122498695,0.8496949012963186,0.7096989682761958,0.7785976007369365
R547,2.039672719284007,1.8525699727699965,1.9109313685341434,1.7870384078414643,1.8756504860865177
R548,0.6600702182992763,0.6502783023742712,0.6217031210164582,0.7059605115677846,0.6908749134068194
R549,2.133570620937779,2.0938680806885657,2.1389160022159195,2.281856915756397,2.2151293175954754
R55,1.45845292428394,1.3910859790946426,1.5504130141744608,1.2973681429602766,1.2996989874947036
R551,1.8638240611541739,1.9660164132242268,1.967302816114214,2.0142875473672985,1.9828398344639324
R552,1.1500818105385229,0.9419510112140689,0.8211238050245762,0.8051896488045605,0.8120360385246442
R553,2.4834450003452684,2.475751547381749,2.456764887791092,2.500919808298459,2.537045476933696
R554,2.5612561466136095,2.58271126089087,2.5336987844875924,2.476520026369228,2.509198429707366
R555,2.0081034302137977,2.0051770097551214,1.9042588200669466,1.9574037469917416,1.958563375861646
R556,1.7598099342353724,1.852279187298141,1.829944484899827,1.7848585455010548,1.781484446255368
R557,2.1501143151280093,2.2224303866538584,2.2147116327622856,2.252665931235508,2.135534989119081
R559,2.809218894728126,2.705326328741319,2.653308927398613,2.591391147428975,2.5991809850451952
R56,2.79490463845963,2.8531116234964014,2.937424194183493,2.883893740420278,2.9065270846247135
R560,0.7697717910824359,0.6653268365038206,0.6960821975716326,0.6431898845138062,0.634831748969202
R561,1.4959484499536269,1.4492940602094986,1.4066725001754123,1.435030682794351,1.376875807309673
R562,1.45868600499792,1.3698703150829334,1.3683701624239681,1.243277700147188,1.18963865965653
R564,0.6773709790521305,0.629581174221227,0.5663891441308337,0.4586473291868865,0.32642218689865343
R566,1.3588895017899802,1.3392755362410422,1.2205114419325611,1.1270628214948422,1.1492146011472026
R57,0.718116957661775,0.7774758228476119,0.8532685841180498,0.8572708820841274,0.855923876214125
R570,1.7428873833003007,1.5302880628114242,1.519569154565418,1.4095606930757592,1.377449321096117
R571,1.0630629502086897,1.122787666841874,0.9889278654965921,0.9358999193544012,0.839491297736153
R572,0.8006612420829791,0.9130759034061764,0.9435070102564149,0.9806336706102663,0.9224842120836461
R573,0.6562943276296327,0.5668141231323889,0.4739101623016942,0.3938118968985087,0.30419130742921974
R576,0.9710377796777426,0.9063603552721707,0.8758883073293736,0.7940034421954159,0.7512809176362353
R577,0.5326544663800867,0.597455406487188,0.5875639318673395,0.5455925308257136,0.4619201636424688
R578,0.6856232098950846,0.6423542796075179,0.5781084351170189,0.44233742066861576,0.402206851124222
R579,0.9007493112025027,0.9216681827801738,0.9478775363754229,0.8771096980665027,0.8014112204246873
R581,1.5530153464754102,1.5393481464147727,1.4417592291624202,1.2651992344985832,1.3253790163964734
R582,0.44290330442753983,0.4275691106600922,0.39208289999062684,0.38241481789848336,0.2513189396962775
R583,0.38236364750553864,0.441806312528396,0.4169314740972816,0.3798087208587733,0.3358818080686528
R584,1.0979560797988122,1.092541454403955,1.1388695013713077,1.0914626190507581,1.0398482732781706
R586,0.6872258040284366,0.6793000083408379,0.5981755870583727,0.4859348766097209,0.39849456497670377
R587,0.8299834293943495,0.8147078872998479,0.7457448465402359,0.5737524046099136,0.5342595232959141
R588,0.02474386744923715,0.041119385953125386,0.05573730152115343,0.06381492542159521,0.004855087919736759
R59,0.7461321487924761,0.8439180779092326,0.8148548583660586,0.7750440279149495,0.7708941469265054
R590,0.5556818994076822,0.532513381020516,0.4615275119502481,0.4127621833581197,0.41556460794054817
R593,0.8650612742488255,0.9153904106432904,0.9201803612074158,0.8086550690548715,0.8705743683543802
R595,0.2718744242018107,0.23396129998357437,0.15422547139963944,0.124936157921471,0.13920067992246069
R597,0.40257263761571643,0.3590488895326277,0.24873446242977748,0.234194341363946,0.1936022005267336
R598,0.3189908569096605,0.3512949853143323,0.3555269823428142,0.32240122890259265,0.30463442940385677
R599,0.9259985463073712,0.8475383705720727,0.8289950949261938,0.8245680993877591,0.6523304001524616
R6,1.4900072278033754,1.330699236630168,1.206787364989554,0.9805825241083337,0.9999957037054504
R601,0.5825166179722908,0.5414538908008316,0.4518081713107878,0.4002638775173722,0.30922113954360214
R606,0.41372603646381106,0.4662150494322039,0.43557361088970015,0.38527433202791356,0.36242209283073623
R607,0.8068489054244167,0.8351170712109938,0.7786787558042936,0.715312273335849,0.7036111737280139
R608,0.5627100597036928,0.5739042485423503,0.5526818414482888,0.5497804132734891,0.42426448654682153
R609,0.4816847540589831,0.5020802459964737,0.41021377798816544,0.3055997996926899,0.26928925049499586
R61,1.7559794058598115,1.8245126493200992,1.7833696119228701,1.749832205513693,1.7296308624663654
R612,0.7956215233830475,0.9227332936817889,1.0510975691945712,1.2320665367098136,1.0333443936943676
R614,0.03573035486102498,0.0572882274559677,0.06523328252633122,0.06538460542695627,0.056111701726622505
R615,0.9017809388852941,1.002795786414699,1.0539395010625858,1.0207668702434698,0.9840768002000483
R618,0.43536575368304414,0.51940673660761,0.5555906798532974,0.5698439951358937,0.6053258134600977
R619,1.4481409201384787,1.330209258286877,1.214703114471943,0.974858599092235,0.9864060022793306
R62,1.8440373255006817,1.5762042581612496,1.3505595216300046,1.201706658730777,1.243712775213456
R620,0.40854226742583416,0.40539225306245813,0.41077922693066937,0.35942209068628705,0.3046285713276916
R621,0.6604812118485985,0.6248155057893001,0.559977378802506,0.48377764258947853,0.38001215365773755
R623,1.146366061925484,1.2116428029645547,1.2801001321452978,1.2362915511225783,1.1545740170445862
R624,1.0946342537413387,1.1623891107153068,1.091378425392909,1.0085603197804194,1.125746447503307
R626,1.7266719308414358,1.6566746253852918,1.5955177596084624,1.4677171392732962,1.5011468498474096
R627,0.20702427373424662,0.16264801301328718,0.09763115597449884,0.07068060083918189,0.04205238955054138
R629,0.30374906962977816,0.30880069152442763,0.2952383223856328,0.24125238793109893,0.1642607957561308
R63,1.0999324630817178,1.3618849797384813,1.5118584959182326,1.3763977453877183,1.5446358495960224
R630,1.2027458017642303,1.1901743169224501,1.190373839420603,1.1131744103982761,1.1895235413341299
R631,0.5131453239278191,0.46193728054851846,0.419172436697004,0.3758102114532193,0.265147677346322
R633,1.4201787258512844,1.515382897329709,1.6456574652067808,1.5781474107775668,1.484241525370797
R635,1.3685438763966227,1.3796248117275602,1.3408552279654564,1.3088903806017205,1.18656015801728
R638,0.9009166790298522,1.0138842663195073,1.0911516150654887,0.9782710705580608,0.9765497315851713
R64,0.531263662537225,0.5966660038898168,0.6940721776826803,0.7762226756924635,0.73207141715788
R642,0.30196813470034556,0.33078513615976174,0.3200920278661893,0.3044645402922142,0.32476040418860197
R645,1.165543406417299,1.0618224748463554,0.9955853834009633,0.8434434282470485,0.7903154660183189
R646,1.7144585663847391,1.582632218410308,1.5204282628954087,1.3478757005492714,1.2706636913509681
R647,1.121755658218626,1.0268297675178288,0.9723929275354167,0.8706026788574641,0.8092476402515416
R648,0.8251895926974225,0.7636818546530827,0.7480150511155164,0.6199067104588821,0.5720973325181378
R649,0.6445842148085513,0.6402053624987056,0.6652756141738929,0.632582212127612,0.6536784058440074
R65,0.08758720811772037,0.07444043659635044,0.07397706379657136,0.0870469801203161,0.05811276130880151
R651,1.3541064082925724,1.5527459922801419,1.668209584125059,1.562743353873817,1.5252463889264625
R653,0.5840504782870947,0.5442764548832109,0.5174568481801181,0.4538501922063236,0.35434683677196543
R655,0.37820903575045334,0.40460673971410765,0.3942608176719011,0.3008808955970833,0.3018147390293613
R659,0.02959559543051971,0.017480373866515166,0.025662794825886803,0.033678893657120824,0.04798862811876936
R660,1.0357794801852525,1.0866089518498736,1.1261221513270445,1.0813560599507228,0.9713408951278159
R663,1.1363544882958325,1.170689887056094,1.2503848971049005,1.1576177466660968,1.109890343566046
R664,0.7126064980769856,0.8175253808092197,0.7515995237415527,0.7595035567946139,0.6625252561397351
R665,0.815207269699493,0.9026712946508726,0.8229967283834869,0.8308102549423125,0.7519386584586958
R666,1.4415189222828986,1.4785386653024335,1.3767483200216928,1.1815714248146343,1.155057420996845
R667,1.1829953877202977,1.2184216410903181,1.1191499230065631,1.0861366916351456,0.9247757914973257
R668,0.32596945637444846,0.2858135374274841,0.313641935953018,0.2382096381180815,0.20168382925329528
R669,0.16589760687399963,0.1741871404507427,0.1808450435197785,0.18265242282187766,0.15085859156076192
R67,0.12866089277376475,0.14645406247915585,0.14532798416610476,0.1078062732269712,0.18236346931005953
R670,1.304982461966813,1.3794863041043202,1.303747082661232,1.1741203843251686,1.092064989509597
R671,0.834039768275787,0.920694729711829,0.9290557493517132,0.8710921854744523,0.8819378444727733
R672,0.7020813075749361,0.5841754360362643,0.640500181604394,0.6450514802090178,0.6162575806519527
R673,1.4914324755607442,1.3976193080556887,1.2010891512729223,0.9720986113874698,0.6833198690400255
R674,0.9249456240461315,0.8525807411050974,0.6301835750805131,0.5305101174405343,0.4290920065238301
R675,0.5658847050080436,0.49298998922209014,0.4858783407802052,0.3806605889656122,0.3747709281899122
R676,1.6569590177608096,1.6629586436714756,1.4459090280211824,1.3906552303790427,1.245118863902611
R677,0.07643826802497541,0.09693035078421386,0.07489122956639963,0.0389158490808922,0.0765884322184389
R678,1.513443479674949,1.6288215250767382,1.523431307716059,1.3784847381704237,1.2545872595142342
R679,1.3330640049475317,1.364982632274527,1.2803510951087063,1.1195022731928566,1.0348510075909916
R68,2.7613563889934283,2.782754489620932,2.7697638397419513,2.7913173836040492,2.7703181673144512
R680,0.8130984710014312,0.7250939236045794,0.6834050707600859,0.6668785537228051,0.593497955177827
R681,0.09697332812504506,0.11016699642896637,0.1260880713572957,0.09782829016642464,0.04608399137336078
R683,1.1735554175656133,1.2327958344374597,1.3101513160883127,1.236722426425918,1.1516701491473311
R684,0.6650652462642387,0.5192400911890668,0.39343413519301335,0.3754826547360324,0.28605568917788454
R685,1.6407220176865158,1.6821917400906126,1.6003724340405665,1.5563899824032525,1.3611358683981396
R686,0.793607954605435,0.7310709538807532,0.6275500690252424,0.5641864252245304,0.4108910032121001
R687,1.3641608610952325,1.4761132954592904,1.469308251593984,1.329600375068892,1.2827198683214391
R688,0.9633451869291567,1.0390874961989962,1.0558611382644036,1.0856816751912037,0.925276960875426
R69,2.589510898462512,2.5323631280255725,2.652783115999648,2.6429387413675274,2.695820719658268
R690,0.8726157371984092,0.8978424518735364,0.9203756036826892,0.918795347368647,0.8128014367488012
R691,0.9279219898774512,0.852830948558529,0.6256467342776686,0.5242733170736539,0.4201671751336389
R692,0.7850606285597918,0.7752102074241325,0.8452429922104729,0.8391111596713215,0.7857840923792819
R694,1.684002970346864,1.709514755625255,1.4715791816250403,1.433771721605599,1.292963298891257
R697,0.3275550272268183,0.3443143173726422,0.3087526471146043,0.3207340621140559,0.30910098862451607
R698,0.5190479433269769,0.49178258733041,0.5317530771911291,0.544050854064246,0.46570014112941577
R699,1.5679050804407932,1.616524835694792,1.506392526660908,1.3124117156537316,1.2102978202824057
R7,0.43819522656137544,0.34194753812455325,0.29254777428838724,0.21113131585278086,0.17525389477699266
R70,1.5364384105387012,1.5137279212174772,1.569946377681035,1.3862391208322051,1.3852657095904435
R700,1.0594755319247362,1.1338216352130086,1.1318940204107155,1.0460958591558989,1.0913723813130962
R701,0.06657879769412793,0.06940144732987512,0.0945209832517694,0.06750759984585698,0.030130657152369823
R702,1.5221689391842372,1.7350741179498737,1.5923491583839244,1.486825139583141,1.3915683850258398
R703,1.723104399574447,1.791465695611989,1.6515325933221974,1.4373500826337446,1.3333950598628836
R704,0.8240809874811741,0.7973280475047133,0.5923912382102254,0.49142086286496584,0.3684887495809087
R705,6.78643242063923e-05,3.393216210319615e-05,0.00011113906000989767,0.0,0.005960846192960003
R706,0.29703951045313437,0.29821355806820665,0.337024721055264,0.24579914326851457,0.2778712050184083
R707,0.8704386283490804,0.8978119130661423,0.822171465376964,0.7588872962398424,0.750622418326078
R708,0.8501554358023112,0.8299991746100583,0.8496156109743923,0.788201096213234,0.7239239583056055
R709,0.8868620693112939,0.9021544180749347,0.9062432983153249,0.8707679521701708,0.74562361807418
R71,1.676215331396249,1.7430915524271822,1.8679440211775713,1.888791064877505,1.8494206484759987
R710,1.5410351555267694,1.587186007358633,1.4661051496705044,1.2844534152552616,1.1837768614793742
R711,0.07169921244928745,0.04973241982673689,0.05835533305626963,0.02140050839832693,0.019495479397124472
R713,1.0182048258063334,1.1212449604816592,1.1114003538643489,1.1726005582833614,0.9643666821220975
R714,0.8593378191585476,0.7865484006192931,0.7424496924086632,0.5849225592289041,0.5164077709175897
R715,0.6863121191396696,0.6157662092202842,0.6938112698950527,0.7207824627846486,0.6375971596567152
R716,0.9491962716991937,0.9207161465845596,0.7220775569478383,0.6318704587127595,0.5033990266092935
R717,0.9543398147822412,1.008144173805405,0.9722878174696039,0.9931817716911524,0.8738511404642513
R718,0.9190814793560919,0.7991428343362983,0.5553871411028882,0.4659458288881046,0.34667928485102284
R719,0.8121311334089384,0.8429969161724201,0.9082669326187047,0.9175628286828303,0.8636869960614013
R72,2.10652484016993,2.2772147729979,2.3482176843927105,2.360109362257765,2.398083485423574
R720,0.8541500707089477,0.8934663250088009,0.8579418405224665,0.8529904373378383,0.7521970871210106
R721,1.10545291935846,1.2327530434880722,1.2775082044147397,1.1887742772990584,1.144328481295732
R722,1.5945842006523514,1.7587150860178815,1.6419598221029472,1.5238677639598237,1.4003844263726133
R723,0.9774179788159066,0.9139847133512379,0.6377363232094231,0.5509037506572844,0.4231854950364296
R724,1.1581683797878868,1.1110001094699864,0.8502327019668942,0.802016363764414,0.6543849455475281
R725,1.4293269993516868,1.4627838627189127,1.3489973413942107,1.3027227102979422,1.191106933395446
R727,0.6263911463598059,0.6774367431832506,0.6177311792473433,0.5623809475084952,0.5294196664157563
R729,0.6243233330046114,0.5645415237082062,0.5258618381543954,0.6140704997634258,0.5624487700061181
R73,2.7426684266083416,2.6992518588684495,2.744940199403506,2.8357496635269688,2.773146206662808
R730,1.252754867499712,1.1976911024302261,0.9527528023669761,0.7832354473374645,0.7066839837664414
R731,0.4713156724159,0.5088893751555987,0.3776169571241281,0.2915511643198891,0.2534488438529209
R732,1.5183215028970454,1.6322657157044544,1.521734751547882,1.4111885620994236,1.257199154729456
R733,0.7439855983480966,0.6261115965885651,0.471022911399717,0.44858615476916014,0.32372012977376485
R734,0.9355972569333164,0.9500090892888982,0.9054068300086346,0.9128215295679836,0.8885807111620414
R735,1.5235222195957578,1.4400384731302258,1.3351980800593908,1.1247394054724418,0.9001007312328184
R736,0.8430740545720254,0.7579131956904454,0.5777741840689943,0.5360862250253503,0.3987479882296126
R738,0.8051131323330123,0.8520081774191922,0.7842561243498029,0.7679064958120644,0.8066010980135854
R739,0.6341730482820499,0.6549944936281423,0.6221792302463577,0.6033183057283796,0.5201452663763231
R74,2.475291881539106,2.600102200311725,2.669507460173464,2.65581367010886,2.6794540239354845
R740,0.8216335310552192,0.7773664960527891,0.5738765785953879,0.5276481930888552,0.34463807604215013
R741,1.7106624043644578,1.8423255968085925,1.6888964597099485,1.5913807559447857,1.3932747817980238
R742,0.07765071486741787,0.06987297059067182,0.05318900718554348,0.03187806559323938,0.04622893372562339
R743,0.9370819313326644,0.9356360365471487,0.8637860177278425,0.886530939883684,0.7126137648918726
R744,0.6704924462951274,0.538329291419123,0.38426727486607376,0.3606988470780843,0.26882637605480403
R746,1.2417972859654167,1.2782360092657516,1.2758508601145904,1.209640828529736,1.1368057458872052
R747,0.8011853280661256,0.7564381943810229,0.5641798108073969,0.5124882971349982,0.34591859599547
R748,0.719664565695929,0.8211872488190521,0.8734099562930677,0.9375087009136385,0.7772467228609916
R749,0.02079622334840341,0.019415584002423603,0.015020225864603155,0.004214655463819441,0.05183093479791667
R75,2.254763893801476,2.130681462148051,2.370817379664723,2.358876691292716,2.371300849265328
R751,1.2146875548443858,1.3518618795611115,1.2265939745026417,1.2087631807743608,1.1650709625533997
R752,0.7945041244738666,0.6530535406469213,0.484840698725555,0.46256234241364624,0.35777077917831324
R753,0.66566593541907,0.7160070246600085,0.7210737914480949,0.6614289153918572,0.5845977334967719
R754,0.8031996831696578,0.7869037408523116,0.874980889641698,0.9077860129854571,0.8990517283440495
R755,1.0209930156390117,1.050012424605952,1.0320609210197011,0.9548714285809257,0.8680813217141632
R756,1.3435111578476804,1.1899080346265916,1.1236750198881038,1.1790666659000482,1.0890363396179223
R757,0.6198261751728534,0.6450761285315696,0.6537253615854217,0.5686014467262028,0.5537604646908478
R758,0.16076199359873705,0.14427954432962897,0.11368341003636011,0.05553710526875965,0.043386811117308306
R759,1.2395333556546568,1.2384624046816974,1.1545599235634292,1.1084235032878558,1.035776292639494
R76,1.9944573148369489,1.917528294676888,1.854199628564368,1.840626305985148,1.930514856769075
R760,1.0522212827406208,1.103619203851117,1.2242073931372426,1.1630072638537314,1.163066615637206
R761,0.6109913473884053,0.5688794075027667,0.5708075843324629,0.5083456867701529,0.42780091517853047
R762,0.44760291774274413,0.4012670716756798,0.3725422773558392,0.2819842514538015,0.2563530513141695
R763,0.0345069510048926,0.03920349909355057,0.06857026464023049,0.06449361453440232,0.16431569875615618
R764,0.56723981650983,0.5713604211058089,0.49958489716293214,0.3935459789232724,0.3742723195820617
R766,1.8402534524630267,1.8940763017445643,1.8053602941344402,1.7736747292396071,1.61994330712862
R767,0.5617960386095239,0.5291253901554124,0.5795460377131082,0.4422376567707533,0.37674005379884
R768,2.197592868061113,2.19291232863747,2.207112935707685,2.0971702181283476,2.1294297746298674
R769,2.161078605535498,2.003566632968769,1.992436033417389,1.6810182378138596,1.716827009139763
R77,2.4735828764223955,2.546871893142147,2.5229531370053553,2.5892087367139425,2.564457971579804
R770,1.8112224639726453,1.7275000030154848,1.6703734502210095,1.5708349391277314,1.5904190208292535
R771,0.02260063727038184,0.03428067934015807,0.037649900664419,0.03479286836102477,0.011891200702681487
R772,0.5858090402878171,0.5683977107537577,0.5511789431234151,0.4219482694749839,0.45091289877492047
R773,1.9260218413618166,1.8192181988322895,1.7576398159654312,1.5427461723359472,1.5704324053511665
R774,0.3837646769785734,0.3567788014346874,0.31706256138664624,0.25233630600295887,0.24727793496664235
R775,1.6340922590607174,1.503840216599337,1.3971022428446294,1.355684975408186,1.38825624729314
R776,1.6627821306416943,1.6484795013324174,1.5895713587177809,1.4997179803511065,1.4717820104315191
R778,1.2509355626353678,1.3768221003144878,1.5043415857616977,1.4475125374919193,1.5395784602725548
R779,2.0939677934631247,2.01168213000957,2.016004356188799,1.9812297284423843,2.006233200237566
R78,1.1668516261640338,1.2669990132733686,1.5081849626543131,1.611763150621699,1.6115140130701133
R780,2.0445446568767043,2.113933624453183,2.0890803530273043,2.015929310711103,1.8509648042242801
R782,0.9780914107011156,0.9426522284848404,0.9054586509988507,0.9462436396840324,0.9405484967588216
R784,0.3280877965887457,0.28606425559458015,0.25558166610625593,0.24926101749708693,0.3073571582442711
R785,1.7692670175566436,1.6215182892074333,1.5862509827408675,1.574799050115575,1.66758816470441
R787,1.5326430026434101,1.4983628218982874,1.4231742353082217,1.332234266358077,1.3629360887065278
R788,0.14671392870175545,0.0816939305024743,0.09599057017920833,0.027905485851279506,0.019469448712913277
R789,0.37056953236245327,0.3649485260869889,0.33631488546543886,0.2733487043489145,0.2694155108236942
R79,2.4849125151117426,2.4634939997875285,2.418062752164839,2.3873812808037327,2.4939462462362587
R790,0.9086907358362182,0.9944337510951791,0.9366790475008353,0.8632781716774784,0.8295746220457572
R791,2.0712919994314043,2.051735073154468,1.9739961282946457,1.9238476695834903,1.8051069344523987
R792,1.7687768792474456,1.5061824270230826,1.4983126168407297,1.4432816433972047,1.4326612789973976
R793,1.0022148487559321,0.9571246951903747,0.9116007850654193,0.9594311965147116,0.9230064996622013
R794,2.0070503538728426,1.9883030656035234,1.9636938696046384,1.919973363871365,1.9523194896283267
R795,1.6643280037728745,1.5454335462525512,1.5371212364391145,1.4503870277542172,1.4333677317237843
R796,0.02377924571428737,0.042313407596921114,0.041542765537982314,0.0836269962815488,0.08361683602272475
R797,1.180285317342205,1.1277006820867699,0.9887776917882736,0.9382178563367368,0.9484168558218746
R798,0.999435050346942,1.030979323657758,0.940923098272036,0.9700818037503602,0.8527742274178587
R799,0.19429497765000223,0.15040948769219267,0.08188690757311926,0.12950786646399237,0.15587550691981947
R8,2.252181424280233,2.1058640078505046,1.8247415619180853,1.9844907110169878,1.9227356939340552
R80,2.534257747608932,2.5656852854182013,2.709089317571939,2.7372328391009755,2.7610950040088023
R800,0.46385771232758993,0.5554539528375764,0.5149500572137673,0.47934900113343365,0.40500099432011655
R801,1.1602937664657655,1.1146921108325005,0.9595887892479018,0.7546186594704695,0.8443671305333122
R802,1.949227112850995,1.8921585054557484,1.767345450989122,1.6088871644357976,1.6171757023459559
R803,1.1070474242721144,1.0394238158624218,0.9844609099898288,0.8857160081125328,0.7966861612426233
R804,0.384294841596939,0.3980826905761533,0.4003072930955395,0.4224616060954227,0.4012557330359652
R805,1.2580307259326622,1.143416412478122,1.012135403861947,0.9631362714545391,0.9795524160324098
R806,1.197111182043829,1.0888242746846672,1.0365293179508606,0.9588244458292411,0.9323461070682988
R807,1.2010146292507633,1.2158907692302652,1.153064524869624,1.1238796432904616,1.0861638297474039
R808,0.004336128705412718,0.005911690366329207,0.00847961774013317,0.0008502656466338308,0.0005768467557543344
R809,1.0008032780836167,1.013077724587058,1.036917679163556,0.9937300666099762,0.965362682488916
R81,2.1482691679445036,2.1646197251154944,2.2448848176474137,2.2259832363745464,2.2518202337269724
R810,0.182232281507899,0.2245431209248941,0.18234143884965912,0.21412359856885013,0.15580710855878102
R812,0.01324548540232613,0.012109787085871132,0.01189255144510578,0.021830130455346288,0.0030878267513908494
R813,0.2868164516454545,0.33127461377513884,0.2730737454191582,0.2968546158469166,0.29396178828412195
R814,1.240893330397015,1.11661995796623,1.0241349864179858,1.0553089335295138,1.015309257300433
R815,1.3007032866988824,1.3695902223970993,1.3311214611019022,1.1290274616874356,1.0975925004905884
R816,1.4194314302278614,1.4401568942984866,1.340135961000424,1.259721734884828,1.2633034916914085
R817,1.207751543913251,1.1339678018099801,1.0780684056579668,1.0389681734047138,1.0849810078984556
R818,1.7670218420366233,1.7298888286125358,1.6943655998931968,1.5958964536174236,1.749486104385171
R819,1.1680288742744858,1.133437707341166,1.0041334070641597,0.926862448074629,0.9338380748050195
R82,2.075222860362852,2.192692525093776,2.3250963818473687,2.2628902851437918,2.223990933713915
R820,0.9429902807660125,0.9538840264854854,0.8956374711462562,0.8751079475839537,0.7722911174897087
R821,0.3451771930036182,0.2808915672772613,0.2727299808731689,0.2529173831644617,0.2151140862058145
R822,1.911494990749088,1.8270681697797013,1.7572413512783465,1.7522915082114323,1.6863434917799285
R823,1.5856605890887634,1.5724188702949293,1.4538378410397346,1.5184692965065656,1.5825269186013846
R824,0.6057725087684016,0.5603669534016184,0.5371592147672579,0.45466520652265313,0.503790459790648
R825,0.15512680165743387,0.1665655451698635,0.10546120143556917,0.0747004429934042,0.026835543005348864
R826,1.853802346655505,1.722649745996892,1.6484403221500643,1.424596494265353,1.4801819365499722
R827,1.8486352705792994,1.7234012692907152,1.6413860500165756,1.4191687121940104,1.4852925256174263
R828,1.0023389964959177,1.0808897806604365,1.0971616311426895,0.9660862492821308,1.0051048483015381
R829,1.2012054232195852,1.2031725868570502,1.0485777545104107,1.0658539282956023,1.0225976710473372
R830,1.8453545543749537,1.7787216356024638,1.7075218477256515,1.5016844987234965,1.6257680439058337
R831,1.922360060052121,1.9793793238512318,1.9243601899623075,1.7932384073243084,1.8461297536617614
R832,1.3634767630849873,1.2641249972995978,1.1762764380601642,0.9715297691595064,1.0309612769412175
R833,1.629550169090894,1.5851131746749214,1.5424630105206754,1.270189265710303,1.1844067509909282
R834,1.228573130874183,1.162218120664277,1.0143952359985162,0.9656056420325226,0.9880450943309859
R835,1.1464655745695362,1.0947909278824264,1.0241294221666448,1.0428778914829528,1.0037349562961864
R836,2.013392921065996,2.070939767661432,1.989744062039067,1.984475318972762,1.887083099885437
R837,0.062480005079745105,0.05595203636157178,0.05447661263135579,0.06316903398713845,0.07616409712467198
R838,1.0471514318652455,0.9687590239206149,0.9822167476564695,0.8420114246654543,0.7822653850616041
R839,1.5603158096023266,1.6560551909961252,1.5844829775579305,1.5280829861046,1.3369043712956257
R840,1.165187606230361,1.0597340801113604,1.0897393863169764,1.004257904582412,0.952060066890243
R841,0.05149207780513293,0.0183692535137929,0.029515004121798756,0.030987919295744973,0.03258789999474644
R842,2.0375680049102733,2.0078563902238242,1.9321217447751684,1.7155794554591646,1.7501758933037466
R843,1.6352088702589922,1.720145060071079,1.662780654246396,1.6227314090146743,1.5388555235095664
R845,1.3512656533858376,1.2597683621767635,1.1882950945770145,1.0773088913399675,1.0280330750440307
R846,1.8571938489453919,1.820632914462037,1.8373091601423184,1.7475879357746529,1.8784803930887761
R847,1.1649309405862398,1.0400930633580487,1.0014795831227146,0.9448788264923554,0.9317672451576113
R848,0.8981948512268403,0.9903679540736758,0.9990264661196278,0.9503606517642856,0.8917575662118877
R849,2.0886175654257477,2.0472164905555585,1.9809499120612986,1.8398515730924452,1.8900181308033703
R850,0.010399115796127656,0.03323655278008063,0.04872090356676325,0.09051006507613205,0.11898973591528982
R851,0.3799041149000885,0.403457267432814,0.39905171726320093,0.3466461766172149,0.2907680055173422
R852,1.7424809168553972,1.558378169577365,1.5904356877532837,1.3537046185998483,1.3716126838249085
R853,0.741875880157691,0.79471080700447,0.7881022805634913,0.7098694676266118,0.6384601638836606
R854,1.2960769909525809,1.3110963783243739,1.1381493196228847,1.061562476232924,1.1355188374772518
R855,1.2645273402943122,1.2113480068496376,1.1682578935164099,1.2192939054043015,1.2323563290773083
R857,1.4901379268743729,1.3170738697317055,1.283938635963939,1.2525398563545453,1.2044159195844306
R858,1.197452098130233,1.025771998635852,0.9048157456639084,0.6907387982087558,0.7502380239908806
R859,1.3297568192330196,1.22468611251215,1.1401400910427633,0.9225318322029444,0.9620729797323084
R86,0.2853210165265121,0.30141815501504876,0.24413700043434924,0.20985533803098058,0.23182532349339927
R860,0.36345296271832367,0.3630362460597422,0.36921174174334553,0.3491748955854566,0.3086126689130086
R861,1.6703803110964384,1.4509327448674607,1.4274365916498855,1.2280468264201279,1.1627129350331609
R862,0.3562576427583906,0.3824573448002501,0.47990908664759657,0.48407770241372977,0.47992407358335654
R863,0.5332176469921787,0.4545952154136252,0.6120650803831615,0.540367939942491,0.5817302944070086
R865,1.5373508969296525,1.5756584056656042,1.549989526249058,1.4303041141850679,1.2356808600128464
R866,1.9583117252525855,2.1000462063917285,2.0202965503270875,2.1985838804001023,2.379335278215905
R867,0.5817697606762281,0.553594914934894,0.47488986442781084,0.3821107522786218,0.4934436114696653
R868,2.0511826319331834,2.0634750562501014,1.9860061913183202,1.721738627279821,1.7669894278194045
R869,1.8440738932915393,1.8405950503088917,1.8294193022846004,1.5661693381653317,1.5990697762599455
R870,0.5884484194463534,0.6615320389719516,0.7624594158276405,0.757074394582235,0.7287320649309323
R871,1.9255824049739787,1.9397604042218224,1.9031911328139868,1.8487852064162371,1.8835385178399198
R872,0.2640770294083447,0.21016824893451067,0.19273063714042038,0.19967163492214626,0.2353082328648035
R873,0.9495656083950852,1.0309531737331594,1.0351338342396008,1.0478714418753787,0.9514021856301813
R874,0.7834993788269821,0.6811121598899149,0.695992858482272,0.5669613975798284,0.5396464447423973
R876,1.8468280782503386,1.8171672703979547,1.834275793126117,1.7564745668214936,1.6324880883975648
R878,0.067602514391097,0.04255511593013714,0.01770982320205641,0.011360027364235812,0.05118422584072582
R879,0.40967124260373816,0.40331627258209213,0.41933327722285246,0.3742813818238198,0.3930964184247503
R880,1.3694137396985158,1.2806638116986713,1.1915015264228348,1.0906193348114406,1.0640989059041326
R881,1.8583597954298852,1.8211738554503412,1.8270984365758038,1.6506703770831554,1.6433525739289112
R882,1.3212951619247861,1.2005241178609056,1.2448879370499328,1.2410517904431935,1.3077846437957836
R883,0.9580893107309735,0.989344507781414,1.0704376084317704,1.2310127362980685,1.26274958169225
R884,1.3806845110725634,1.2552412916898756,1.178492018156146,1.102078279691155,1.067809284787143
R886,1.8333461827656863,1.8120297748571856,1.771138990538018,1.7767518393139645,1.8143681080120413
R887,2.4791850362210335,2.341125497569277,2.2754227808925753,2.3008972117079427,2.25615671487675
R888,1.918949256594435,1.9303458482870635,1.9208682799810315,1.8678352218547456,1.9292260692790832
R889,2.062897275667396,1.9528238399735007,1.9027103549340778,1.8700537436614337,1.764158423215576
R890,2.416353339862183,2.4938891370224527,2.480610144094795,2.485682498194243,2.4840072091817875
R891,1.7614933074123256,1.6033494099583112,1.6001211095957575,1.5124054705989534,1.459260633005769
R892,2.4324645167094254,2.398807412174704,2.3663897553425497,2.350227840218059,2.369573314418137
R894,0.47524699260877484,0.45592036211555126,0.39017001943336027,0.4569163632441123,0.4895354111978122
R895,1.9777710678250109,1.975280953685342,1.9678212528078662,1.9990874019829956,2.067429698779732
R896,0.23676300444242385,0.2510048169298151,0.31964827302210436,0.3218110678312224,0.46301553095279024
R899,0.24011181342445106,0.26439182096387226,0.20293465661194413,0.2229365639305044,0.2667086361627788
R9,1.9628905215118875,1.7928769176140267,1.5811079192092947,1.5547521995098108,1.4837874185165476
R90,0.5474202697020719,0.4450110870304699,0.3098137145489843,0.29593742263573564,0.24447556058996392
R901,1.7521400475046796,1.7029784011618372,1.9475950364469778,1.9155736304014541,1.8840978251303326
R902,0.6841365890361197,0.771375637658816,0.8775902334353266,0.7581069445273425,0.9133815497800467
R903,1.69128211195735,1.7640688357289391,1.8195393709015546,1.7352826670956392,1.7007829334893259
R904,1.0632731567674505,0.9467871877703752,0.8850687883378036,0.7512205980243987,0.8058358074028568
R905,1.0758811789996412,0.9933479106202393,1.0240541080016239,1.1507393677810616,1.2530961080191358
R907,1.1634861296216816,1.1595775068597853,1.051637586258576,1.035167255480292,1.1267435788498634
R909,1.3838501460028896,1.4034510961439355,1.4829344017021473,1.560582564870975,1.7067978828874006
R910,1.3574580582968088,1.290447314247957,1.3590576737403224,1.214809128241257,1.22761322151672
R911,0.8872852670820863,0.9037636249634365,0.9448898491820915,0.921682026686816,0.8962256803288635
R912,0.9031895761568203,0.8276335045974236,0.907954234172059,0.8358613771339382,0.9124909705469436
R913,1.5538146074738612,1.4058236775839965,1.3883764481686782,1.236476063001707,1.1403317497277246
R914,1.794069455141226,1.7881475927436903,1.8514007930351997,2.091450332424526,2.235597981678317
R916,1.1077649728155088,1.1196602200670198,1.0294912620668901,1.008867919538838,1.2000087264403034
R917,0.890889551866583,0.8360744466669395,0.837705502959365,0.7297617760005594,0.6972268731609419
R919,3.242281884195118,3.2378955193045833,3.2474128571433387,3.2138312634416795,3.1700953241145937
R92,0.005041590474167489,0.02429542806588844,0.010858291873022768,0.037481336832229296,0.026549108716964358
R920,1.8281813212824274,1.7957655868111302,1.7123846264045537,1.6273548662317416,1.5558536561889942
R921,1.4491986895052011,1.3624016602696216,1.3279224885148029,1.2508114015302654,1.2567576286051776
R922,0.02116655025403445,0.01713194672290606,0.0355006278218991,0.04588095125953624,0.07664986026243786
R923,1.467957199625273,1.4200603082839878,1.3281407705126487,1.1569448223090841,1.1806711555255247
R924,2.2991844948281943,2.296892217312217,2.2143756905076017,2.013270170430848,1.919554130623594
R925,1.2711804177944013,1.2647739386121837,1.1976707519968761,1.1042073414299374,1.2939931584314057
R927,0.0,0.011604799439293082,0.0,0.0,0.05689469363833134
R928,1.2020512388674445,1.1420033701887113,1.0882718611631064,0.9529497451205685,0.9302712250204945
R930,0.9205501933821232,0.9561118014542804,1.0392574416241782,0.9585104112864,1.0782116288129993
R931,1.7543879680673646,1.7692371427116371,1.8030768292857056,1.6496144781403073,1.6835195208285587
R932,1.240791556070485,1.247186648173095,1.3518573136078293,1.3167098174506915,1.2707361385945377
R933,1.8142357386476766,1.789649658068609,1.7906085075653762,1.4870767500276019,1.5358451219191753
R934,0.5032899979327521,0.6013910874476383,0.7102295465206927,0.5789785966064424,0.7044114551843033
R936,1.623877050908861,1.460693531426952,1.4647748257516329,1.321839568841077,1.3228144204684948
R937,1.139325450603461,1.190067855802591,1.2583262023528046,1.3252555798469057,1.2337357900908719
R938,1.37715311201827,1.2488758195948095,1.2673958925667406,1.1468802082781095,1.1310509536834825
R940,1.1394602141934838,0.9655427435763659,0.7175741810819996,0.7164021342180037,0.6186997646085358
R941,0.41985249324824414,0.47684778778354076,0.3888996219979904,0.26070233647447005,0.2880569357332017
R942,1.2910983325551102,1.3142752208294288,1.3070825816488005,1.519229107211613,1.5350693675991443
R944,0.9157164523240645,0.9045948004068333,0.9398736512181901,0.9475368975632575,1.0074259698172872
R945,1.6751950141340788,1.6311755618977166,1.5777683241250153,1.61757010902345,1.8320645019861759
R946,1.7118921876332638,1.8077570023804963,1.7982344618410484,1.8243660582248549,1.5899032803575017
R947,1.5433913944758189,1.5490577130680627,1.6163763347035665,1.548862678271471,1.4323278968897197
R948,2.8107051843676385,2.7237279147581446,2.612339262574938,2.4879820461953215,2.2985241437914765
R949,2.4825899001653644,2.5845082943459934,2.591903123508212,2.6197050014868375,2.6249787249635474
R950,0.3974229631294756,0.35730908273814094,0.2581417323675909,0.22995144970432288,0.17917464896548388
R951,1.4614648624472804,1.4709689099583816,1.4989888959113362,1.4142006375148968,1.5827017287906233
R952,1.75296526452966,1.6089289612420845,1.4748332004889884,1.3381900067647552,1.4275546572921867
R953,2.3957542689404345,2.4330972040316197,2.3292464944055067,2.1759946639337415,2.0535523841926673
R954,1.8144811440076778,1.7106800844058998,1.5484377492679182,1.4417192709253248,1.3984363564320128
R955,1.5038608071892956,1.3866922066053722,1.3769242354299254,1.188537443964947,1.1183611681672412
R956,2.482189953543037,2.4487836734731028,2.3961429493924506,2.319220641568048,2.25814584730395
R957,0.4642446088481205,0.4204097830292471,0.37335212131090517,0.4223368688360576,0.4787167908697397
R958,0.10371680771910893,0.08457616676064982,0.1424951314366801,0.09310619298511481,0.09150762943862632
R96,0.3018268092534158,0.2572713895142237,0.20786192101044682,0.14332413049889928,0.12897856024622892
R962,1.5814825191990243,1.709464360132094,1.652561613145208,1.5604938107997888,1.7831635024303103
R963,0.9834411037183197,1.1147972693728307,1.1940731068362618,1.0979829886266035,1.0697462039267833
R966,1.0969471907503392,0.9121091816478012,0.8697438606820839,0.7747502105697857,0.7266087942349828
R970,1.8030310070170041,1.8293423496808954,1.7101006719631946,1.56646107235274,1.656066160779388
R972,1.6659347615902642,1.6427570250118928,1.5471969065379925,1.3277525922566316,1.4962562571829792
R973,1.6221918696324125,1.7129170095630772,1.5899262815159563,1.4132566118717635,1.4280499092474628
R974,1.4318395784523996,1.370728065433947,1.1396980562130505,0.8462474761718118,0.6616555489950376
R977,1.7559466689408056,1.8627690319826644,1.7327445365228684,1.6434940516550742,1.707222556360998
R979,1.6295287135770484,1.6230606624784647,1.4818857725519063,1.3058104053371447,1.3247547743739314
R980,1.68492564608135,1.8031037631124982,1.7066032826302318,1.6128582626790624,1.4612375661974484
R982,1.5362924357623193,1.7120190918420504,1.6669492390580876,1.5412373205786076,1.6723676714337847
R985,1.5161772076949582,1.4397691071625747,1.2690900416288875,1.0088310940712961,0.9787668260943221
R989,1.1176303103218814,1.0014946708162213,0.8548475049591406,0.6254918508544992,0.5706346837622085
R990,1.3082157822118783,1.444916998409823,1.3932684555965205,1.232248633588491,1.3082547100192345
R992,1.5755746022276196,1.4142002306751982,1.4038500957819433,1.2117910099232088,1.2048008993532981
R995,1.7111501958145259,1.6073713302704893,1.5009313300660578,1.434835536991115,1.4335582272280782
R999,1.487787515947288,1.613429806322625,1.6188844145380827,1.4925389673572884,1.452650606970973
