region_id,pred_week1,pred_week2,pred_week3,pred_week4,pred_week5
R1,0.4536759864836684,0.43758803004834695,0.3575692685726599,0.26027989227482173,0.21669483033296957
R1001,1.7006275984140233,1.6660578424293697,1.5193098302236865,1.3300944440286055,1.4454009003902768
R1002,1.3483911441462806,1.3103754979058477,1.1347773462766784,1.0427683047883636,0.9015999833246552
R1005,1.6225182076241143,1.707207680755803,1.6731269825733526,1.5225694241213754,1.5388563068044947
R1006,1.8189859344015753,1.8688166827923884,1.8783191475585297,1.7194949179725534,1.7652810934954684
R1007,1.2329858206861948,1.0996171618405988,0.9626077233756871,0.8150140863020623,0.8069538325664251
R1009,1.4669557756455924,1.2548779293544257,1.0769331486054288,0.8268092673061973,0.7057613864325135
R1011,1.5826901856181101,1.6464487015086973,1.5243896103804078,1.420153733799872,1.4249187393689784
R1012,1.7179723397920983,1.6950124191689857,1.5027099817501266,1.3599810681125055,1.3058979887028097
R1014,1.8959078912875855,1.9296003416386838,1.935517253604914,1.7680350140093573,1.9956446749855865
R1015,1.603710909903915,1.7328107172205818,1.5235049671734067,1.4468892284355457,1.493463610485893
R1017,1.668751628969254,1.5442257285314818,1.3951072559375315,1.125282979656379,1.0666182901345378
R1019,1.3026552078430125,1.1622230692672342,1.0856893358352557,0.8903728475163388,0.9294857705788413
R1020,1.0252577440013488,0.8214207386354676,0.8095460510007928,0.7029370139999802,0.6169503129758738
R1021,1.4430476308883675,1.3747630120442238,1.1499053701508912,0.8646780596929748,0.6916876816663313
R1022,1.5221070643604924,1.4558719736058632,1.277361624396802,1.0254339578997145,0.9854953213645867
R1024,1.6552871963231799,1.6701658012058151,1.6603638513074241,1.5488640841700942,1.7458164223265151
R1025,1.7161787296877842,1.582965234924374,1.3982690772784923,1.1597589170856768,1.183726835032564
R1026,1.330569348358575,1.1547101790087742,1.0384518175376078,0.8572111499362851,0.8641146218107151
R1028,1.8361685422215572,1.965346644615939,1.9481755428911938,1.8817777774019586,1.8818195162499765
R1032,1.3755258954112064,1.4311129482304146,1.3500404210118702,1.3045642860009452,1.2529002607300361
R1034,1.1125192779611526,0.9922887978938317,0.8593287931345086,0.6381482067510045,0.5971196480313772
R1035,1.761081354107653,1.8204904002329605,1.7403041982565262,1.5685865552533846,1.7853909397020398
R1036,1.4119404343711937,1.4814646448340008,1.460421381277738,1.3008986927071768,1.551705056095192
R1037,1.5178012104969023,1.597811715374164,1.52928381087226,1.449633095742495,1.453182072810853
R1041,1.5768722163199884,1.6808460123287223,1.538534648061594,1.393869531621612,1.3584979714401977
R1042,1.6768445093105375,1.6920023905267967,1.6895103165624337,1.5896374635373294,1.6403551027240855
R1046,1.3957731126937907,1.4965288635097542,1.5378000911409357,1.4170885392815795,1.5742617075821117
R1047,1.4215922053494245,1.504439825659694,1.4557311458258149,1.332509363773849,1.480606753298425
R1048,0.9257152621734626,0.9246602458740678,0.8532945628760403,0.6912120362658208,0.6281764249367329
R1049,1.5289462483655185,1.625918370902255,1.5242963963825977,1.4405575266114938,1.45612403022351
R1051,0.8062615459193697,0.7657260745730112,0.6727942734994915,0.5221253935760983,0.49937612712963636
R1052,1.6459830703114142,1.7894077663038386,1.6772240203102515,1.530778984069102,1.5353299567649479
R1053,1.4666189980885687,1.4930559339301688,1.3557039892379357,1.3655994700393024,1.3001424448468117
R1054,1.5223119167348835,1.4422155110559367,1.3128144244362376,1.0501863965231863,1.048722494552975
R1056,1.881646115494387,1.8628392175622426,1.6643709269810563,1.447583791924328,1.5164446954985915
R1057,1.2559793698228223,1.1206375253420615,0.9644487668700682,0.8698540815107023,0.7619619895915624
R1058,1.2564590667339859,1.3535754932566624,1.3535551528205065,1.3010826244651865,1.5111788188778073
R1061,1.3912718746070594,1.3279650412110129,1.17830237419154,0.9335709609380174,0.9108660587769821
R1065,1.3588929522874487,1.4943638259251761,1.3096012303302302,1.2715281657492872,1.2696554122365076
R1067,1.3118888419573285,1.443067186374806,1.2615779822409048,1.2314961933297472,1.2233831529444796
R1069,0.9589021171481864,0.8919832133030791,0.8218633576422774,0.690276473711933,0.6439691257048968
R1071,1.6358229834478502,1.8179939042226736,1.7193252420715235,1.626274694194789,1.5323340084630317
R1074,1.5099035193601975,1.5689106176000784,1.516303701952764,1.4306500862967306,1.4311247761062809
R1077,0.9263598521553903,0.8770658899224254,0.7853837994932742,0.7616754415032579,0.6610620049963418
R1078,1.5188755092567467,1.4063595247631977,1.3476924170111713,1.0264629099681195,1.035311063076951
R1079,1.6016737801195644,1.6069753353865106,1.5045845440600807,1.4747878527866634,1.486275221365894
R1080,0.0655887988456992,0.044070549197934517,0.0771581999359022,0.025093591909510275,0.03587726281799875
R1082,0.24053078643373468,0.3697035500194283,0.4055563587577036,0.3961190446230897,0.43524793258775174
R1083,0.4215902526344437,0.4649522742831415,0.5530992617520769,0.5445933164921649,0.575180988432078
R1084,0.45584051214451776,0.4329553036205652,0.42259723586168896,0.34822032875767917,0.407683683652504
R1085,0.025289032200488663,0.009562382757087018,0.040008424903109976,0.023912123135916997,0.02039194835917798
R1086,0.8244478435906086,0.6987581576874734,0.6935824966540882,0.7325513205001422,0.6763238715732109
R1087,0.8827212600556347,0.8926095909889231,0.7570074186656981,0.6853538541399392,0.7024371624078423
R1088,0.7451902151902985,0.6647311286136529,0.7167472569753854,0.6554579695995595,0.6477708224540167
R1089,0.09720090051979742,0.04796430202214481,0.08358008078137211,0.044059568921499134,0.05121954139908775
R1090,2.238902328080521,2.1082967434326307,1.9854608251100803,1.6275379318142567,1.5774393595549516
R1091,0.2296151002440378,0.24746842809570233,0.20729243690487145,0.19549001339884045,0.22003641734788082
R1092,1.1275991029974368,0.9679311158462628,0.8301621727109783,0.6861603899745926,0.726286127319384
R1093,0.7708619664458682,0.6929981917855513,0.6160285382344137,0.4998110087749456,0.481939022522234
R1094,1.20276959329067,0.9686891091227698,0.8449275351893488,0.7707186375527451,0.8137370901229511
R1095,0.03751967576147862,0.03874547542356963,0.06094514152993328,0.024107118297024575,0.014868330329626018
R1096,0.4893896262892969,0.36585974903551033,0.3849168411580214,0.36943013280401915,0.2912112489879892
R1098,0.08085937192881901,0.035295551696354434,0.04141243764761395,0.06083628216787959,0.05978803057490057
R11,1.2018217591936842,1.1597719492011715,1.1714690748716619,1.1563941350503888,1.2203626030507986
R1100,0.9969492442602059,0.7910215131333053,0.632238754244822,0.5659670472922876,0.6080507963653774
R1101,0.8166161686753247,0.7295402241313189,0.7413324457287555,0.6301637038321505,0.6172353350439201
R1102,0.03731941290520215,0.06706431456139432,0.021331131920240533,0.02141496650024706,0.023309105748681898
R1103,0.23422135290184673,0.20033486376067527,0.18983004326526862,0.11268494740671114,0.13440443090817913
R1105,0.752794174242372,0.8122197140626732,0.8932922266548254,0.7795303026883765,0.820687843272969
R1107,0.061380192256336966,0.03366616184876089,0.03875251413106681,0.01796134132069976,0.03530108534808907
R1108,0.5355870413570882,0.4277589871960443,0.3598396215444495,0.2563748883421463,0.21766538409258382
R1109,0.3146168054088223,0.3233517112379251,0.315197017325261,0.2702116426285977,0.3799627455899052
R111,0.5906428470331936,0.49407895392980816,0.5226241438008998,0.48615571633639915,0.4579451427291028
R1114,0.7263131081376214,0.6176942917308731,0.5972098319282595,0.6109131757219456,0.6186796883533429
R1115,0.23849286935944386,0.29719909052207955,0.20761059506456056,0.2596854171882072,0.3025088706969345
R1116,1.9979921378097725,1.7538054504073584,1.5653715377238098,1.4175883084783747,1.397089351483309
R1117,0.381651893025676,0.3498092668797729,0.3091912110223987,0.29754980537325965,0.28937830905121564
R1118,0.05342045996158748,0.04303408233296464,0.05025598514929919,0.10625289507554266,0.09573311987413448
R1119,0.8565114233310385,0.6855716386828119,0.6503291320356847,0.6722416445211045,0.608340545683399
R1120,0.9469057842468993,0.8772710860170346,0.8200968697446591,0.6837779213182879,0.7112578383761928
R1123,0.3849964331091825,0.37441926053175995,0.3650680321739384,0.27931986810557535,0.33587078213485055
R1124,0.7562671330747419,0.8077014684070334,0.8925755665877244,0.795576024440983,0.852161271000787
R1125,0.15053895904404568,0.14975079834597627,0.16844931714927916,0.13058616664953887,0.13641302172472594
R1126,0.35218368565732944,0.33412283562714146,0.2969945599283177,0.21937923209204016,0.2660751979781521
R1128,0.2048838850032672,0.13478874404499702,0.12140738589407855,0.08142454401365329,0.05685440435526941
R1130,0.39287381306251606,0.27719228237344656,0.2681137791881604,0.2009444144648007,0.2583228517389688
R1133,1.2813618597943255,0.9927382864295345,0.9049343595281873,0.7912524126745621,0.7911470270806679
R1134,0.3646350251445692,0.38431414847669415,0.39413660043287574,0.3352071339638209,0.36101077724886715
R1135,2.4130481130875006,2.2455896023756377,2.127410483572327,1.7639218189844865,1.5823394837356646
R1136,0.4384737999750976,0.3309396851059086,0.34382013807690065,0.30804950897160155,0.21642071516562414
R1139,0.8963787830189993,0.8752985293167364,0.7320072089575088,0.6457417225590114,0.6680294141943077
R1140,0.3998459899768091,0.297478798334275,0.292087145709934,0.32355354960042015,0.2167040049812817
R1142,0.43735861021043937,0.32523074434844407,0.39228851067402803,0.3892876108507887,0.3602868108112908
R1143,1.579526014303461,1.3180845865899509,1.2697962546429484,1.2177049875789485,1.1638516741651106
R1144,1.0464036848312073,1.0107692006227045,0.914844698306348,0.8486381631448554,1.0016365544336794
R1145,0.49234386865257784,0.5241389858387205,0.5356893880742194,0.5335667270483612,0.3720096204265723
R1146,1.3437592509353107,1.2914879402959076,1.1843756910455647,1.1473163280813738,1.017489445243685
R1147,0.12430982572015399,0.22454440551463564,0.3244627246800495,0.3570075931706662,0.3109597978073048
R1148,0.980277772781529,0.9082441156131908,0.8881680563727176,0.8599876145960956,0.8621587747884696
R1149,0.8937208238269312,0.8735283360664148,0.8701957608593153,0.8190207597499076,0.7673068043637741
R1150,1.5558276071356392,1.5721494273943801,1.5462984443281769,1.568436790747671,1.5105118456402729
R1151,1.430464428624436,1.456983774435437,1.4238837075968613,1.3366658236669962,1.2541153687431654
R1152,0.5782957532563453,0.5959615541827851,0.6399136854275574,0.6432361601357153,0.656895163777522
R1153,0.42866121376426214,0.43803076606629454,0.4549521238497811,0.4524543624127916,0.4350564365472169
R1154,0.37476920135426217,0.36976937003267274,0.3309004619973578,0.2916412126064137,0.2989952612201301
R1155,0.8546802204733631,0.8889569123119652,0.8324500490757762,0.7994785804031423,0.7511235330931689
R1156,0.0743128008456435,0.14119723813371463,0.2803268942369045,0.29613921533517934,0.22640226692237247
R1157,1.1156459033268955,1.1962656364450885,1.2564495888318077,1.2925529756739937,1.239395634758058
R1158,0.6617235650061045,0.6367958944027334,0.5543550018828771,0.6087632898608727,0.6375865304714272
R1159,1.3619232141055835,1.3836794167747584,1.5362971708316648,1.5516204082877765,1.5820697535607158
R1161,1.2089556259988383,1.1786549804302564,1.0047343355788123,1.0568369829510755,0.9236114847950921
R1163,0.43217675489993623,0.3466419084742524,0.18635012714565172,0.15374877640362902,0.19586763759395448
R1164,0.08062224154446367,0.05029002929612739,0.07367369112911874,0.06141904882749797,0.0822132493010608
R1166,0.8284308685999175,0.7676026236345797,0.6976929224153599,0.5269450530975792,0.6475572371483593
R1167,0.8847667122571755,0.7626527448553492,0.6741398733088125,0.681784251908323,0.610260031982057
R1168,0.6439162283822314,0.6023697725152541,0.4888832635148756,0.498711828571698,0.5757175469057533
R1175,1.4328380726907495,1.4129980980475856,1.2092205148379525,1.211705534005787,1.078500834579583
R1176,1.2383881123044853,1.2937563289432181,1.0344159912522757,0.9956176623852174,0.8933749740063414
R1177,0.18111395916525963,0.1572268471600904,0.16696977469028826,0.11154187408288586,0.13665692534755913
R1178,0.2093345006588745,0.2584835158321868,0.18525182988894962,0.16183893136048946,0.1862952513596612
R1179,1.3021305128360914,1.299734368503033,1.0741495121379516,1.1424044501318487,0.9810423952265505
R1180,0.9956150832647171,1.021811683104327,1.0577927786809094,0.9326735488905821,0.7491068412542559
R1181,0.04640642684685622,0.023481001692282035,0.03773077774950525,0.029155945594919946,0.054006622381939935
R1182,0.27965694218832443,0.22667779889958056,0.16301153166491508,0.13036501706135603,0.13264626620782552
R1184,1.3169970187670572,1.2611268360474135,1.2913443042485473,1.159155006025875,1.1302049946708268
R1185,0.9508613798952751,0.8949123945621053,0.9679583111849199,1.012786309801343,1.049327722963172
R1186,0.78539701200094,0.6597128646250034,0.5953597776011592,0.5787686240302459,0.6487430411846155
R1187,0.13931027313067848,0.05810487669339149,0.09085840514958475,0.05134572816049378,0.05252337457024569
R1188,1.6425121738003516,1.5519951364572246,1.5184155433487285,1.4406890495683395,1.4274920531913626
R1189,1.0099168661410909,1.0759031083334403,1.0601707838498458,1.0793677896028895,0.9395306185355985
R119,0.7343877054885917,0.7219311068382451,0.6618778315153524,0.5421237964246516,0.5708802586812396
R1190,0.8197396479040947,0.7610503558153958,0.6901845653634046,0.49840602093762487,0.6088280306608894
R1191,1.2437711209747797,1.2204058986344983,1.126635043355982,1.1607888637487547,1.0706662694891904
R1192,0.9243449910532404,0.8715177556217302,0.8822404612895879,0.87325050140752,0.9487200663189268
R1193,0.6288157932966271,0.6496146005962022,0.5554767145309325,0.5476096559350634,0.3521272711748742
R1194,0.5523542084447935,0.543965981752721,0.5086587901296408,0.5349769667355925,0.6255746969096704
R1195,1.7013425364672101,1.5485201591827245,1.4954134938404713,1.367596508882495,1.3732043993087284
R1196,0.9735023988504258,0.8867245314046427,0.8777080287647852,0.752820489559762,0.8132590145473684
R1197,1.6691364698263043,1.657876930708597,1.5876451538942973,1.5825171748996476,1.559299863901181
R1200,0.4067389649770676,0.4046636676221402,0.5118483102009255,0.5019731527715903,0.5016258169095477
R1203,0.04572855709335932,0.08469482444106667,0.07243055699825249,0.043702946275470646,0.025187619817294487
R1204,0.7575427958144261,0.7051851407061065,0.76423903365026,0.7218613881893993,0.8260616977719004
R1205,0.0920794944795609,0.07483663655202002,0.08751115820841912,0.07944918538414626,0.048810616817008975
R1208,0.9799608139860047,1.0458060260665463,1.005689905574659,0.9281589130285495,0.9006896220446143
R1209,0.5826439129844261,0.658325904791224,0.6350416600089961,0.5428114270035074,0.5477037860325749
R1210,0.2236458652848114,0.2846177555608917,0.3807632275608062,0.35498026599440163,0.3098002929994071
R1211,0.7879815345152523,0.8321235621607935,0.8263647639325196,0.8323674450629044,0.7398317847095411
R1212,0.004790865030604547,0.0,0.0010079188288028538,0.0018348919750832858,0.0021778815071593536
R1213,0.01624816662283334,0.020055823626795234,0.009307514459303506,0.014990174515172977,0.012713135819485855
R1215,0.07682224438212315,0.06484108368129023,0.1104956965123279,0.07565394979504816,0.0477321507054846
R1219,0.6581120376837424,0.611346474060294,0.6613686282955562,0.6649652679007932,0.7146909061614324
R1221,0.19740119239424672,0.14337195614724885,0.07597715776541625,0.04327269485840136,0.017619183201513827
R1223,0.017602114640549685,0.019834381266994165,0.062144962525429226,0.04006266931650166,0.024168147406234686
R1227,0.6953477998139339,0.7486899149680729,0.7769118688836328,0.7957111479280539,0.661520139192504
R1228,0.6112284639397022,0.6088086341145802,0.5711495412885857,0.588202704562061,0.6842505829347793
R1229,0.0507628737425219,0.02098887287894808,0.008907472880334064,0.0013393948061820988,0.08095220564043064
R123,0.35538168440442824,0.3542872217002277,0.43202860027246337,0.45136469326487794,0.5393593293068574
R1231,0.2525011185825745,0.178913979129596,0.09522569717382144,0.10772198210180675,0.16850385165278378
R1232,0.27499239984706453,0.266562741948758,0.2746881075072286,0.23876010719715335,0.20506748547349235
R1233,0.5729407029348371,0.5991834539174601,0.6131686153804238,0.5769975561216677,0.7551420037014569
R1235,0.4068569180547296,0.4771368712798228,0.4846096623088363,0.4463204055115906,0.45162961769487975
R1236,0.5654910693851266,0.5948885932502852,0.5821698833127128,0.6034614640056698,0.4896428793458296
R1238,0.3423551171876821,0.3982234701456554,0.46067512227661045,0.4058348618427241,0.22781073291577023
R1239,0.7820768843411918,0.7371240182639437,0.7169081989700563,0.6772274037907102,0.700727184064229
R1241,0.08104662875333345,0.05558241381513285,0.050733979304631756,0.04050730579034895,0.036814902319586104
R1243,0.643110084047344,0.7273837941785801,0.6931284164063113,0.6954633848786907,0.6636689580582623
R1247,0.05713264562786864,0.07961952434829137,0.0847830576647692,0.08207610249639533,0.09950324896840738
R1249,0.7665822440946723,0.6552254606676087,0.6926901648402276,0.6951959593356141,0.7982704774568079
R1255,0.41404264224606024,0.5453249066929283,0.44571132304703576,0.39890525943099286,0.2913985505205093
R1257,0.010572306132947754,0.0010038293626616764,0.006150385264976427,0.002053561560950855,0.0032234545201709625
R1260,0.36768884520515516,0.283571276199107,0.21315844658833893,0.18482867275966805,0.24496626923388287
R1262,0.018004199721535035,0.022717794643238844,0.05289363442561645,0.040793497482228956,0.02653460016302535
R1267,0.3447109292441108,0.3703788927516343,0.4665895643327358,0.39348259812376185,0.27734482735632654
R1272,0.8165898070410259,0.8487517224542854,0.8549980354003808,0.867103773715699,0.7742226677177184
R1273,0.5485651172080611,0.47156359957386007,0.37168772766139535,0.2918565272391816,0.2677115265862291
R1276,0.004004770066667286,0.06339734745935657,0.11298581200276867,0.05483970755625921,0.09346433689928903
R1277,0.6635668434132217,0.6659802615155275,0.6602982494088346,0.5609620825945647,0.5664230143446646
R1278,0.7616262763483482,0.771879962371385,0.8481876098077965,0.806936721637678,0.709774923071149
R1279,0.45573568798956543,0.4575563975029052,0.45617994829210595,0.444543556316706,0.41078265051050195
R128,0.9744039526046001,0.8550571845306403,0.8219855367722069,0.7123902867961598,0.6723733698097093
R1281,0.7281129612736943,0.6566923244822508,0.6037452672076953,0.5391500831642341,0.46169404551539583
R1282,0.7959191118236232,0.8280223705284956,0.8265420284933952,0.8265047628836737,0.7941830126936368
R1285,0.19698329832844316,0.16664084370516052,0.14320193993882604,0.06786495059696028,0.08600556829003493
R1286,0.6706601097912214,0.6563758069162258,0.6732918155842933,0.5990050363093287,0.5934827687833278
R1289,0.5404709633955596,0.4877252579121835,0.419337397215703,0.32156569466892104,0.2983704500208959
R129,0.011543161683788758,0.03891045966551196,0.016130636247907355,0.0,0.0014669332900052398
R1291,0.44780211511436646,0.33842135679275004,0.36878350829092954,0.3546888049009403,0.275931682380048
R1296,0.6593138639576158,0.6355218040002162,0.6211929418212305,0.595383685414385,0.593164157205479
R1298,0.5234136511021491,0.5495428681277553,0.5059235541005317,0.4252491538662112,0.35108836292126455
R13,0.27212363168236137,0.3227942306852288,0.2675367898559715,0.22325043296958635,0.23826401400276795
R1301,0.5160402113051338,0.40222156082652855,0.46815990109671224,0.3447767972514237,0.34930098414759553
R1303,0.3036314877435773,0.26719477761067095,0.2544528850851554,0.20222898467736516,0.17951366706240854
R1306,0.619714184311957,0.5335178461330077,0.5562425816819342,0.5327441709262764,0.38085179231606636
R1307,1.005861387835132,0.9361034549373637,0.8697787555906141,0.8270151167129939,0.8542556046052278
R1308,0.23828943135718314,0.19355805103136636,0.19051647350486706,0.13730022576923676,0.10034127445048235
R1309,1.133625292640539,1.0818801835264593,1.0603586671714949,1.1043271575484523,0.9539194708623981
R1310,0.7880239900564903,0.7239466383167065,0.6748461856909429,0.6565220342727465,0.6713406636339602
R1311,1.0568486499366272,0.9539958133167478,0.9490806556425334,0.909521552534255,0.7775950164732636
R1312,1.3463478907790412,1.3916250971044362,1.3225405559926682,1.2370026009710848,1.261640734339122
R1314,0.1694657865669914,0.17898622716920837,0.25043963439248823,0.27100934704761026,0.19332132823580842
R1316,0.30486891416864115,0.284491465195874,0.2835305465721545,0.2988742112476824,0.29608684602527413
R1317,0.09293109535009354,0.08102036462831629,0.08508953299364849,0.06489668810538796,0.10737505626629368
R1318,0.546281801839913,0.4448585107699423,0.44392019016602247,0.3983181633592685,0.44793315540026746
R1319,0.9590976135070018,0.9658902295168359,0.91319376378297,0.9325348931297828,0.9724429190636629
R132,0.23441322874103376,0.18150897055729306,0.16674724485822337,0.0966213699494644,0.08533789522838596
R1321,0.8986229664497748,0.9908160372053808,1.0205313667341753,0.9770330027323857,0.9959154142899855
R1326,1.282145378563041,1.2782147721058241,1.2296314233894043,1.0990398873912703,1.1621730908849157
R1327,0.5640350022856973,0.6189604911947715,0.6494340382714208,0.6342101798374531,0.5580528054176587
R1330,0.508773536370802,0.5020042728588344,0.5143333147423675,0.41943598982548996,0.4357124009868511
R1333,1.4267852888537116,1.4005137165651598,1.3730008925624242,1.3247945464194475,1.3041131812488986
R1335,0.456780014073385,0.5087006920619322,0.6026963964307777,0.5534318113066472,0.5725252695157563
R1338,0.8736106387756064,0.8607221520148978,0.8430442116704365,0.8171439742283311,0.8388401745610319
R1339,1.0944109267719466,1.0766577921449278,1.1396657985963758,1.006643953450619,0.9720317882416358
R1341,0.06557469646832874,0.07863654741864627,0.12291723667554377,0.1160095382612999,0.09256077118735152
R1342,1.0191398556546738,0.9672722943846759,0.8830808109053916,0.8470564065813566,0.8680030457526822
R1347,1.2436935464906564,1.3338964430564988,1.3086705383649617,1.2424112750594072,1.2127508822599042
R1348,1.3728930814251483,1.3192218080892557,1.2627895886957297,1.3239006739589367,1.2585689286915325
R1349,0.8292498783094282,0.8241553693757109,0.8227960582987481,0.7904227647024217,0.8203628116840153
R1351,0.7519703914535238,0.677555259248461,0.6456979603933991,0.6114557746518471,0.6137210737175679
R1353,0.17906525844199989,0.1548167014692773,0.15621238594603407,0.10691741936746804,0.06218143489714417
R1355,0.09702427537603642,0.14704455353271936,0.19642150201494024,0.23237655139975008,0.17977842085116752
R1356,0.6750115248666705,0.6694977357727107,0.6694162033868443,0.6294419832771041,0.5627433660630367
R1357,0.6842101112198768,0.6110633826760244,0.636879909374911,0.5885178569981429,0.6086300117369573
R1358,0.3999156384189722,0.4068531278689511,0.4233067640999288,0.4066255451059102,0.25357639682315336
R1359,0.214677667524226,0.20325823414907923,0.22483177999410228,0.19938535464924914,0.1662141903805848
R1360,0.4916667337290276,0.40937780064881485,0.44162529947104767,0.40304090353023597,0.33567138735495416
R1362,0.9411069633339648,0.9062775718227465,0.8422619166432058,0.7588163621045545,0.783506099822182
R1364,0.8028952281128955,0.8060769754755653,0.7766090172434332,0.7563892098199257,0.8224586128031451
R1365,0.4227302706999465,0.3792463595238858,0.3747543799434487,0.3357139945231252,0.32703890276445097
R1366,0.6598758050724021,0.7003488363502448,0.6700072997768491,0.698184851865909,0.6177000374652954
R1367,0.1895729782783877,0.17112906235260367,0.1978991922851258,0.17775514226027778,0.17989288943464912
R1368,0.25009449492701524,0.23434117571998472,0.2519245949547149,0.21405138588502423,0.23873364805357283
R1375,0.059735196145721814,0.053333871719466665,0.03357991488912591,0.0,0.001979438417852014
R1378,0.08405572715697535,0.08096598077665182,0.10159503075494708,0.10223749220676522,0.10125085234095428
R1386,0.46267423319203893,0.359915440861503,0.3416974536488148,0.3012625514253825,0.26876534498409854
R1387,0.156400597386416,0.11653715025838222,0.10705169111096353,0.10351119735011062,0.09710923765088542
R1388,0.08310228530120094,0.0676116161201774,0.056547911718492626,0.07172367857474198,0.0914777621671489
R1390,0.3162350328813969,0.32562526446433904,0.3354618043177626,0.30875450351579026,0.3873400784449911
R1391,0.0030462985358805515,0.017711616442505646,0.00859316121803356,0.001762297753143672,0.0
R1397,0.2333614482871512,0.3648847293507957,0.3691174683172592,0.32464653211372496,0.39042777323002836
R1399,0.8966307981952011,0.709011622851987,0.6113638892179997,0.49371159721828045,0.5709342105667863
R14,1.6036394697287013,1.5170038575988503,1.4651563149843785,1.5405629483804897,1.543297186645874
R1421,0.09275256282727383,0.12012793248106957,0.08974063041386957,0.04971098768608728,0.08338846772969918
R1423,0.07917285353830063,0.04920615390595714,0.04905028897580957,0.07252515611540869,0.11040427717284688
R1427,0.00783393420534019,0.0002730259886692433,0.0011510990202714965,0.0037541073442020952,0.005119237287548312
R1433,0.2669557867492214,0.28290643110164493,0.24747677684039868,0.15292654206217374,0.17587462652113112
R1435,0.0015357711862644934,0.0022524644065212572,0.0,0.0,0.0006143084745057974
R1438,0.1757458396747294,0.23139940942551998,0.24016804907816208,0.2497106067356469,0.2682352308988486
R1446,0.6027995007950273,0.6157451811373517,0.7222144663730391,0.5978989519613926,0.5677673699355514
R1448,0.02143466093741187,0.01873607109031225,0.03190991242571781,0.058220939407364454,0.10280852352682562
R1451,1.8209560850603488,1.8286390753852135,1.713152709523402,1.6058943572408722,1.5999471150125795
R1452,1.4381150702451075,1.5057229259198375,1.53569192584489,1.5502044516313607,1.4969452183915468
R1454,1.0930783015476444,1.03330292280204,1.0607640522590998,0.9569453496383221,0.921371194422387
R1455,0.7485110449168746,0.6553877599914804,0.5822271968307451,0.5166959743881013,0.5208673507636116
R1460,1.2386778786866313,1.1241708716725682,1.1001183449219778,1.0314242065966868,0.9532587382188905
R1469,0.5282498589238219,0.47282424588416744,0.4367134059200373,0.3956628978611066,0.4385033730775882
R1471,1.3551288356154836,1.3456646139896118,1.488594260234474,1.4713638533646187,1.304731026872597
R1472,1.6046955196264818,1.5272406550143018,1.4239700179375294,1.3468039904440412,1.4114107737041033
R1474,1.0855776438285694,0.9969918948200073,0.9677009744396711,0.9230166733014559,0.8582035335863327
R1478,0.9974682227854893,0.834181905089371,0.8048192812587605,0.6880016553025895,0.5892827929355047
R1481,1.1808341929391104,1.0920704261104721,1.0474411787126863,1.0085129089768776,0.9552900418236615
R1483,1.2745460438886504,1.3126915286130878,1.5107231141253978,1.6092147189228962,1.454676792589535
R1487,1.745791455074944,1.7363409627559312,1.6830721687310497,1.6170616077238527,1.6277459824930869
R1488,1.4457739026454395,1.54445402701265,1.7286905210292869,1.7058916223584562,1.6891861420800658
R149,0.807879283407804,0.6572143038556775,0.6390011009358946,0.5214642855218562,0.5185512084082436
R1493,1.5819582858253776,1.4287741149776563,1.516090970828414,1.373781088702367,1.3373685194298697
R1498,1.3669091562050923,1.2407801154183513,1.0516703756544932,0.8804332340140891,0.8043187310126193
R15,2.6739438203552295,2.767523156190983,2.8288455928222045,2.79918566319179,2.83399000700628
R1501,1.3841200709695425,1.299222098616328,1.264950555267798,1.2376239544911913,1.2726497175070277
R1504,0.6373593322849932,0.5962111126126355,0.6615993986370148,0.6853908784141884,0.5854743690210424
R1505,0.9421261279082224,0.9077457446994951,0.9041587487622148,0.8933333950735456,0.8916357341023925
R1509,1.8348394955878922,1.8470711817668763,1.8597623950621114,1.5497095091440085,1.5262846350131205
R1513,1.1951662339206786,1.1656886661488384,1.1254887486180183,1.0389688775677743,1.052986948413301
R152,2.1779170590434496,1.8910267667904055,1.5918541810411913,1.3649276359640767,1.2318196901226077
R1522,1.4634040585664196,1.2495152455188019,1.1535016635981783,1.0077835785537168,1.021727137681657
R1523,1.8438725116683732,1.840798663201333,1.7748804044801625,1.6946429662516755,1.6875893203325494
R1533,0.6078614387033894,0.5775523873471813,0.565914675057104,0.5344407037150406,0.4450032306329684
R1535,0.9686257354028821,0.9429340703142636,0.9040546259135182,0.928090232366007,0.8902950936151369
R1545,0.6595306368416911,0.6684194464455141,0.6637914731076672,0.5502527113209749,0.5236786944934746
R1547,1.281690456322617,1.285501167804827,1.3107620149474497,1.2628860960695278,1.2587897774635817
R1548,1.1662092535772692,1.1479795545247602,1.1015857474754012,1.0719869902928405,1.13573780782564
R1553,0.6225581132060214,0.6152772243437009,0.4495381698776298,0.33143232296138875,0.40317947982097063
R1555,0.8780825436326802,0.8290688401393522,0.8446184990229597,0.813891627708002,0.7903388262750303
R1557,0.22436308115481787,0.1769111116690913,0.16119017480695613,0.1597402113010127,0.1541256356384284
R1561,0.9878333428525753,0.8993648585061466,0.7951229558520035,0.6905217729363602,0.8111978899227582
R1562,1.143216428447058,1.0767313433960894,1.0564364855162147,1.059078160658244,0.9744212361247758
R1563,0.8111041747272403,0.9086928084731556,0.9055809362617288,0.9478543447880333,0.8782280957374253
R1564,0.8121354172886717,0.7501156210900158,0.7025188761609724,0.6362334364887544,0.5328801992994813
R1565,1.2853704907410002,1.2946010850034602,1.4000124408499632,1.2921204440023728,1.3493879181517352
R1566,0.6077730865183631,0.6793613373770755,0.7225400562026306,0.6968858039627487,0.5399904688584718
R1567,0.8423026925870672,0.8242637972591933,0.8459621330451625,0.8720262518992346,0.8204246106290041
R1568,1.4465399501886125,1.4500668121518883,1.3550058130302676,1.4030149807793202,1.3458837758510878
R1569,0.5205134115730145,0.4997482352246864,0.49204207376921866,0.5745681377213331,0.6491502784610256
R1570,0.677478304923369,0.6063913595201843,0.6639220063453035,0.730821379081293,0.8094324307480617
R1571,0.552380212707575,0.5581487604013765,0.5043149234914588,0.47357204115245133,0.5506685503786674
R1572,0.8631019440414205,0.9396798540534586,0.9507475426843923,0.8975820158642608,0.8453490336857492
R1573,1.063661243160543,1.0015495859053603,1.0029033779569805,0.8697765104394037,0.9176261186316262
R1574,0.9525752420335772,1.0169669539465294,1.0976696382106366,1.0383533039103388,1.0828734652369911
R1575,1.362347467239191,1.385814365432746,1.3248624372568085,1.3047095748306299,1.2207778024476033
R1577,1.6325480464646909,1.6612595081877892,1.6156996322057684,1.5830631147413121,1.5632201173104165
R1578,0.6084347762154704,0.5935013360131967,0.4977219309207866,0.45678884841430406,0.4129506494519643
R1579,1.8565748702745029,1.8018480784664148,1.819220678246262,1.7985403491118306,1.8230764097638181
R158,2.8959575601695504,2.7846063435473773,2.700372248512004,2.702009107570573,2.803010981564394
R1580,0.8236248603778701,0.7805399235416909,0.7561759423945265,0.6963512239523983,0.7760403650523364
R1581,0.9662760625308272,1.116339779375242,1.067382104227614,1.0114754701007507,0.9372072868208932
R1582,2.0172704736169234,1.9747834222544849,1.9642777161797822,1.8558301090075182,1.672260120183864
R1583,0.5888513241150538,0.686074004064231,0.67657108587993,0.6749718468773209,0.7681698400015039
R1585,0.8774031818409097,0.8385372936680481,0.8423137672037326,0.7483798315519986,0.7462734843165099
R1586,1.172810978104115,1.2004797974556622,1.1810070817709712,1.1210460502285362,1.0468598064357957
R1587,1.201942851095123,1.2203369191060072,1.2596270165332997,1.279784647163352,1.258810376299334
R1588,1.4054821606240733,1.4393970296466554,1.442584088827444,1.4354169835459014,1.434149738294957
R1589,0.981132926744022,0.8809238422138714,0.8525437925995727,0.9242793161143052,0.861336143584238
R159,2.100323414346136,2.057406739526403,1.921240763661112,2.080926931417853,2.131529373139247
R1590,1.012842996334694,1.0371565139908636,1.0565195853637834,1.018511642356602,1.012801001524812
R1591,1.1794169004055364,1.0692069860461053,0.9240165578529957,1.0548676464948044,1.1513570103289328
R1592,0.36458143550600397,0.3465742931006121,0.32596122391848936,0.40087130982447194,0.3807657150225815
R1593,1.8102899737795706,1.8757569497942554,1.9649546914318838,1.8989684931187116,1.6558233998630698
R1594,0.36936022011170266,0.4486183628734738,0.49100496017393813,0.6333893140387659,0.7469422765896939
R1597,0.8617575177563043,1.0041763016609424,1.0985604513174352,1.1954094610728703,1.1016825293378276
R1598,1.1318374024306879,1.1851304518893844,1.1495562869225213,1.0397095653845174,1.1153395974203932
R1599,1.3955649352528947,1.2933541899396,1.2612267172423575,1.2010316770752194,1.2087252505699704
R16,1.53371471063866,1.3862018600048969,1.3165162570545377,1.269441832781407,1.224007324482826
R160,1.9902088299359282,2.169441220749345,2.1198818650667337,2.1815019877839585,2.22629859036187
R1600,0.3769386702481457,0.38272705084229197,0.48388911308403604,0.5802740956698714,0.5561802322970503
R1601,1.204981059919714,1.1076705704246628,1.0459607294173758,1.080572312008401,1.043178984629963
R1602,0.6225469264536821,0.6608152728730207,0.6731641115784646,0.5711242810216233,0.6588969269454118
R1603,0.8060360776451019,0.8391178688065609,0.7456780224359647,0.790780209839241,0.7569643610046458
R1604,0.925807498640724,0.9137112114125313,0.9459387749496737,0.9633752189316926,0.9059248758754908
R1606,1.2170194144459359,1.483270565485125,1.5069900127181992,1.55213390679143,1.5768274693106312
R1607,1.355803487708949,1.5972184201498578,1.682062669764337,1.736669320386483,1.752952848750313
R1608,0.8758306813459731,0.9749768547377385,0.9886842902646568,1.0013662294521124,1.0689871406445648
R1609,2.4217489784263733,2.417997069916473,2.470561237494704,2.4806420785650567,2.3985163292179004
R161,2.387680678549087,2.455740187465573,2.31780751649544,2.4169323416926236,2.4142183951087546
R1610,0.9669470570511376,1.0429676820165894,0.9990585406639186,1.0702778914829478,1.0587865103967762
R1611,1.064319577075722,1.0301776698794365,1.0096586137836872,0.9453194398716978,0.9245991563091032
R1612,0.8910453812206602,0.9337554533743966,0.9042359029813343,0.9331732937100565,0.886045141822727
R1613,0.38480444294036276,0.46182786920374214,0.48945933811249315,0.5450018828200841,0.49581444216414494
R1614,0.9388881810710636,0.958075223813253,0.8843596670740503,0.8442796201409164,0.851586366027003
R1615,1.2657202667222296,1.175475794636416,1.2172698329076506,1.1349310842856195,1.0803489767496697
R1616,1.0618765268778096,1.10209881498803,1.1200484961488282,1.101413353503145,1.053899662104762
R1617,0.8788239993350163,0.7928729169888638,0.7080475354203868,0.6902983075027377,0.6985301273568296
R1618,1.3047623663557248,1.3146501487993039,1.266107376132718,1.3148332224756347,1.281896225284256
R1619,1.666323691734908,1.6133187334488983,1.725262601734119,1.783263521198329,1.694215339296922
R162,2.7195334561700157,2.765730618688768,2.5388435697461924,2.5329075362098274,2.570784197595635
R1620,0.6299547075570614,0.7058002048775454,0.6733554077249719,0.6286336898376488,0.6902844938503503
R1621,2.0054357818518564,1.969802677399689,2.0267004841113216,1.9911260266166135,1.7950260365931054
R1622,1.6659050600113887,1.7207098251165627,1.5803409334986056,1.4306100879893908,1.4387993026254973
R1623,2.406578157728436,2.361943888602645,2.322865103539654,2.3127467457731794,2.291539130322666
R1624,2.242893558495882,2.3436710538816574,2.2782436422580097,2.26143379779545,2.3621825815732387
R1625,1.6753607983297552,1.6250315922419858,1.5717515992761044,1.4025750359645601,1.37777031530199
R1626,1.6959881555469205,1.6611283582039464,1.576009200671661,1.3926531472119859,1.3723658731164923
R1627,2.3493193277768936,2.3996480560691826,2.369034310147352,2.2755832965262726,2.2350125658236633
R1628,1.5540325100147798,1.5165055071621032,1.436364327658747,1.2260709524144697,1.3318380806260648
R1629,1.4199973337875411,1.319626247336828,1.3515714946884905,1.2075175493618766,1.1425002617769222
R163,3.0144921198063956,3.211322434847738,3.21847429211536,3.3112152626491915,3.344512069089924
R1630,2.0915126170431115,2.071950904637043,1.9259418421451568,1.8158659689197703,1.754036815555435
R1631,2.045982725165203,2.0750457858561386,1.9365947360428046,1.8031093805266414,1.7825593774226227
R1632,1.8168552737142492,1.763165853901038,1.6113092182931161,1.695259419930378,1.4831453879447842
R1633,2.1840878510508936,2.109906470533576,2.038484280906822,1.7767664777608176,1.8396041647499768
R1634,1.3034523632847692,1.34870709372074,1.3308889057764564,1.123095003013289,1.0887347749730822
R1635,2.4148756515463705,2.3282142628379106,2.350728590421123,2.2942499712359146,2.271909975621932
R1636,1.890712104338464,1.863888651455262,1.9704002191532124,1.9186887214885233,1.8716907298658276
R1637,2.322560552800222,2.3500160559717287,2.3563695608711615,2.3473406158031898,2.428163290113853
R1638,0.5456565352723335,0.6720849909846416,0.5718563655944447,0.5359236604615291,0.6383129993872082
R1639,1.544042025920284,1.5773131289143687,1.610114300551849,1.526395600575658,1.392937406269903
R164,2.574431322631456,2.6038817876984566,2.4690237452696175,2.4780662538786693,2.539717316290967
R1640,1.7536991360375558,1.5570923512735086,1.5403167130669584,1.339125141825915,1.3651925784332957
R1641,1.8300846163576872,1.7647377157101796,1.7372330507965879,1.6138184538910525,1.547811096063758
R1642,1.7422208114441995,1.7883463338937104,1.7390585610623994,1.6444522330948022,1.726366918726325
R1643,2.4386865893007013,2.464599827167785,2.5817301410129434,2.416345584465653,2.531557422695858
R1644,1.956572023256413,1.8202577967170066,1.7951644632070924,1.63869843953041,1.7550308397991465
R1645,2.4209575004625417,2.415140867041578,2.419043261625876,2.3670690690809106,2.24934344644478
R1646,1.869872874078627,1.9375554413649707,1.7625243013332343,1.7889871892701503,1.5815293961254266
R1647,1.6275320861328206,1.6967213375867074,1.5684734298602578,1.6174688162350246,1.5037570266657452
R1648,1.9207871602337225,1.9252964720889758,1.6855001108408598,1.7028029378542098,1.4410486564859335
R1649,1.9237521737160297,1.9909584081614269,1.978051236184619,2.0063857172738624,1.9051226402917747
R165,1.8820678918922402,1.771037042014986,1.7751064699987804,1.8244704170809303,1.8880196341738817
R1650,1.7436381868606632,1.6193948098155946,1.5234692007688915,1.4254221139714631,1.352423957394809
R1651,0.21306698288213474,0.17221814644482739,0.13810103195849918,0.10825472113691914,0.07437987387265921
R1652,2.2336424531560235,2.28091213489023,2.215377648324382,2.0880243492535198,2.171121607951251
R1653,0.9944651138894738,0.975332489614744,0.9702791759147988,1.0274727075570067,1.0272981452220995
R1654,1.52116562199692,1.4213559013562314,1.421808646701942,1.270868003535077,1.1689677033972916
R1655,2.32510230286813,2.2588146789880024,2.3095697763653114,2.2161446807112997,2.359095096433157
R1656,2.1321901984165725,2.0832261515249337,2.1004303040207004,1.8842079037196782,1.8311364782318198
R1657,1.9126510101486993,1.8895712506184172,1.8002689985326978,1.7958601066111697,1.6290587109484649
R1658,2.6013336849008475,2.5753160535968105,2.590894775121819,2.4988841052285,2.51377582510952
R1659,1.8308483675572766,1.819148999173308,1.6982141169306846,1.5615940671557202,1.4838831626717377
R166,2.8856097679387758,2.872010221556559,2.7260234399355343,2.655852148128653,2.756449592625829
R1660,0.7285412381278097,0.8212180460916653,0.911838292133973,0.8840687554453912,0.956330553617408
R1661,0.5658265359298581,0.6112085247542403,0.6380210604982668,0.5119663695637044,0.5274635557775683
R1662,2.322338509539472,2.345112436083268,2.3008587700611454,2.2061590915827436,2.0536906876171037
R1663,2.3930741119366843,2.323157124336392,2.3732405680306465,2.2388108058687477,2.287583495670578
R1664,2.438128046384381,2.4131979312233187,2.472183031369256,2.3852196515400066,2.4453968562844346
R1665,1.3377532983685259,1.272836316143891,1.3505140235929298,1.1209610855159549,1.0898293971049582
R1666,1.8700151791242927,1.853784715311546,1.7135059368962426,1.7037704103205233,1.6209390399320438
R1667,1.424444868637394,1.4840324396310427,1.5315236185740204,1.518908213869818,1.4719768210865014
R1668,1.5512457483748248,1.5015477003654336,1.4483577620966364,1.3828919756951878,1.31114527030358
R1669,2.0078061983609468,1.959135132732471,1.8879106870534745,1.615061682605922,1.6803225288746257
R167,2.559241394989776,2.533474557558188,2.4541049373101513,2.5084241256944764,2.552633127590131
R1670,1.0975940368268278,1.1081055544547178,1.0872966154532309,1.0136850889289073,1.0738236263676904
R1671,2.281351355698573,2.3119847741179806,2.377765218095906,2.3283855622684797,2.4185152878693588
R1672,1.3562780848846818,1.2096708029497651,1.3787242924837209,1.2877785019536374,1.1547770947533187
R1673,1.807544736467214,1.9150195154758691,1.8782226572488554,1.7800603217936923,1.7891279585446294
R1674,1.7219934568022908,1.825866754869874,1.6206356056738862,1.6618798086076534,1.5477322110548888
R1675,1.7938576511273798,1.6932326700090607,1.5789657381596596,1.4633903950783258,1.4612037665010544
R1676,1.7943114641997249,1.881218586048916,2.1252984764105833,2.1313347494885027,2.0512265500619384
R1677,1.9735828197220966,2.08776377520012,2.0276996568451056,1.864835866368309,1.8751471950032037
R1678,1.7893971572939933,1.7817644086265074,1.7576617231014273,1.662571866107897,1.5143719211963271
R1679,2.195211675775283,2.1498548774987274,2.186210335584952,2.0698790030428498,1.9859501169345601
R168,2.9823914645993437,2.8993964053797288,2.781056469393627,2.910637509392644,2.875346803907589
R1680,1.960388346397783,1.9530323144452777,1.9085918498922643,1.7766908300600999,1.7818122613064857
R1681,1.2322419101876922,1.2677372486512555,1.1607806827200229,1.0988442350176044,1.060315533940749
R1682,2.323428463414489,2.297794887042691,2.301342650120493,2.238647385188137,2.266448631895117
R1683,1.9100935464600501,1.909266136325924,1.8427518131168472,1.7454360191168734,1.6837738698992497
R1684,1.969331995221616,2.096690384276981,2.0121606118468076,1.8651809127124177,1.7813240079558557
R1685,2.0076030231462005,1.8911917378685947,1.8977105161249894,1.6495309406494254,1.6578826983826076
R1686,1.7548400580140995,1.7545063227466642,1.7943467576842245,1.76305076857135,1.6599777243029483
R1687,1.7797756093176151,1.7377809456993498,1.6365874220878753,1.5860422036884279,1.5065023858647038
R1688,2.2801687728814364,2.3386088839012054,2.3129480731870387,2.430193257841465,2.534645663532872
R1689,1.655398659183054,1.6494113845191727,1.7102460212179242,1.7407895945852032,1.7052087404816172
R169,1.3833978440975512,1.2780611023533806,1.2070317922488574,1.247437995540509,1.245714187455477
R1690,0.29546778007291574,0.2655139477166265,0.2620486243485575,0.20474627912490365,0.21179387976109434
R1691,1.4887706594004748,1.6007460378100664,1.470423117943338,1.4089521893025292,1.246421373520771
R1692,1.8530185117535225,1.7871808542045784,1.8131655127450197,1.7767167675290234,1.5233496836423512
R1693,1.4430984380995802,1.4672194797469342,1.3608389815876694,1.271928124445367,1.2626740158196328
R1694,2.1435628522013856,2.178165078776835,2.0764301641316862,1.8423738427637832,1.8456481556875401
R1695,1.386529496066764,1.2592175116785445,1.342703888477966,1.1755911919958055,1.1168674679171107
R1697,2.1990552332590227,2.100105910142449,2.048884347863498,1.7868294990099456,1.8382294008896019
R1698,0.2887766029688004,0.27463846333797276,0.2598202432719689,0.21264280629331334,0.2857020650136293
R1699,2.4745672113134534,2.311009008487261,2.4106786570448344,2.2012451210840336,2.372921093495655
R170,2.6320654804345294,2.719816540241089,2.8494873960394496,2.8044212924334007,2.8301162216452234
R1700,1.657077603247591,1.8113881671888876,1.7488432859461838,1.712544246730332,1.637528557297211
R1701,2.3027988781102366,2.2991140462351956,2.2865473181644016,2.208814084054917,2.1812045454711595
R1702,2.1172099401077986,2.0211204764641812,2.0147616329315774,1.8940991331163641,1.7859333887114206
R1703,2.0820076706657518,2.038919669600396,2.066364217604108,1.9745155593822803,2.040472524412809
R1704,1.5815397954903165,1.5654325102776365,1.5672593320432866,1.5090870595184025,1.3289955631788528
R1705,0.5170195209106954,0.5290126594079152,0.5280574828620199,0.47891377121853745,0.6277418436200111
R1706,1.7931076219214528,1.7845118545240937,1.8286389315590232,1.7362265307384304,1.767711995011977
R1707,2.210140497937977,2.163076209754676,2.0856903085819556,1.8445602056282622,1.8665653836217828
R1708,1.8872042664360416,1.738744010746132,1.810235904882886,1.7258478426917598,1.793873164854093
R1709,2.046083920297718,2.005867479819119,1.9291579225259015,1.9067010279095915,1.703132099936335
R171,3.2421161390243505,3.356100588922493,3.336900440932847,3.3374124962991325,3.32633168779435
R1710,0.4322078896135727,0.42800543361717025,0.3933752272408928,0.31880910825127107,0.2655158028307102
R1711,1.6845217027086072,1.783608977081421,1.8682055726223212,1.842919485202139,1.6895726737480603
R1712,1.8581667824296872,1.8467355109401997,1.7174373697446215,1.587647001695185,1.505394846190739
R1713,1.3877021524390267,1.2972274511882678,1.4035890032941047,1.5136604983527444,1.4868723730822908
R1714,2.9718799299073293,3.0618920495635895,3.0787506632933748,3.104300771720064,3.1048587052033736
R1715,2.7615493865626135,2.869544416592677,2.825337725666998,2.8162953486954767,2.702139311714384
R1716,2.9750873368374697,2.981925614006177,2.99278193176724,2.9647157669683613,2.9399111121245562
R1717,2.474938365767729,2.475100621212424,2.4581355907280904,2.519867512712211,2.4247892056930946
R1718,2.7655657694971802,2.775133736123282,2.699674754869308,2.747047742811976,2.6610884258069865
R1719,3.26048666829464,3.349634499806447,3.374312738742034,3.3774159228764637,3.355420032642022
R172,2.418345919122566,2.5269826333579646,2.430392167025139,2.3084384005474425,2.3365911779657624
R1720,2.476032078625553,2.5762195112197093,2.5119874951328085,2.598130178341974,2.5300025689431713
R1721,3.1072080255793755,3.1208829222590007,3.119253761558219,3.146996751344867,3.1112640655387973
R1722,2.9739478579982945,2.8388814431099965,2.867549425444399,2.8611256894848456,2.791074475482874
R1723,2.9985271786430943,3.060184535279523,3.1183945877755903,3.072645207380112,3.092445178840472
R1724,2.1904526280232868,2.1489878980981003,2.145767254282973,2.1135449269942566,2.185641846721902
R1725,2.3627555948669583,2.3419442132579653,2.3638066717913735,2.391344389913719,2.3688220616939457
R1726,2.9992819589887705,3.0355422138878385,2.985858967787405,2.9203928888581108,2.9033209589482856
R1727,2.9175460615006488,3.0600251904868863,2.943097637442028,2.920503181606606,2.971206150521935
R1728,3.2484477579655127,3.2590168036318548,3.2556716843432154,3.1651744706370515,3.1364542525804593
R1729,3.627787092589468,3.642220260447054,3.60228067319643,3.5938366083017574,3.5520674056445634
R173,3.193130547456927,3.2491685953302403,3.2258760412945753,3.2664562694012194,3.309249300014066
R1730,2.6090908456608135,2.6347888464150078,2.6895735831137273,2.7144585709792337,2.7874904633296125
R1731,0.8403440209647053,0.843047636683955,0.6635312378990207,0.6772533485728297,0.7298421518710744
R1732,1.0825581324087383,1.0743023111325103,0.9405628347272071,0.899423827244235,0.9758514925173478
R1733,0.8795494576646021,0.8424217543452618,0.8201058796022852,0.6772524577280326,0.7935136163504528
R1734,0.4107055143305996,0.4322738351407645,0.6143281445656419,0.6074686103735313,0.6405168851571492
R1735,0.6717658499313932,0.6789249575016534,0.6051358660878667,0.5547942772964183,0.628908363489405
R1736,1.4183259466923333,1.529999894659506,1.5675065336737988,1.5754786078158383,1.5092061427286387
R1737,0.7664232883640691,0.953868361372412,0.9207585204472152,0.8450549846959524,0.732122932972992
R1738,1.6327586811394852,1.6441249821945976,1.728162098730074,1.8735658050746036,1.7714441237640917
R1739,1.0458247419980695,1.0710730455466984,1.0533437441383044,1.0246145191493645,0.9644817074556011
R174,2.9113718956720596,2.908682882211513,2.7258220588915703,2.931285757973407,2.8223377794845335
R1740,0.7058181387846296,0.758417754643345,0.7778164727281374,0.7455008163806582,0.6639478521555023
R1745,0.5743990780789634,0.5373793633637916,0.49673042046635624,0.46314749741589095,0.3003809358815773
R1748,0.5917612594796109,0.3819760753087865,0.27995343661339617,0.37398482499141433,0.2709213439458124
R175,3.2585291938424836,3.1944279767060118,3.0556066548974012,2.981267718882765,3.095183449114653
R1750,0.6341149205824599,0.5541256512765595,0.5286762036315212,0.3696106410111494,0.35842874707179445
R1751,0.770739623987892,0.7546900720707017,0.6539830983227068,0.536144868555281,0.42621258749807805
R1752,0.4349165039023742,0.2931706579755393,0.18886372872167487,0.1623409140179783,0.09370018883945244
R1757,0.40456296149867316,0.4713074085626708,0.39923239234496666,0.36620457305845694,0.3191404486907489
R176,2.6796890136009788,2.653557998504219,2.572724768813815,2.4919755677468878,2.5578468659980076
R1762,2.930374436226942,2.986799293669702,3.002333633845159,3.14497832384074,3.117949545663131
R1763,2.4611538540291162,2.484271066874487,2.762141058257379,2.829977651205046,2.797187127581124
R1764,2.2969139735657143,2.407245935417544,2.5110155616168583,2.6820342093343656,2.6612189956106036
R1765,2.8555646278911335,2.954688399988075,2.969119851682303,3.0303584742104674,2.990962944872372
R1766,3.0950795773523563,3.155005178897298,3.2057910550793656,3.24662472931092,3.209337457902687
R1767,2.523003703738486,2.436500782239128,2.2710241428016946,2.219374110112705,2.130912110133507
R1768,2.616257558467497,2.464844721728693,2.6299283938855416,2.7675622281601475,2.8274057561427095
R1769,1.7853344672015616,1.7684999577662048,1.8438833547004947,1.8690683542483726,1.9994440656401953
R177,2.584885000191193,2.5399757695174907,2.507866670006647,2.5133854223230436,2.6352467158734703
R1770,2.5131379876453477,2.5483117843771486,2.6492790620778335,2.7081277467387173,2.589104655849789
R1771,1.2087778812047507,1.1659636081948923,1.3049809041577982,1.338013967493476,1.2433917757408441
R1772,2.4541168675707628,2.5476040863881253,2.6455717396869747,2.5338074054911606,2.663351977018834
R1773,1.656389962917807,1.6128156830647755,1.5767585887540612,1.6358204872102395,1.6871849883451864
R1774,2.404359675306576,2.4430769349568555,2.5667323456598616,2.6160725882356375,2.6406520112651832
R1775,2.7609386225504955,2.821124788397909,2.91166616405774,2.8941873864210845,2.866600265221183
R1776,2.2948477665135703,2.251340992336237,2.4183385717981927,2.4520432595641406,2.48307186360029
R1777,2.872990994288892,2.722336272713197,2.676169196683303,2.6615678935713385,2.6851056932013257
R1778,0.9179135713622913,1.1124982354581687,1.2768139245126033,1.2402296657724095,1.2916556270075916
R1779,2.6239651845123757,2.6663575982414915,2.664011861331591,2.6073821661408316,2.5910145603988837
R178,2.801448634223411,2.8140505485184946,2.8281955033167914,2.8568266368936523,2.894635514702309
R1780,3.5441102045932564,3.504360380155686,3.5337098597351275,3.465270566792939,3.4742274525017582
R1781,2.3969849313229186,2.4379028486983696,2.4958641891451503,2.4652585901238027,2.3395487368634864
R1782,1.9280899326165812,1.9460684501972465,1.990148964112448,2.0354449165972435,2.016979900833018
R1783,3.3616504515752057,3.3194998511136973,3.4081500196291934,3.3884908808243464,3.4209930451250563
R1784,2.831735412021954,2.745966750039945,2.626130280602523,2.575641607835514,2.6718408181756486
R1785,3.6033490287655567,3.607942661772132,3.6464331099577896,3.5894338887177586,3.6111158770726557
R1786,2.745572149478893,2.827843524062756,2.8835381052423235,2.7125561795202913,2.695787527853773
R1787,1.9224343552761485,1.9898035277312125,2.092873690600341,2.053426812874519,2.105289591314251
R1788,2.7128860290428527,2.7179553562045795,2.745459994303119,2.762629111713982,2.7239578179390804
R1789,0.7986182321212152,0.8956381707719493,1.069331125112596,1.1233140234863064,1.0815714676780606
R179,2.1590612894593333,2.1640296067561806,2.1221911286298263,2.2398499769098716,2.3393764379627804
R1790,1.8355428178479005,1.8610681126001376,2.0728342704724536,2.0731726179289125,2.17624347311394
R1791,3.555994869865178,3.6362312208651746,3.622796977092704,3.5081121375262003,3.647021207937383
R1792,2.418328547844037,2.433673178836546,2.4975223198535157,2.6406080004509023,2.710933196032503
R1793,2.4463174121598743,2.4230149268038708,2.56240405491056,2.544682654679259,2.5782958153579703
R1794,2.5165728008467294,2.478975859461777,2.4797543881930033,2.45936570932004,2.62331579707379
R1795,0.3357074657891711,0.38384982146605334,0.3827541194188829,0.39581612638405106,0.44144650645218186
R1796,0.5971032347815404,0.48707366578873934,0.4703165499577884,0.47492281967972166,0.29183872106925624
R1799,0.47099293625382865,0.39458284507855085,0.3921763311209335,0.34920558935470086,0.21279397688286825
R18,1.0652754751903013,1.0126024994423892,0.8963872687642364,0.7118885235345547,0.677399071318818
R180,1.8315823930523498,1.8323938652943876,1.8101875402791787,1.8593186595740268,1.7969392174540644
R1800,0.595567431417213,0.5510667178292431,0.5246183217217687,0.4337090961972181,0.3909726131669957
R1801,0.3684269197731496,0.33020190452839837,0.35991323812683,0.2792728588808834,0.1696254419266906
R1802,0.32456341763976354,0.20560863102755053,0.2009145239695983,0.2753191451616437,0.26148757885652346
R1804,0.5974800672012873,0.6321662560939022,0.6233986322442018,0.5943526573733733,0.5372334933787881
R1805,0.4565575442095283,0.42562122783301276,0.3901339290097231,0.440215476148449,0.5529387653748232
R1806,0.34171073928844203,0.22546096058424803,0.141164890843406,0.19081103783121742,0.1518638196042488
R1809,0.23425510378951034,0.21875833345273285,0.21744383617898533,0.13703612285493294,0.14640479172287346
R181,2.99613351104579,3.0350979372232407,2.999856503178212,2.9776412658146585,3.016942664567696
R1810,0.5992578876276209,0.6023366766461903,0.5758575090471538,0.5051469823805884,0.5984749807296478
R1811,0.7378626583857718,0.8043907620940799,0.7495402017547711,0.716947653663151,0.6819161663649342
R1812,0.17404046786460056,0.1635356109007226,0.19933106733177347,0.25310745323557193,0.23226052388662777
R1813,0.3823512539711163,0.3847014553434778,0.36523615914002894,0.2900951761305216,0.2572709220958853
R1815,0.24123685660280947,0.2240543745698008,0.2064350811827987,0.25481669245883026,0.29800081476122886
R1816,0.10043102881897893,0.11627189332172984,0.05547235752664668,0.06286423389109327,0.08816161946796919
R1817,0.4927746731910474,0.485263813563378,0.4583915077987409,0.4638052994179382,0.527905635314277
R1819,0.35173373639027045,0.2649476252660417,0.20365748931569203,0.18522869581187398,0.17980914212544968
R182,2.0710449751538538,2.072521577708002,2.2983788652551347,2.2679718097576544,2.206744664071943
R1820,0.37550167498911763,0.3196445502249283,0.30788354281119285,0.2390122184199977,0.23321602538220423
R1821,0.09868801286809735,0.11546024190638711,0.10372955476001296,0.05220010375514557,0.029636232632256298
R1822,0.3536136153938078,0.3175741995158599,0.31940404504433445,0.24971973701723582,0.26198904032690173
R1823,0.11331419059781572,0.0752961358781255,0.04574402226045037,0.03313718618437443,0.04712464155318948
R1824,0.23429872139761268,0.2228701833370634,0.18862599621750523,0.18561017552398518,0.17866466739822828
R1826,0.6479939300285755,0.5775592138744814,0.49367202527027443,0.37375469772366826,0.35220044652775523
R1827,0.17830222344808425,0.16209392617656598,0.1617398156134064,0.13388394630328565,0.1303990236671108
R1828,0.34971913953827394,0.3840971001288983,0.3812497901004921,0.3148911599614543,0.2426657717552121
R1829,0.33351872589217846,0.2981970336638214,0.21711154258627935,0.17905609061933755,0.14005948491629713
R183,2.1785494676783643,2.144447880570049,2.109718170359748,2.0105790210490873,2.179012624577626
R1831,0.41917130331813524,0.40257669060545465,0.3604536272526357,0.3500198415863589,0.3766889523906198
R1832,0.6871330899134962,0.6004858146984646,0.5848051150414096,0.479657746560712,0.49885681999807363
R1836,0.35423172087974164,0.42633706297159085,0.4711304891846522,0.5146978190636332,0.5815425037189994
R1839,0.7015186795797312,0.5654828985948693,0.593173720915825,0.5659308045549308,0.5387906571263577
R1840,0.16842322366550488,0.18203137524182914,0.22540969556695767,0.29192942079023854,0.30692112425094803
R1841,0.10036495214180327,0.0970647856071052,0.059754509321595296,0.06218061094371407,0.08390962802515997
R1843,0.6923380222581453,0.7816414668823797,0.7321533436802121,0.709088372895134,0.6191562591169362
R1844,0.7962984863103432,0.8250664809896741,0.7696963541441134,0.577603666015771,0.5752064734579345
R1845,0.3981076900623353,0.28532896339650826,0.31274723801182125,0.3599396060992322,0.2985442734792214
R1846,0.5333030287975762,0.39713908990117935,0.4775206063816189,0.48736307869973916,0.4833735132553623
R1848,0.11644850232770473,0.0954227098019667,0.10363818124989427,0.07359701714321147,0.04842404146485639
R1849,0.2782120056758881,0.30064898850684435,0.3000900310785679,0.36636206468719595,0.29164316747249247
R185,3.3335301398722175,3.3149985447704684,3.432206193226918,3.3887422304997004,3.3806975489963462
R1851,0.3417141262733408,0.2693827911122698,0.2830354688394283,0.28684662515898146,0.28914362692990436
R1852,0.1423221951105896,0.17321173384695715,0.22173847111217304,0.24748118230974445,0.28422477365391496
R1853,0.391431996457056,0.37596048809365334,0.3139928479033491,0.25678927061117063,0.24814340001961196
R1854,0.4574894282257652,0.4018086884887308,0.40359110501505574,0.31421235689786786,0.36991744323989545
R1855,0.3139210971610732,0.277397990879331,0.21698600816196767,0.17978461561583187,0.15000654959030532
R1856,1.135857753993019,1.1443978938078263,1.2787280463381303,1.1654926286135097,1.0963318254925496
R1858,0.7910267347553386,0.6703643714531198,0.6299561848226786,0.4535387616715776,0.4397756805228902
R186,3.0546387972694253,3.254292673953623,3.156053501184506,3.1785133454565866,3.197920983446693
R1860,0.9433101538627273,0.892316753551951,0.8174175048275331,0.8779309069487587,0.8275104126714924
R1862,0.7751257353034905,0.7419816137714573,0.6292379158524302,0.5361276045369617,0.6181244095602266
R1863,0.6223854900869532,0.5734082209367204,0.555444797792857,0.5080348197041877,0.46680225206545556
R1864,0.10154079658002997,0.10923495561801734,0.14768974222163647,0.09983182111937856,0.15961064194262564
R1865,0.6444572537560999,0.6570427109221701,0.6121307168354259,0.7101841597753797,0.647121615407602
R1866,0.25838516992088256,0.22002909878874527,0.16660233387700515,0.1615611790969378,0.14394300170366436
R1869,0.7884865350850087,0.652713816590415,0.6210992256506197,0.6045865212220863,0.6504607768791318
R187,3.3767066403616144,3.3591062052696867,3.3586726204978237,3.3210255495911656,3.3373630834706467
R1871,0.19129585641740068,0.177924788908523,0.3072544134134199,0.2217494969741976,0.23192880047944628
R1872,0.8835024459147863,0.838752370865715,0.7444051825899849,0.6782981059207003,0.6408162601039106
R1874,0.8665864455350077,0.7296203572589933,0.6656329675824761,0.6036345400553513,0.5705586779457641
R1875,0.8424646506284531,0.7217333297373315,0.6183099238938776,0.5684196889906906,0.5835460123030312
R1877,0.0896029331693091,0.09507614718852785,0.1469718447617511,0.10313889716177561,0.15714995621603142
R1878,1.0089178406463226,0.8762515947866835,0.6598544700415734,0.5911407152865424,0.5817253579994467
R1879,1.3438317612748907,1.272399162532319,1.1093424986963836,1.0099000613914886,0.9773058970835247
R188,2.6675081590105276,2.4652576979138754,2.3444100182218475,2.3999303503150746,2.3381007922872206
R1880,0.3221983105110599,0.3363009896727431,0.3173901619602798,0.3189969442809186,0.33391907925707603
R1881,0.41028173655474026,0.3886592473884234,0.3146908953987654,0.363144477300503,0.3785331327585923
R1882,0.9886906420192647,0.924618443645017,0.9731358248946569,1.0448921544523653,1.0013725870572772
R1887,0.647435122862102,0.6079989901715738,0.5387665538070222,0.4861484450692652,0.40407745547205404
R1888,1.140430349372075,1.021093693010624,0.9546602391242985,0.942164293041067,0.8774951915990914
R189,1.7920428132524466,1.9422529217565223,1.747676411874324,1.6468176815059918,1.5997034198158355
R1891,0.9157689400326344,0.7569727102368886,0.7060868772901839,0.658412858693151,0.6587142647582497
R1892,0.9326288823263821,0.7407083229450498,0.7130603315760667,0.6407729723209535,0.6890880793416094
R1895,1.299526688359473,1.270200650011344,1.1153397534352438,1.1024815701215454,1.0138435415116174
R1898,0.6148995660203381,0.584273290155813,0.5221313011759282,0.47127363037240827,0.4855899967369483
R19,2.417151878964834,2.2554119853440024,2.1043362528183156,2.1167159312718185,2.1078541999955145
R190,2.6640309487734775,2.785778843904789,2.8436135734247885,2.933067691341241,2.92598697197006
R1903,0.6650672041038486,0.7247605824190344,0.6108134444475221,0.5724394676859922,0.6416020186608262
R1904,0.7813228967459758,0.7817358895077362,0.7054055955406574,0.6028059559094737,0.6534743431580599
R1905,0.8427981104321677,0.7895697559441256,0.6836104466892918,0.5270227046140353,0.5114779938389259
R1908,0.4396523941750673,0.4215605727592897,0.3827600065417635,0.41969706653923716,0.3365900759276494
R1909,0.7676476704849778,0.8135692132681682,0.7059052955058626,0.655570004838917,0.6936730779012933
R191,3.2427585886775456,3.2812931939414054,3.3632266452341852,3.3281970208507947,3.259351518867571
R1910,0.4718757233716532,0.447292750516709,0.40996524872904616,0.4765569562791468,0.5092019521756438
R1911,1.2105632127710513,1.2162846430048577,1.0720322492259264,0.9919298418506929,0.9441535603945113
R1913,0.7466248646197827,0.6512660914100322,0.5657745035145211,0.4803823497338976,0.4573206608674674
R1915,0.12366327970203607,0.1446045534251381,0.14319820387069895,0.08759526678950713,0.092495203264853
R1916,0.8764596966578864,0.8223318799897619,0.8002410157149756,0.6849713374166175,0.7070686689945103
R1917,1.0867246503842896,1.0238449442079274,0.8512938040537517,0.849339771679238,0.8719009890382722
R1918,1.021296361177106,1.0494504744725848,1.017534116683349,0.9219970406826462,1.0717279422596981
R1919,0.8481652918834085,0.7940805255631401,0.8530785066851854,0.808919000500905,0.8076895917765263
R192,2.837972583472893,2.7916006648195366,2.836877481107805,2.762888271882798,2.698347634043956
R1920,0.44504248299430377,0.4234048647753898,0.42999933607431845,0.37617595264694176,0.4449091254003239
R1921,0.3660951608187762,0.31196004558091883,0.2714826683143921,0.20638293468160213,0.18263169893515818
R1923,0.8846122916832627,0.9130804238694238,1.0116718557442153,0.9863272003490919,0.866369402062676
R1924,1.1515769083854857,1.021940558684175,0.9272195841786572,0.8790924009460025,0.9028373419807683
R1925,0.8959739990761157,0.8798248687303011,0.787337090797247,0.7768528343267791,0.7193229992664298
R1926,0.19133524285399828,0.17587452462393177,0.30769613045937405,0.22157874603333746,0.24012408506833663
R1927,0.5797953402108222,0.46331846531490284,0.39278789665934605,0.39002886227117983,0.3538415179872926
R1928,0.195980577719446,0.18635031728875093,0.3033744630280297,0.22486307316032147,0.2430020958940759
R1929,1.283568806868164,1.2567155600239486,1.1226159935425608,1.121862085904956,1.032401191093427
R193,2.489397500347022,2.6447198986023275,2.7198536815264758,2.7067841175919787,2.8032655685479004
R1930,0.16649205965527447,0.1710861972723826,0.17422781225244996,0.13160316066718655,0.14752141926188983
R1931,0.7729416370920784,0.7290895352563586,0.6646220937348922,0.5610721861750524,0.521257975383704
R1932,0.8560507651071204,0.7856667568022812,0.7185457576577213,0.726121074333398,0.7093485627619646
R1933,0.9063907313441218,0.9037318463014243,0.8769700738894339,0.8971773523453401,0.8830856717430826
R1934,0.3855909189218181,0.3168893932933477,0.278495681628301,0.28564530300809426,0.21548070180057458
R1936,0.7420846030747548,0.6519541656561195,0.6246339127337494,0.6011483712530861,0.5706637022677697
R1937,1.3870541252549202,1.298199465149375,1.0992754746912434,1.0188139503825562,0.9772281675596433
R1938,0.525271137586698,0.5631174189807097,0.5231666464403857,0.4839814533986825,0.4971812492671358
R1939,0.9312964370067045,1.0433414692214698,1.0486620651258471,1.0195990122356544,1.1252556419541708
R194,1.112086159283656,1.2098488743999465,1.288378595525062,1.1925869622811844,1.1702125068870604
R1940,0.42013579053779054,0.37817807172370965,0.3122134800047154,0.35443499896678055,0.43916616199682773
R1941,1.0032349070769182,0.9842303383289771,0.8608567518771261,0.807889761755212,0.730517598665186
R1942,0.8663993374121479,0.828254935040737,0.6318291333540216,0.6150620603627732,0.5547456942719202
R1945,0.3716950993630894,0.37154510863584267,0.31062528002788387,0.2668682190263662,0.2799813335313348
R1946,1.9523671353785257,1.9800946260648524,1.9683046130526454,1.8704343715261817,1.7447456729045232
R1947,0.8905374309951334,0.7468981292624188,0.7033591926236203,0.6362285439605467,0.6405289031761147
R1948,0.8542377896594672,0.848810583932164,0.7214647199440292,0.6994061361169389,0.7561704145933488
R1949,0.8009546105778074,0.6579760210116514,0.6084633771504228,0.5519333496092809,0.5487221261658559
R195,2.2970354993834565,2.2868523320729217,2.386707072748956,2.2488055267415317,2.3294312371786914
R1950,0.39784841483256694,0.4216893366910102,0.33749083351853876,0.3543064276158914,0.2889143855339823
R1951,0.7896714337475845,0.750739953518677,0.6270516724368215,0.5484853190247693,0.6395795308702108
R1953,0.8343208533780152,0.804532881384564,0.6710027983608997,0.5881788879200137,0.5090847372432442
R1955,0.9328410805625079,0.8793648248148574,0.6686981630758614,0.6383798995302676,0.5859218074240984
R1956,0.6355164994952934,0.5729217130022323,0.5004429079238643,0.40654518526915595,0.41499656287240755
R1957,1.8067802929517245,1.8588578160824734,1.7928695944517063,1.7463771689526009,1.774661520520139
R1959,0.9459812889964806,0.8763171722163371,0.9235824855347242,0.9147866071517946,0.856029868868059
R196,2.956150449281935,2.9712939576300763,2.896525693123722,2.936864268853074,2.9301880131067857
R1960,1.3639432115091454,1.5141868242024017,1.5043757059938017,1.4655413791376835,1.5875088749222388
R1961,1.8405129658815111,1.719321580597997,1.60782233025986,1.6766858080791593,1.4896341918479945
R1962,1.7387135829747875,1.6856985519799816,1.7964707511744165,1.8102796963012828,1.862120608284601
R1963,1.9176903483308494,2.0917186834080597,2.0802165714254404,2.131125611581182,2.1708066773487853
R1964,1.3307907773108505,1.2955052739459716,1.2854446319233161,1.2373499826624899,1.2073368939157312
R1966,1.4059914272249026,1.5200389510018917,1.5450794271679456,1.4526643667816954,1.4521463145945877
R1968,0.9106316391506571,0.9083744699212953,0.9077133789311775,0.8947800062103853,0.8497910275706715
R1969,1.1721144912447516,1.194981246624695,1.1402708144363387,1.045190181820854,1.1174465243485614
R197,2.1067107452153793,2.208648708313209,2.1451874592187137,2.2728603742130256,2.155913226678016
R1970,1.7682149576377468,1.7276152471766255,1.7478706747407267,1.715415631800382,1.624686960312324
R1971,1.261649329782301,1.2444356847579643,1.2219329607792706,1.2202186793510572,1.2043563959594952
R1972,1.354017351691075,1.287547624351969,1.3729945593345798,1.317147029971253,1.3243036018126435
R1973,0.9184079361071499,0.9425012948694385,1.0077846072766383,1.088240422416884,1.077538942081913
R1974,1.1620297717427206,1.2123858465130535,1.2123210418444572,1.1758845437942385,1.1926340885170144
R1975,1.0574030340820841,1.1672161295443049,1.0460924010758756,1.0950093022298282,1.2057529385179306
R1976,1.0360860473457887,1.0981217887497292,1.1770382979922498,1.096470025397457,1.1153035092352481
R1977,1.6735375697811345,1.648923443198244,1.6296828288567062,1.6294734861798943,1.6455926090193687
R1978,0.7075847222413439,0.7302906653139609,0.7853976068075583,0.7987934319230513,0.8743168161073818
R1979,0.990818511503403,1.0440950209501967,1.1142384056006647,1.134767273567882,1.0958465949296512
R198,2.4758922649420336,2.440918445120542,2.360906716501795,2.426356316362487,2.274243933410607
R1980,0.7341441638689667,0.806616903870015,0.7849805791117225,0.8167510532646555,0.8226593990404911
R1981,0.8713305573027849,0.9014916602636508,0.8951215300316938,0.8356227607408602,0.8175204795044381
R1982,0.9957227700776589,0.9874508066273971,1.0259860920184969,0.9938751032653205,0.9922909991658654
R1983,1.48371805020509,1.3943585455446392,1.5090080526229313,1.3651978780627545,1.3816353345786248
R1984,1.4739838595065295,1.4129663295236181,1.2574190846157163,1.2648084696180162,1.2440575047599447
R1985,1.1030772762628411,1.1598487767641976,1.0953787332075502,1.023143820782221,1.0221017000853267
R1986,1.3201658003205436,1.3611017374112468,1.3017346739071616,1.134362410154934,1.1749946302105632
R1987,1.398936294289231,1.4140389413728898,1.377762714453484,1.3109125546519522,1.3853935031844087
R1988,1.501609589506508,1.4640252511962113,1.502143745351483,1.4102430464260292,1.4148334762527017
R1989,2.103300806631751,2.217398416051269,2.3279413636113073,2.2919610286071217,2.237651620403748
R199,2.564919589608092,2.4833644353244697,2.458598496540951,2.517150738359173,2.4830668077440357
R1990,0.9145877223454413,0.9138199440125189,0.9636650457695933,1.0042852234289366,0.9934870065733552
R1991,0.469032569676378,0.44639859089136363,0.4248594209684997,0.46931543435156753,0.4442157651760773
R1992,0.7044456741931162,0.699922277122126,0.6700629093201842,0.7021049492602935,0.6742532073718019
R1994,1.878739412562517,1.7683479456715494,1.8218067901618653,1.7328827473269495,1.6344879789970752
R1995,0.7758642676775623,0.8570868197516021,0.8477217611648151,0.8056748423225041,0.830227787681705
R1996,1.8433048272568968,1.862648611293903,1.8036968154431197,1.8260340320425748,1.7776492292877544
R1998,0.901299644986191,0.8790389780483088,0.9168065558007155,0.9206138544580673,0.9274798291382319
R1999,1.597058153894509,1.6197052501156397,1.6738729188271817,1.7998049177329931,1.8134192513977747
R2,0.4470166183698722,0.4110873782292806,0.41450046636270654,0.3478675830806897,0.3475223344048214
R20,1.8964220674807466,1.6960373392285937,1.6998478898204892,1.5559756359761387,1.6082827788388225
R200,2.139945179844093,2.1151195019991604,1.992881286320448,2.1291912712061016,2.2106582966009527
R2000,1.3879257655992108,1.4852220138636743,1.4536729637875523,1.4343626156832299,1.5880817614538922
R2001,1.977900447831448,2.1012854750473173,2.152032264633828,2.1765281855900174,2.284528724894496
R2002,0.8925415514499074,1.0093254294436933,0.9698075210816408,1.0285843657792562,0.9641729569914076
R2003,0.45779710169994303,0.4231048959971029,0.3621725623113166,0.36383605115470935,0.30344945497882814
R2004,1.4721853836890602,1.3652034263408812,1.3258508157131115,1.3510466972968234,1.1877355293602718
R2006,1.3636131279643082,1.3790500466164517,1.3783201506394571,1.4129756416600177,1.3238540450204432
R2007,1.5214583692378063,1.5607145383105425,1.6372166933616532,1.5478456972323578,1.4431806579258823
R2008,0.6714906845890842,0.6289022328370935,0.5872916582793166,0.6149596999943426,0.5472272113686102
R2009,1.1147762180437024,1.052016699370192,1.1400679073721165,1.1290642384600618,1.1553499179039388
R201,2.9335229865546673,2.871101308289351,2.9640395352245323,2.7453039111959536,2.6457250827833256
R2011,0.41323939491193123,0.5002637687470486,0.4292077991173713,0.4597630428830266,0.46974712061771656
R2012,0.3829804496752006,0.31593848180343254,0.21960490640342023,0.21850901026402456,0.16251871975536708
R2013,0.3029450199629054,0.29543008639744794,0.31670451155116147,0.24052112336143072,0.15841447705764583
R2015,0.7729887072600714,0.7529209636111387,0.7433101767590855,0.7702335669050687,0.5504272217321897
R2016,0.5285456606429566,0.5421137164026593,0.5080720131570406,0.4786437914198275,0.4294724436957348
R2019,1.2439561633635075,1.2332206888552153,1.2726308348346327,1.3041655169181015,1.1430329130536812
R202,2.5066189607402847,2.5877232662337244,2.5806752319737583,2.535590655234298,2.588940128438831
R2020,0.6131927791555138,0.5859959642078995,0.48595168499015945,0.4893803736335595,0.5441014650490414
R2021,0.7449927111153736,0.7542789705014591,0.636744706905322,0.5295268916689134,0.5469312716738417
R2023,1.0565133067411367,1.163300434693987,1.0208826819500025,0.9398338650883885,0.8497364248106696
R2024,1.2685107410280836,1.3050903778283263,1.2672838256160373,1.2724166410710578,1.0270584020765419
R2026,0.7084553679909613,0.7039394186789049,0.6433708623826894,0.6277295506248712,0.5669644702220117
R2028,0.6794679784029712,0.6282828173139603,0.5156305397095069,0.46816133594579196,0.4985359189022912
R2029,0.42415302862875826,0.44843904915504407,0.4122552093547398,0.44949883999641554,0.3234414124638632
R203,2.8514127606851525,2.8628197816162895,2.855029701722833,2.7901282551645,2.842204588682012
R2030,0.24486535687828503,0.2883388267604648,0.3179859089579644,0.4036494824568602,0.39460867245949544
R2031,0.6961280837122303,0.6645654856965131,0.686948457551298,0.6027027808509948,0.5030315326536561
R2032,0.34802922129163166,0.29409121131573707,0.27250577177608265,0.28245297881364206,0.2373553138908496
R2033,0.5912915450811579,0.6293780786191776,0.5770808465998827,0.5374756957084293,0.49233258804755486
R2034,0.8600190057591429,0.8168153323582236,0.7702695907340879,0.6381755415279343,0.5741761825870925
R2035,0.5699933766611315,0.5125845233167328,0.4370653559212882,0.42983601631581414,0.27257170345695647
R2038,0.6528585466919158,0.6279681514491942,0.5788150428362374,0.43997008721548286,0.4299721534118679
R204,2.601166778263417,2.527755311532291,2.3870395550221226,2.5920988099809223,2.6108547056832907
R2041,0.3467920405899576,0.3985112317369703,0.3764801255379077,0.42250220819123985,0.37904337006432065
R2042,0.7394957189702737,0.6690858882574633,0.6478934520768277,0.7315476330866172,0.552180001774991
R2043,0.6364913144105165,0.6205409289452358,0.573364488511439,0.5491628710442719,0.4061625291075614
R2044,0.5329481925215879,0.4632405076193024,0.3526387634250577,0.3257165116999379,0.27025408159325787
R2047,0.5940509339155629,0.5647305364793785,0.46518481685579444,0.46192941536967075,0.4079208535281184
R2048,0.9274554176895665,0.9201630397961336,0.9108657881887254,0.8867314667523012,0.7408464809209662
R205,2.793257605914665,2.9553470556838835,2.7705131418003255,2.9707280625139183,2.8094141479409798
R2050,0.39396094404382803,0.3675119838451592,0.32449015745380744,0.34987556675569426,0.23216018425179588
R2052,0.14954969983515595,0.15736621035072818,0.17361964832532847,0.18991991805772804,0.11965596025519956
R2055,0.48738671689980106,0.4834248738317487,0.4370297494319945,0.4819839718633507,0.3164273426368874
R2057,0.4051797242817985,0.38518172512167137,0.37636564964123,0.41885159768614605,0.29842642522403723
R2058,0.4553997272872963,0.4463878166032857,0.41498924675100407,0.3361406054311634,0.3463736131483834
R2059,1.258033709995387,1.2362705549144297,1.21090168503939,1.2455798099144109,1.078502170456742
R206,2.8363116542481444,3.0661206809515624,3.017928678423919,2.924542547478862,2.950435225513906
R2063,0.204044161397052,0.14323872141496388,0.13515707901839302,0.11255061003946909,0.14357538196084937
R2064,0.5673226539916397,0.5609131007571047,0.5300753399368489,0.5314118148275915,0.5763780660039342
R2065,0.23838581635683306,0.20749975138862492,0.14309974631126715,0.10450069716315288,0.06569687852353666
R2066,0.8400090997406313,0.8749623295022066,0.897125312616807,0.78498462867219,0.7704333936510828
R2067,0.333173404328122,0.29984854934251814,0.27822057625420027,0.19241990685048402,0.20851203668306084
R2068,0.47897336011565733,0.42365298640597465,0.34274619376329507,0.46464668799513775,0.3039795144588804
R207,3.1101996590955774,3.1203988569320185,3.005746668348481,3.127476338995048,3.1546572901576284
R2070,0.22799128061415952,0.1929718069469905,0.15885318009170366,0.12724936636526468,0.14440872309703304
R2071,0.3002977307239839,0.2510392448054218,0.3118831107576831,0.24781774290861627,0.23765785350134755
R2072,0.5412927150660706,0.5606087235841936,0.5255597348325566,0.5914644046602342,0.3875639426915757
R2073,0.2926230506276489,0.26074359766379196,0.21941608279976796,0.184562557741337,0.16570739515249927
R2074,0.5100881847839361,0.5466127249396652,0.5003946681320377,0.4679989664152375,0.41272703482914086
R2077,0.9171764202071946,0.9514230284822164,0.8010240932541919,0.7460268204496858,0.6657100979118215
R2078,0.858684144647012,0.7861501522404986,0.6988110759746344,0.6815653211438445,0.6612455676817204
R2079,0.879553719795304,0.9272976983766548,0.8961294103443304,0.9725067583903706,0.8128206857051791
R208,2.719959981269886,2.7232126081294004,2.769714677296462,2.9438023370206396,2.9776240651773724
R2081,0.11835420091144416,0.16335693928091258,0.150961891414433,0.18756754807894221,0.127857728236228
R2083,0.24553540799629534,0.2866937028151815,0.2883429006982529,0.3388679512529732,0.2591893504188371
R2084,0.10256225730285226,0.1756170796433802,0.15102014540948686,0.11743633268433558,0.13911064159824615
R2085,0.638580940754385,0.6161277744054596,0.5218143526188782,0.5103343103995253,0.44589796653816843
R2088,0.6527354202593149,0.5705468939490744,0.4715860627870779,0.4163397405511719,0.3831191288382276
R2089,0.24188056724603502,0.18742734387075008,0.16483072820473865,0.27258290649334577,0.2478209899676958
R209,2.838420438728128,3.044279703712906,2.961160208023491,2.9662648335451816,2.964117118484491
R2090,0.855423380637943,0.887181802643662,0.8835055515854073,0.8439391372311895,0.7383906126404327
R2094,0.7040682011373889,0.6861167033786734,0.5540433261402333,0.4390877369392403,0.35347535844597056
R2095,0.5886562992136152,0.5439669841481366,0.4978471718421604,0.4880240838816893,0.3748469341934591
R2096,0.8129780105930463,0.7751205448844274,0.6886949331314931,0.6214051054415612,0.37715382691587723
R2097,0.6715758667473634,0.6553248118996069,0.6185050497174226,0.5790811505413722,0.5187532993197782
R2099,0.8227357293061804,0.6895385088418806,0.5413907563827562,0.4692571579293789,0.5444138969761645
R21,1.2666619845495228,1.1968819068063412,1.1284220642705873,1.071656073043645,1.0376960572236509
R210,2.4575203022853036,2.557530024213621,2.3904058630776683,2.4538315261598194,2.3976463660332543
R2101,1.7163467430555617,1.617105438145962,1.4948986740860508,1.4941556070428352,1.5103356366173715
R2102,1.9244537383712355,2.1175918108321294,2.1642887522986047,2.1302105649801573,2.2139355104258387
R2103,1.1463624045297478,0.9893499339631355,0.9845848381979438,0.8729311331576455,0.8953482683643555
R2105,0.9748877107773453,0.8640495124256135,0.6825311676428861,0.6430181030544005,0.697735373081134
R2106,0.37682590710200037,0.315842001732233,0.301673669571203,0.3714009416504436,0.37463448545598865
R2109,0.9135259364641669,0.7919364037194797,0.8016458368114248,0.8260342562223072,0.7873489381749696
R211,2.6309884660411904,2.7142626602059714,2.720790306931534,2.719776132394766,2.8792957104192416
R2110,2.2851030935672303,2.4434982823138696,2.5776412648029203,2.7021147491263315,2.820044010146298
R2111,1.3913547867492613,1.4496277522338594,1.5334650478738785,1.4264186125131968,1.3820136852178875
R2113,1.1766593232935845,1.071403826282899,0.9663232862759388,0.8229477681146308,0.8980401281208343
R2114,1.0100812872669318,0.9882544927532938,1.0062568147873463,1.024110089008906,0.9649113118985867
R2117,1.912754711269753,1.895401330569322,1.9081961913555059,1.852022498320465,2.0071334476984735
R2119,2.0169229359106677,2.0213472733024123,1.9464350899717808,1.8822512142172394,1.7583223728620454
R212,2.4785419480338207,2.5320284607828096,2.49409489298022,2.4836790124557897,2.6091024346389395
R2120,1.6759893967894892,1.6215710755939565,1.767046772066049,1.7357441279447001,1.8249415575526273
R2121,1.412308673297947,1.4601002490849584,1.4008785231651986,1.4405414668328034,1.4697115537112972
R2122,0.9276348201414424,1.0029935716047909,1.0782324451572571,1.1046043696105836,1.2024619612579368
R2123,0.4008584678520763,0.28952883680108016,0.21611184183973542,0.41341073529639905,0.42565076095669785
R2125,1.7747259644043931,1.7676891193344981,1.9241776895948346,1.8378709128910151,1.9211238695342487
R2126,2.0777394700112772,2.04666319368732,1.979782279458351,1.9266241828454822,2.0877107789055334
R2127,2.2172206468798605,2.2328473283450574,2.067064841294746,1.9112826770254503,1.7374200492215057
R213,2.5808345523890748,2.5951373942162475,2.508831890008554,2.379383521138174,2.2854821852770337
R2130,1.5523788866729595,1.6028207354829116,1.6848109834945304,1.5674138940056577,1.7116446651013792
R2131,1.1409489671130162,1.1601520111283274,1.196290642700372,1.0039780701667764,1.0262067530851786
R2133,0.8859078390032108,0.7021840453767576,0.5488990694336483,0.5188734297796999,0.627409744558322
R2134,1.48604926798295,1.397448210017166,1.4704722528703706,1.478621644715844,1.4221143041717212
R2135,1.3153195353915594,1.4325365106108001,1.5213501583124758,1.48540370778367,1.621359665720373
R2138,0.6744877269451407,0.5401784940561257,0.44613525001209603,0.49191910627674695,0.5510858876664725
R2139,1.3310095345088073,1.2002340545640038,1.2560993842466985,1.3046186474254748,1.2550072754165578
R214,3.3824835289993693,3.56028795001287,3.628933304444543,3.623169053009691,3.656457088490538
R2141,0.5501346826736195,0.43879579122464907,0.4956477086056895,0.43723135572239913,0.5238823060622568
R2144,2.256162343643755,2.1502125366684197,2.1349077382174717,2.2512581679523884,1.9587168812951496
R2149,1.1598351425288884,0.9639414212020878,0.9249575029192316,0.8520972220291235,0.9016807892663732
R215,2.7253889324133307,2.9352785826655237,2.874003920706855,2.7721000419784323,2.8404845152024674
R2154,0.3461715670911184,0.29426030216107696,0.28463308792034114,0.29603469318597425,0.2952561239883961
R2155,1.7816485285961736,1.7900227037132113,1.9378760860113422,1.7974823392774886,1.841571565647007
R2156,0.7959253451044538,0.7374128651335634,0.5990007093349546,0.5157148350208693,0.5281252128090662
R2157,1.0702390652371732,0.8961681410310087,0.8137590687150391,0.7829897516097716,0.8581289706763736
R216,2.3187804738588476,2.2321659188583722,2.178515907421347,2.1472636073421234,2.1576278396377866
R2162,2.0122783689308132,1.947875653095425,1.9220004828519044,1.8508332994985675,1.8430386317934084
R2166,0.7751829976291498,0.827604950357801,0.84387239456562,0.6871934145181465,0.8012526623236166
R2167,2.6123160139066095,2.690115057030291,2.7330346790680635,2.72704836974607,2.7406314809388626
R2168,1.6413738650725564,1.5687952494934734,1.5758538147558598,1.5637689044231058,1.5107274142847196
R217,3.0908739727812486,3.027161408139648,3.0215576472314933,2.969044291739939,2.8769143826215324
R2172,1.6703405573404198,1.6329677434771124,1.7040137983630297,1.7797097564242412,1.7994955597859745
R2173,1.1533593585525124,0.9854267528377182,0.7926490795573317,0.6835184028028617,0.7673974519172908
R2174,2.385214147141057,2.246012144221352,2.1739781131049183,2.2247360187495393,1.9696951734166508
R2175,3.163682071579273,3.059553065171444,3.0589312484822497,2.95788918603799,2.964853830360274
R2176,0.6698690974342097,0.4827284805812959,0.38360133563830145,0.3468804712699555,0.3609029275954252
R2177,2.162289207466873,2.030295456307842,1.8123207898379332,1.6970130171009596,1.6614412801152099
R2178,0.38104371788498703,0.3220886369465043,0.310122540210823,0.3108556920227324,0.30601422455040644
R2179,0.694650620638671,0.707158816325412,0.701745300901255,0.7191617896087807,0.7261603769120134
R218,2.3510741096852477,2.541797335532859,2.398805775769602,2.366429647090911,2.3918131462834795
R2180,2.2355213107498355,1.9862692209342812,1.658942775413721,1.603447542209595,1.600175725523449
R2181,2.0782765950138793,2.0387775595732935,2.0268609161324496,1.9714664490199987,2.0346918329130683
R2182,2.586019437800506,2.5946761411857113,2.4794621918795583,2.39817120974183,2.4576554208969106
R2183,2.057065771508,1.8447360636177499,1.784046467100015,1.6605530388157155,1.7999026269086882
R2184,1.2934894158114165,1.1259966335123266,0.923706907378132,0.9631141953605039,0.9258412802438113
R2185,1.420526399648013,1.4337084356634502,1.3397284341893243,1.5314767604887152,1.3637976837817205
R2186,3.000254116776068,2.928068697624381,2.9196621104221174,2.9118250359303612,2.827504801195563
R2187,2.7348602185866593,2.7346924343656935,2.727998792714484,2.738748006280564,2.6449901845801818
R2188,2.06919503393752,1.922539226508582,1.7790710706293182,1.7257761441169497,1.6393688597210512
R2189,3.3545235713100827,3.2483542660662494,3.21890959305058,3.141964862871837,3.150710850630801
R219,2.1103757437025292,2.071118389892021,2.1662135806432583,2.1503763571370853,2.160188184725709
R2190,1.4194840010496663,1.3323754347754788,1.1387345215754172,1.24573869153796,1.3520278795681393
R2191,1.4784186645196609,1.2800724945628348,1.2728093743293662,1.2837752242665261,1.1608977913673055
R2192,3.2597451297094144,3.272491070088985,3.278717130357278,3.221530876564081,3.259427171443753
R2193,3.123666319828738,3.1527670239778613,2.993519779626155,3.0024701712168147,2.8736325419812316
R2194,0.99570131559796,1.0646126363463093,0.8878087044418952,0.8306065834508384,0.9456339658106448
R2195,0.5237762666686289,0.3890217283920944,0.31455913598191204,0.2688022756494373,0.32583461884226494
R2196,0.9776707963173812,0.7663707766906127,0.640825573702949,0.5654445306427187,0.5653827585127823
R2197,3.0133323395347773,2.8991916797674038,2.956771129987998,2.865790811421275,2.880077783612857
R2198,1.9160080255697027,1.5887051772953056,1.3348596592426674,1.3441186218804433,1.0143106304726615
R2199,1.2145420985113533,1.1713378371294654,1.0665465525560152,1.1426301928947442,1.1538660265309855
R220,3.0435784364610092,2.9942712251543977,2.849750388323035,2.823128740649172,2.6781813689670115
R2200,0.6810068464840214,0.6353201645566557,0.6437670620959611,0.625622027914992,0.6249614707881911
R2201,2.437675359544239,2.4459030757202123,2.3386449867127426,2.278428358965736,2.254589314160965
R2202,2.495295929428912,2.495387963564414,2.532609645354333,2.2968725467473976,2.218024791299381
R2203,0.8274870567608008,0.6847254970156772,0.6222087057592899,0.6952461025086188,0.632555503395391
R2204,2.041037288421299,1.9239975363214898,1.90833653646461,1.9286261946620402,1.812082369893328
R2205,0.6337349122854091,0.5333678237152445,0.5311547774358373,0.5489554829410106,0.5772679381461645
R2206,0.8076439203791789,0.6260577383891953,0.6101181447636632,0.6914337333686204,0.6767217996385002
R2207,2.0432774130282256,1.924193744498061,1.8480232185139018,1.929426570347824,1.9273315590538755
R2208,1.2807109999655863,1.050210632455145,0.7860092688801595,0.6709746098902089,0.626860322660209
R2209,2.062601636703329,2.1241152597831165,2.0807835440191607,2.1438336549784327,2.141878696265744
R221,2.2247755636387194,2.140837014360617,2.04066764536089,2.1049841044857147,2.0720091518064465
R2210,0.7049725948493916,0.5876104356229442,0.5125299878381354,0.5745210456137517,0.5550684070901561
R2211,0.0,0.0017405406777664262,0.015972020337150734,0.027643881352760885,0.057028303383288195
R2212,0.600722727637122,0.5284523466981328,0.44965072337881945,0.3819544331237204,0.3696757572219006
R2213,0.7260290309345143,0.6307085347495093,0.49963533800327886,0.4959975451907696,0.42281537563087457
R2214,0.8505312063889642,0.7584477526425304,0.6114592479324601,0.5867430730108403,0.48794187916932585
R2215,0.07337992735397085,0.013906016591859095,0.03944820141432033,0.044642676863603355,0.06129989736076426
R2217,0.23431860670919635,0.30252077901795815,0.2091403450526821,0.2310781295061783,0.2375312011331216
R2218,0.098050458180842,0.12907303614338478,0.11315695566226071,0.13339329846598036,0.11068213230869073
R222,1.9941689500149733,1.986494613638856,2.0346258727594844,1.989307078725458,1.8832322746019532
R2220,0.7643916069108316,0.6676926200607062,0.624663261564892,0.6105621727795929,0.46001955762503105
R2221,0.6881190516022532,0.6837795960402006,0.7171127539411385,0.7050383258561638,0.5906995759830821
R2222,0.6229778487346093,0.5607894199842375,0.50910729845329,0.5711528575792552,0.35790391945225025
R2224,0.8334452419682287,0.8099830315333899,0.8551456790792177,0.7020682418912099,0.6445962225216932
R2225,0.7501498999904396,0.6849151696326449,0.6391850965624836,0.4836145903278932,0.5720591595479001
R2226,0.7597246630134735,0.7464473555543835,0.6747136252353406,0.6727287589633247,0.538799093141861
R2227,0.8107606436773686,0.8519560987959517,0.8156978321111362,0.725403543605921,0.6223848026465174
R2228,0.7126992712826293,0.6738970615461607,0.6734555580455335,0.7059390249414841,0.5926965504701492
R2229,0.10753811128709821,0.050612192649560975,0.04709698304544448,0.020954744630364425,0.07245427174310044
R223,2.28848504698702,2.3134811808072357,2.358901828161428,2.37765738258131,2.307275792506656
R2230,0.5765918502285262,0.4152099741239973,0.39633280174010155,0.36327524894833296,0.2823851050404053
R2231,0.10566956286209062,0.10136089829345657,0.08429659848492187,0.0324753248709314,0.06501090511492288
R2232,0.04136343728339036,0.03890620338536717,0.04388892767858086,0.04757477852561564,0.10835718925310593
R2233,0.8502050349165076,0.8284289306029446,0.759881950847814,0.7654252867167584,0.6896022526094922
R2234,0.9407228962130646,0.9311164182961682,0.8825493419286727,0.9075152083803123,0.7333751374172389
R2235,0.5786730980873676,0.5546664016742539,0.45374041086606615,0.3934630333739417,0.3200233903607848
R2236,0.4628318764477108,0.5818347166090224,0.4655936786368371,0.45060658443987195,0.3452512228108204
R2237,0.2377772974959263,0.24911601951335835,0.16094907872011535,0.15111442601257447,0.07810781425984333
R2238,0.0693888773307806,0.04541343751790557,0.042941237407785625,0.024162799997228035,0.044503236153086656
R2239,0.06643597450125656,0.016745819868216123,0.050369070319847144,0.03669774004219841,0.054408575142830054
R224,1.9341336846564043,1.980395607964576,1.9889290937460022,2.124390260334739,2.067484501741187
R2240,0.15000191960583853,0.1770360308098356,0.1074139890409583,0.06917795987906952,0.03542512202983432
R2241,0.28351499627946053,0.3190762437042348,0.22769702929260327,0.23277485926369146,0.2776832221047865
R2242,0.7423886833319031,0.7726600068843948,0.7376860520125476,0.6702410734041832,0.6502231491974398
R2243,0.7733022444549023,0.8453228436677861,0.7494452686683253,0.8450120611101624,0.6855602666628373
R2244,0.5565703620575383,0.49522815054399427,0.44299652861996214,0.41126369304975263,0.48660320105636395
R2247,1.294915489055805,1.3291839706128907,1.2590601141462623,1.3422091385714447,1.0717068315002172
R225,1.4769060322859358,1.3770600138151468,1.4716077387044615,1.3565529318591858,1.280304376510104
R2250,0.017200637286162328,0.0021842079093539464,0.006552623728061839,0.006279597739392596,0.01337827344479292
R2251,0.576554416415294,0.6177841684735182,0.5296436029658734,0.5958365355825735,0.4184511558315754
R2252,0.6351544865361743,0.6433217074662544,0.6240429860098947,0.5751793288241039,0.5135050835800896
R2253,1.2142419113122753,1.2157379084625477,1.2234257937533526,1.2366239236757288,0.9923316395718249
R2254,0.6462030682233653,0.56220029884481,0.5183811726979645,0.4910248306153563,0.5076940934112939
R2257,0.11509738671084763,0.14555904984379373,0.07322802495725703,0.09142558982599264,0.13953999056691363
R2259,0.11284565849940296,0.11822025309378234,0.06951924236490607,0.029776427138274917,0.07590122485004963
R226,2.0726570668548794,2.086568555180079,2.042826959150634,1.9501645420941134,2.0831023439900007
R2260,0.6417452948989372,0.6570084471356851,0.6319058770590652,0.7226631772722208,0.6946174601697078
R2263,0.22350748279377397,0.22354132192733747,0.18662722244041813,0.20941636701403055,0.19156525262305987
R2265,0.6405985857465264,0.6003713266131268,0.5802333928579713,0.7156805863666458,0.7570913400289654
R2266,0.5525953133074696,0.43157416704108686,0.4290427895230157,0.417448024220956,0.3679688991753006
R2267,0.20425698125484842,0.20606669794230828,0.16942781937798848,0.1638627732624994,0.23862471409691866
R2269,0.708843138026833,0.7034792987062215,0.7333965114517805,0.675536819555674,0.6232578763772486
R227,2.482897712023232,2.4746570807429022,2.5293092145694818,2.4008728116506406,2.358924776970868
R2270,0.1799821460182628,0.19893868998234313,0.15086750501377474,0.15480106926878676,0.21961527963582259
R2271,0.7223275552001851,0.7171601532029571,0.7098721958928085,0.7131781032864648,0.5600837531135516
R2272,0.5391973941801527,0.46690665476579063,0.4219941397357089,0.4048390602485809,0.288786179355353
R2273,0.19158736529041004,0.20966197826815894,0.16095213807382766,0.10675316156967413,0.06344441411701542
R2275,0.5225246502053503,0.42861840796968426,0.41181477835870156,0.3552844603374095,0.3572863380787052
R2278,1.4830896077602063,1.4396281266442075,1.3710641827117989,1.359082905243601,1.2694040479347606
R2279,1.26901405566236,1.3093334074368308,1.169195342715716,1.258185951236855,1.1844798953145115
R228,3.1359733075504903,3.0490202734560263,3.218643948514533,3.0149496528578363,3.1132582571109646
R2280,1.306721464337421,1.246306600220784,1.0923520728947334,1.1736844174946524,1.1164465617895964
R2281,1.0243065360832175,1.06094152792757,1.0738910345341068,1.1527575312660603,1.158842815434224
R2282,0.5333890433438384,0.3616478348825592,0.4395527318884605,0.49562601532575984,0.4947324752743902
R2283,1.5362099536546776,1.3916470610701317,1.4281562376634416,1.2627613670718831,1.3233728854700548
R2284,0.9412097405545745,0.9681402196253348,0.898716536356463,0.8108949432110093,0.8347553913031065
R2285,0.563762856318295,0.5369668132941697,0.43750289469452297,0.4775137963333873,0.5051169982764757
R2286,2.3937231678437123,2.4807078680773977,2.614055452729493,2.4889150390477233,2.5143065242504603
R2287,0.8636016849605237,0.8975784333732523,0.9112858679250776,0.9545737483914595,0.8930113950481586
R2288,0.25399000486848117,0.22989635357834776,0.2786372519415294,0.2987461976498843,0.3487651457799653
R2289,0.6405607404441256,0.6719495618059727,0.6354670330367035,0.7124262355430321,0.8026647902780875
R229,2.6431604716643298,2.7352530444787853,2.7695381123646827,2.750342722827982,2.7972538531825686
R2290,0.2213229401838107,0.2871640178708094,0.2651013947217263,0.25465082770807446,0.20959554275682682
R2291,1.9691673751768404,1.9166908245636516,1.851763230891439,1.783448106268526,1.7008844671147205
R2292,0.6139999941423139,0.5247223914279069,0.41750054028233013,0.3537786296686089,0.2924497854099609
R2293,0.8469799909950455,0.8141096755259352,0.7618633906436721,0.5601409959373547,0.5744587469336944
R2294,1.0003805568783755,0.8299991664448144,0.7988103205306362,0.7487745442487249,0.7660420387738627
R2295,1.1774032703580675,1.0402307086158538,1.0572846090594987,0.985258744345405,1.0711045166673565
R2296,0.8806495876082532,0.9101176969797716,0.9132324262131513,0.9266152143376855,0.8897812148252846
R2297,0.7204893882296131,0.7666189153853219,0.7762284414423631,0.7943534735443839,0.7402391911645548
R2298,0.3487213528989292,0.3592780987444817,0.3815313530267713,0.3977759434966995,0.43629542019550893
R2299,0.45407667162389687,0.42605866665923375,0.38863705427591577,0.39343275430425184,0.4623591036706383
R23,1.571083570500596,1.311049662452905,1.0914802268058585,0.9509069776731149,0.8989694193652717
R230,2.02544729482333,2.042840366676863,2.106867369499058,2.0241006818925724,1.9614701777496362
R2300,0.4536781979941766,0.46575819337158825,0.45461667802577194,0.4951361173835852,0.5052195024710967
R2301,1.5180286313945355,1.615265691525027,1.6219544723385453,1.5593629719082762,1.6572413554597596
R2302,0.9734377550721444,0.9436540764123651,0.8343748554808419,0.8481663401081861,0.9484979548016803
R2303,0.7516936308593667,0.76660240511375,0.7437455713032163,0.8206495962323278,0.7758625534643906
R2304,0.25895898279071183,0.33328072060579333,0.21618794295861288,0.2992385312764057,0.20341941942940778
R2305,2.252137726050351,2.3644719922465836,2.4291810286148663,2.3761372908875376,2.3232688797241114
R2306,2.2248355269714812,2.377601163604965,2.4216192715798988,2.34679462233142,2.280790072771438
R2307,1.3744849692030126,1.3924921740143448,1.4955763343408564,1.3572278545409084,1.3878541011526493
R2308,0.07084134389998442,0.02880642357478248,0.011282402362753298,0.04083279664801944,0.09734279188233562
R2309,0.16134174128419465,0.22988667578214225,0.21629266841467026,0.2393526452618876,0.26843818184224744
R231,3.2450516315716325,3.1144055659454586,3.1842639309656118,3.006979492822996,3.2546152687856287
R2310,0.8843934735420045,0.7772466377494539,0.7216301966078439,0.7411340874725233,0.7610123349962881
R2311,1.6267656095488088,1.7161203898845625,1.7282185663550875,1.701892976362224,1.5606804929448483
R2312,1.2048038733662638,0.9948213479610151,0.9140306201287578,0.8109405483020454,0.8289012119332374
R2313,1.1764895084418288,1.0481417731505396,1.1283271341094199,1.066985110301243,1.0836254690058715
R2314,0.9208136753535245,0.8393326525012901,0.8064200691963087,0.7795046870000826,0.7628483952788295
R2315,0.3816005797412912,0.4160288058790688,0.3779717679236607,0.3701965854982573,0.47907058710795447
R2316,0.15255448028403237,0.1223580180199017,0.07316119404578772,0.07431958931507111,0.08132502535821838
R2317,0.7730367812861192,0.8217440891644053,0.8856595403932798,0.9284931455933214,0.8145362761954987
R2318,1.097404061931087,0.9584405228351645,0.8979800828802763,0.8486948404148247,0.8245708856776809
R2319,0.97913689224643,0.8687830200590093,0.7366446675107301,0.6022150369863616,0.5603261611877773
R232,2.290165419562533,2.1319234910293554,2.1106326026522986,2.070486573625992,2.0409139635573106
R2320,0.6757263239691309,0.6866002957856396,0.5489528692047156,0.5363978125073908,0.6049630971924225
R2321,1.9089524440913352,2.0512012512788096,2.1865708469011333,2.171823772288539,2.1225021052309208
R2322,1.5965551473895623,1.395256450013947,1.4011159777679156,1.2138114809656744,1.3375509934241183
R2323,1.0295059601285452,0.9961194061449662,0.9652038933736944,0.8556707031799645,0.8793252848011412
R2324,2.224210750875588,2.38244774056365,2.419468163196207,2.2960443906672663,2.114180097579575
R2325,0.6696605592089713,0.6622222440491305,0.6685908550864791,0.7427204045451257,0.7321160346788603
R2326,1.127615528435934,1.1752591826426555,1.2391454698204758,1.1927776319305572,1.2482558058858553
R2327,0.32395887959528086,0.3187630000123418,0.3381266540032196,0.3959099571280677,0.35179018353833497
R2328,0.5643348945191979,0.5143809568022976,0.6136290941872637,0.6626443227257568,0.6542069138146505
R2329,1.2855846040594179,1.274012575484111,1.2482002450971612,1.1032825893685885,1.0787455877520329
R233,3.8022501435462095,3.763402606620158,3.7613827457295903,3.763350136875692,3.714333942020218
R2330,0.9020334583985764,0.7889290322052162,0.8759470830509637,0.8293644809681722,0.8294705052478614
R2331,1.6582107732362426,1.7203940705606664,1.6820212429460208,1.6923404844591228,1.7323324195676097
R2332,1.6570363470705176,1.5995656928309443,1.5579539189090028,1.4439171601567098,1.4743877819549094
R2333,0.10418195102249535,0.1307055799286939,0.1787926239530966,0.12792944533780168,0.19119256239759821
R2334,0.4511493810698421,0.5132196017557802,0.4945393303519022,0.5561238889963707,0.5282775042678138
R2335,1.1008371102144703,1.076525125891755,1.2548352836700885,1.1419169661294508,1.1088727769847349
R2336,0.8953488022276727,0.9037506626675078,1.0735615067921755,0.9689887600207985,0.9491918649782756
R2337,0.898400723294998,1.0156185663468453,1.003505456329833,1.0292544129968952,0.9916169296903575
R2338,0.6641129685225212,0.7451704013042636,0.8165276204966423,0.831973895164362,0.8628579514413677
R2339,1.2257032034718565,1.1734390427005321,1.2171327543594823,1.0968586973941843,1.0446789869739797
R234,1.9416811224533594,2.0414303239583806,2.0270768601876306,2.050353880994726,1.9588613022922277
R2340,0.75813407015887,0.8301891876574642,0.8694402326174487,0.8604875203058852,0.8968639623895246
R2341,1.6644490904212408,1.7255764402326303,1.6540785346486613,1.6299674340725736,1.315225419432894
R2342,0.7139910089149429,0.6692625677626489,0.7734646915053357,0.7248791098263654,0.6917589999549429
R2343,1.1261060701293275,1.056322338713362,1.1139969969965762,1.0755872084887148,0.8993772592490425
R2344,1.458994671785287,1.352824159864093,1.4819936546266355,1.3194896538973362,1.335167773946345
R2345,1.3756874146608247,1.3686848733562205,1.3105040443918698,1.153528844310443,1.149113453395292
R2346,0.6893732501113103,0.6911962617017792,0.6666546357075405,0.6505524497427453,0.596141665527139
R2347,0.443581404405343,0.5680348695856823,0.5860391101148518,0.6752183006116427,0.6443660313853679
R2348,0.6858675525376204,0.6413752447372768,0.6724339718282657,0.6448480061133511,0.605834192947375
R2349,1.3010663940452527,1.2681206161430598,1.243514616958796,1.0473322194036188,1.0462097486208985
R235,2.3076060028135594,2.359974956809892,2.292581275396881,2.3821527067301083,2.33229217412921
R2350,1.1032292444783203,1.0942559967120373,1.1916043417479638,1.1393005507668372,1.1153330545475935
R2351,1.8862849099247667,1.8681906732040825,1.9942149158903513,1.9397781849424394,1.8596010513292
R2352,1.2456201397533084,1.2320216903505103,1.24642469127408,1.1682179228400331,1.153454620245238
R2353,0.19559206027493045,0.2335829528091193,0.2481955377449732,0.22492678084949896,0.14678849318396747
R2354,1.1534601441460444,0.9627901047361181,1.1780769668605728,1.0943843043003194,1.0336404048636236
R2355,1.520280403485157,1.4105324295966981,1.4393211723009824,1.3099787521405983,1.2888042459666758
R2356,0.7739712522235986,0.7926975319193924,0.7739053871415643,0.700059462930504,0.7143648399990002
R2357,0.9648753480377755,0.9816275133224963,1.0936742027075035,1.0313184797203065,1.024122735962738
R2358,1.1949973575957584,1.1077661392716251,1.2322237198311974,1.0478250678791472,0.9987678557443394
R2359,1.477795709409603,1.5284018442950407,1.576888856278905,1.467767413653409,1.4507497305947077
R236,2.0230446173683996,1.9640233510298923,1.9143958314839309,1.7675153821718868,1.8186215860951604
R2360,1.3032020252682122,1.2803539599798324,1.2539885862000482,1.1800713412626442,1.1572485260027525
R2361,1.3807059346113386,1.3613021433623944,1.3293025540880588,1.138873735576854,1.1562493288916484
R2362,1.1965379944951784,1.0923930258179408,1.195601230139394,1.0609174270459667,1.0154511380347582
R2363,1.5002393452013383,1.5544921346403122,1.5250069855218222,1.525705371374446,1.4265129795582627
R2364,0.8131645790020322,0.878957182387382,0.9917468851855001,0.9229185204585292,0.9056428912215684
R2365,1.026815196376392,1.015803141666114,1.1368651711365678,1.144166690525157,1.0737822751190669
R2366,0.7592811352201589,0.8088333580988165,0.8198866519220439,0.7084609016426959,0.766999679866852
R2367,0.901753233787188,0.8997204285394794,0.9738185702585012,0.9179997793182136,0.8688067416295069
R2368,1.08409059315489,1.2004241318444904,1.1324075270119378,0.9771343538797512,0.9805872891811306
R2369,0.41205169041977524,0.4849590541540828,0.4170501034688629,0.41394461909047814,0.4407407537733283
R237,2.276610366665541,2.181187554478829,2.2085566936795633,2.439440862598112,2.3997906438917656
R2370,1.1162471138671415,1.065880242381596,1.1955794538790654,1.138627275991975,1.0657015810002606
R2371,1.153521007001929,1.1052474208960463,1.2279950153112629,1.1407230064168759,1.0720462808115585
R2372,0.7093375661527247,0.7844627463204985,0.8238641067136377,0.8572810543403125,0.8633966365924763
R2373,0.23478274406428437,0.347469010966595,0.3880231065857522,0.42527663246933156,0.4594776156639149
R2374,1.2427642294062593,1.33477046018953,1.197596872162127,1.2670444939596481,1.1208119109413957
R2375,1.3110884687092765,1.3360130234035523,1.4025922536659707,1.3022959617097607,1.238302882366658
R2376,0.7827347550872826,0.8682393668099997,0.9144022353143891,0.9131588700865253,0.91754954971197
R2377,0.30253017793761805,0.31907235210880347,0.2832788673154279,0.3081131064752907,0.3240864919423848
R2378,0.3251781717316865,0.474788806823369,0.49039072288120794,0.5340322958397041,0.4926563383645477
R2379,1.9080387041146845,1.818242136038747,1.7777225026374632,1.7781915222822842,1.6374172553276514
R238,2.818999173815909,2.7768109591489973,2.7945115704014465,2.82867142174329,2.7899229493719484
R2380,1.2926859052022273,1.3653863610664858,1.4232032220106197,1.439024865971315,1.3954372834145314
R2381,1.1111874376865678,1.2508722041843445,1.2740646405650577,1.2335001309546183,1.425988035902673
R2382,1.0965361903205324,1.0384543576543952,1.1171975831524643,1.0798619032613477,1.0185382867678179
R2383,0.6396565046971591,0.6711691204301865,0.7527482522461706,0.6154624627260847,0.6583108298562782
R2384,1.051190664116937,1.0303336335377318,1.039922028358343,0.9773866006404968,1.030400598036917
R2385,0.9267769383567952,0.9909698971009241,0.9593530878249709,0.9997965542886121,0.9548530954193127
R2386,0.9049045338766571,0.9875939941320618,1.0901193287653366,1.1303197338425648,1.179294384868585
R2387,1.4959153253585737,1.4941770810243904,1.5012447000235796,1.4097899695487608,1.3289144939620745
R2388,1.069970161940933,0.9953782405327429,1.2098101583396605,1.1303900477855755,0.9486600347296682
R2389,1.1992449496635522,1.1111403407035223,1.322028025268635,1.2346361189615098,1.148526518213882
R239,3.188980771825039,3.179477005309987,3.1475970038564207,3.136869690875004,3.111078242100723
R2390,1.6496668637126057,1.7708482689211413,1.6808008850331666,1.7718698395369241,1.6247790773307154
R2391,0.5162801957861636,0.5148712222569548,0.46019368970023306,0.3928804783094645,0.3017750528966313
R2392,0.8710826692069296,0.8554124742247885,0.7925081103888247,0.9032148491647444,0.7902733682942468
R2393,1.366107571404216,1.4469396114813833,1.387024414176796,1.4168375406396392,1.197595409522902
R2394,0.6899855986492547,0.7217204087824178,0.772490371449717,0.7909813783129709,0.7276516984922298
R2396,0.06736064770611416,0.08546895257841126,0.1143304786482641,0.08389015542161095,0.09463122696267091
R2398,1.0214527075593318,0.9421617358601554,0.8937668384569503,0.7062754773050532,0.6753590747615863
R24,0.8330102774400299,0.7046633490380468,0.5728055696968379,0.5522735034251821,0.4938213743864479
R240,2.411167276055271,2.217467359988872,2.3282919631090073,2.321790848658986,2.4296297419517803
R2400,1.005694924864933,0.8981349617478129,0.8113269605211697,0.7502139250723291,0.7059410253443975
R2404,0.9452889925984971,0.8776951246302225,0.7143733013669169,0.7157880186803622,0.7085123548529
R2409,0.8553182875718938,0.8141667184557106,0.7948759355887551,0.8176751097233066,0.725162856960554
R241,2.810862531309014,2.797784576700829,2.72862581639932,2.8374935106211323,2.7846760919365536
R2411,0.034543752696965295,0.07895221957919922,0.19400812340389342,0.1709210287378979,0.17040447088053184
R2412,1.0782236546955146,0.9512634545427674,0.8458633853956176,0.6541305191928352,0.6630952700003137
R2415,0.9770042764980065,0.8502231935824863,0.7438083794692705,0.6556858946201791,0.6625596310391645
R242,3.0677368046613847,2.9586788405782545,2.9013370204770847,2.914440005717874,2.9729360431861434
R2424,1.25802414921032,1.120753619892815,0.9459256818908779,0.9096735714545603,0.8972856266517039
R2425,1.1208431602284383,1.0156246411750933,0.8988617374277943,0.7586300511200722,0.7143710757175628
R2427,2.3353434930767216,2.2344265789200173,2.1411747767613853,1.991904394457525,2.0281280882514325
R243,2.9992899693762594,3.102631329935025,3.0609266881732236,3.0270587308660515,3.0734253401390217
R2432,0.018697553461414333,0.02795893871729294,0.08373311184802122,0.07472975565329136,0.08293936776848354
R244,2.722730619750117,2.657262634514367,2.618531367655775,2.5721820857821576,2.5476615193550276
R2440,0.6549803262338677,0.6107506630965204,0.5067301396649185,0.41528798496215624,0.4744143555802804
R2443,0.024031172217904958,0.0203261905373534,0.009695931956805355,0.004436672315875204,0.017202954350467956
R2448,1.187659233222831,1.0721091279813253,0.9375188460399454,0.6789794944428902,0.7208963188393324
R245,1.656371241135727,1.5098769188281582,1.504380588771081,1.5544497619819635,1.5017623426717044
R2452,0.3494164644630064,0.38445737986053574,0.37973002457526694,0.33041055440176426,0.3111319358176967
R2455,1.037859448651477,0.962796993766868,0.8868491667933773,0.8079656985709499,0.791070084944236
R2458,0.929401561563193,0.8982718087114374,0.7493661608507476,0.7057380778138236,0.6544598031615626
R2459,1.0317829627457982,0.8818639291984287,0.8556373647565624,0.698081258005065,0.697418804322736
R246,2.39834873026457,2.411576434752076,2.4005194575157334,2.428933121017155,2.3628743611720293
R2466,1.0715410584081861,0.992467859063222,0.9142932686921256,0.8367092896023578,0.8193690092739193
R2469,0.8237423858773322,0.6832269475599573,0.6987390029641825,0.4595786596570429,0.5434298918111441
R247,2.703724266582322,2.7115338873358246,2.7552674290986037,2.773237517001869,2.8225240953444795
R2471,1.087710825130827,1.0080469438103048,0.8900274891425285,0.8002273985437908,0.7389705905345956
R2478,0.19775924940180853,0.2671078012816091,0.34180751461774656,0.33881150312981584,0.33406543386320936
R248,2.517055637556763,2.5189296538147397,2.628923775258376,2.6760494065307747,2.54404461732106
R2480,0.9774360012803217,0.9157282932885712,0.7727765295008947,0.7520927729152128,0.7452101119592226
R2482,1.0271254562842662,0.9116862873525136,0.8586722387637205,0.6832229740567293,0.6595715956154555
R2483,1.0264409996325288,0.9164908743767808,0.7830094143564198,0.6826963678678875,0.6939706128479096
R2484,0.8661393532899017,0.8035610385522463,0.6572090676072521,0.6369882275604515,0.6546449830383775
R2487,0.9266393235075777,0.783712556224257,0.7567994118660448,0.6318778918952266,0.5750630704577575
R249,2.69928464948614,2.494530915484125,2.430113739022266,2.471734210772132,2.653082850401045
R2490,1.5382878179414448,1.5612113456629069,1.5810307824136194,1.6504193452769664,1.6542837283055385
R2491,2.807115532391445,2.8295557626715184,2.8209968367185043,2.7882590899932858,2.766330013118642
R2492,0.674739944453102,0.684516322542376,0.73246593649765,0.7235714991456356,0.7708038411630661
R2493,1.472802663758925,1.5204338806567699,1.5130702112897776,1.5172381919045537,1.5454892391769381
R2494,1.435433209090371,1.324480400766699,1.429996427951608,1.2693035694954664,1.4496564053362775
R2495,2.4726629281744463,2.413270590264553,2.3611443271193626,2.2790060234521916,2.2440660003477255
R2496,1.368213854771125,1.4868987395920534,1.5903725860118214,1.5445649340696188,1.3913597060925214
R2497,1.1824337400710498,1.1664561519539156,1.2437739867725681,1.2879679478615256,1.371534079940155
R2498,2.574657222384295,2.6257727725722164,2.5955017961527678,2.660012201238829,2.4615272073176935
R2499,2.665336520047581,2.649213101924249,2.8814529423858226,2.9004111454703305,2.8330395450341532
R25,1.944369409469758,2.2793420258104256,2.2887356409654416,2.2310376682129807,2.19221377241227
R250,3.5367130919803844,3.4814823136990696,3.460782351070774,3.401503947881045,3.4322070123048842
R2500,0.8790146933617096,0.7444566089851364,0.7450869918647252,0.6419478809138494,0.6042040337515491
R2501,1.431029353523241,1.3453103140146727,1.3526488162360668,1.1371662651719652,1.131171935711555
R2502,1.5604059848150977,1.6391031664303635,1.7241585870206864,1.6152417871246263,1.5868379379324045
R2503,2.1245255983422298,1.899605828410083,1.9386569842181127,1.879426999262196,2.03012225544628
R2504,2.249583533798101,2.2164139233398403,2.3585459582870536,2.133695073786941,1.974896625655037
R2505,2.45117161921985,2.3782370752608237,2.5065863048818544,2.32884504063009,2.2162033666724716
R2506,2.38355663561663,2.2262221918396836,2.1850446267490082,2.129585023436403,1.9232138542247272
R2507,1.9381230965236627,1.9144095559153258,1.9497449304023131,2.0046757506313626,1.8621338012904107
R2508,0.5981539148431794,0.4871689021290513,0.472227373531863,0.37995825528748445,0.31374019111607376
R2509,1.177587254771089,1.1425743386031122,1.2590971510967182,1.2269638400312357,1.1599361938352126
R251,2.4077788772719626,2.429370035730987,2.4092890083926126,2.399928985185131,2.3361389981738863
R2510,1.2830927982455793,1.3020205954983313,1.5040517094658725,1.4801850256552127,1.4705830916708422
R2511,2.1373129275114975,2.131116383302765,2.0028873133944414,1.9594454755232342,1.92209659287538
R2512,2.8822312224683806,2.939322858130112,2.9727143460833436,2.8863805934367504,2.8911228695922997
R2513,2.448435733047605,2.492309902696406,2.4837730869730104,2.5670859094397236,2.468396199910125
R2514,2.008019753438727,1.695650076240987,1.816874034500042,1.8014947852748089,1.689985484167464
R2515,1.6844290201363823,1.5642682006998847,1.5840479292333702,1.635490554804789,1.6725544080714008
R2516,1.795978882667169,1.6282730640396765,1.780781271294094,1.6705534006004439,1.6157233172102852
R2517,2.563364706602621,2.2538063243801028,2.2704166160977293,2.11160987480142,2.0056834651782203
R2518,1.580755382073942,1.606504053526355,1.6187187389620805,1.6242059519013217,1.6730218236885384
R2519,1.2981610562433261,1.17960224604813,1.1413026771568011,1.1544948590129958,1.0794732605174053
R252,3.2966013564625714,3.320406385154433,3.35943957975278,3.412653490678475,3.3498291429590474
R2520,2.4694690701589934,2.366236261808044,2.3866572845097367,2.551640356340689,2.4665219496298727
R2521,0.6722535942835729,0.5975935187629611,0.4760120366283417,0.34974269583053924,0.287084174833248
R2522,2.205895119330877,2.355361110129227,2.3349293565310867,2.4331069521888313,2.514266579573225
R2523,0.8023245769815245,0.7181577755391624,0.6966515379135424,0.6413245911031824,0.6481829210556644
R2524,2.983764765820494,3.0406917034300243,2.982804445659991,2.960259027242319,2.756764567107471
R2525,0.283795336926894,0.3516518071416277,0.395965886989393,0.4249585157510872,0.5087311130076269
R2526,1.4493676949796521,1.2333206358689246,1.0736272475498758,0.9505696589395782,0.753743305212804
R2527,1.9816993704415042,1.8836853124755089,1.8378045627003043,1.7633042341981164,1.6337454409417125
R2528,0.9015188799796283,0.8838722547409747,0.8561928141909217,0.9145180251486373,0.9025528001459342
R2529,2.62017075220474,2.758008493013705,2.6502206653317204,2.5841952244081408,2.6081784269349293
R253,1.9303552048672497,1.8327358254697315,1.9092263476635394,1.9371997518827677,2.0283508189526174
R2530,1.6333635019608845,1.5119336040989475,1.5660295864243396,1.6328226716055796,1.60810734501471
R2531,2.3033545591291396,2.105937457608043,1.919186257722768,1.847599345666493,1.830262590298587
R2532,2.2265217939830713,2.332295435814682,2.197510842252259,2.1698403554919947,2.241543635125012
R2533,2.1966855821977935,2.305181668547171,2.1885721127716864,2.1147364757898424,2.0571047557188105
R2534,1.7625782190905324,1.5990112501799183,1.6124132378820126,1.5181538381876611,1.5366782102893695
R2535,0.8440679596684789,0.8650685551132691,0.89413146710255,0.8388297556942856,0.8164026818540417
R2536,1.610616834136779,1.6044232639611375,1.4446455642416949,1.5273116563977485,1.577084747550311
R2537,1.7427160513348612,1.5920990024701382,1.5706370291829312,1.5519502578103372,1.4749864499406355
R2539,2.443189840954099,2.410928378315185,2.4265441679936193,2.355042844709328,2.2847239921064992
R254,1.749800963605154,1.7404236178737844,1.6723765121379264,1.5631277711452132,1.4405088597290137
R2540,1.3278402390814064,1.437186469853931,1.5252266593070272,1.8262191095346438,2.011980492701711
R2541,2.0138809095976993,1.9889039168494753,1.8631580972906163,1.829577933752822,1.6267295749937685
R2542,1.3839015477938614,1.325185641521824,1.406868308693083,1.5742984198266599,1.5302799608183115
R2543,2.3167619439699747,2.413107028195484,2.397685637896446,2.215041953120385,2.244715616933123
R2544,2.4432569809699913,2.5196730889554946,2.540823173929823,2.5313777813462415,2.3906167756539154
R2545,2.7840986175931977,2.807018315637623,2.807496374392854,2.7512470531589526,2.80947295091329
R2546,2.4801850476864167,2.3808446343429304,2.305206465157499,2.1654797599176767,2.2046767896110815
R2547,2.2660538460664297,2.2700576356772695,2.39565241823429,2.5050592997800116,2.5175148185150644
R2548,2.3045939898574885,2.2127333233676234,2.312333662327787,2.3033750750820023,2.192886425565461
R2549,1.7224222343665676,1.8429753238922857,1.7787527320774579,1.690491113672087,1.9099928705644602
R255,1.9621911028727177,2.0453759005280654,1.997852836049982,1.9344903638578164,1.9118398645627552
R2551,2.1311273569973244,2.2387201758669018,2.2918284452368383,2.236239686005201,2.331303444639493
R2552,2.335291033083184,2.3317562777435574,2.287369404291749,2.122131867363893,2.0769017043914384
R2553,1.989248114862834,1.8274869008375656,1.8932130760247792,1.7838013141395102,1.7826206863834713
R2554,2.362726629734839,2.363508478657106,2.2577905438781123,2.2027428295221996,2.2723818669150986
R2555,0.8714888782479644,0.7962116542950181,0.9635357240847816,0.9953925695216838,0.9138544257322486
R2556,1.5503301118426458,1.4625184207647453,1.4753335439796593,1.5609330956144725,1.529245709120448
R2557,2.1040166661476496,2.1497885760626567,2.2631627348686982,2.3416199315153876,2.4529094881432982
R2558,2.187074253194134,2.0048242621428063,2.22585185158791,2.225374519276827,2.161793904195178
R2559,2.674815475325912,2.5278128907631157,2.459580624652299,2.279930894113344,2.012665744054094
R256,3.096970033675223,3.0011567992001775,2.9927843987520664,2.935356663222819,2.751177772814328
R2560,1.7777207523458574,1.9080470167809465,2.0289112437980736,2.0147562845474782,2.0357817916635486
R2561,1.789220489977468,1.7797489356536151,1.8787309000022274,1.89061095796059,1.8145511440148363
R2562,2.4879497312874626,2.246995808103886,2.273176041010568,2.0959893412964323,2.048829942559792
R2563,1.0437266023625917,1.0835095677672695,1.182741935219884,1.1948376300791907,1.2942035104093168
R2564,1.3622252686074054,1.1862326334283217,1.2341839976752016,1.206451246363129,1.1380244687372418
R2565,1.2219477456241035,1.003981189488697,0.9968335226824548,0.933247348352885,0.8886423541949554
R2566,2.2937358779256427,2.25463931204514,2.2865190550991104,2.072522313903079,2.029919952939604
R2567,1.45013007129837,1.3855133420915782,1.40324406908567,1.3927139661886938,1.3987799089032926
R2568,1.1808174359690562,1.1137702001583456,1.0971113293165926,1.0444120431267545,1.0599672356620968
R2569,0.5957659327683162,0.5430025195993894,0.4857791159887425,0.36925000927100515,0.34329177428325663
R257,1.2122038551897492,1.3145598990836564,1.2766358979166916,1.2547286182668722,1.1988712375408186
R2570,1.887642970445192,1.8052807952182406,1.8442393415860068,1.8829565866098945,1.8569846774080312
R2571,2.257821527452362,2.30976698401202,2.3873128004066753,2.3719078696743825,2.381251033527064
R2572,2.1646312926541746,2.1837187442915327,2.1536987957668092,2.025084594423775,2.1117844895475657
R2573,0.2922064631862197,0.24548277784906167,0.2569209339813815,0.17990687714110432,0.24397467882184165
R2574,2.3212734790368503,2.0816328547379497,2.0472891106418087,2.085624606827968,2.2732031242135515
R2575,1.4320477989665463,1.311199704860071,1.161439431049649,1.1771750669484486,1.0444283759314337
R2576,1.6704086139435597,1.4832979304899323,1.4984479193049334,1.2990229963642765,1.2846237788008357
R2577,1.8589462033708413,1.969158116670546,2.092857289539164,2.267302837579846,2.2418746352570973
R2578,1.3189926807791932,1.1300785202570398,1.2284705022591904,1.192208206978403,1.0594486910531165
R2579,2.457804746610856,2.3788235935900546,2.4741816206100267,2.417357672303794,2.577639967929474
R258,1.9994633773534298,2.0577813384960533,2.0536367601088776,2.1492007462335883,1.9719404318872567
R2581,1.6372473454043455,1.3541428217592608,1.3872359215596615,1.4289934864840879,1.439936836154503
R2582,0.8043038374449373,0.7339769939564758,0.7396340193097414,0.7063833371969699,0.7582073800745598
R2583,1.739016215219103,1.4961694637993839,1.617665209679231,1.5744162695444837,1.4548201897391557
R2584,2.716591484130966,2.757632082809148,2.746027191168187,2.5472120990758214,2.5079625118795974
R2585,1.9454702746333927,1.8781335093880909,1.9516912497926469,1.9844355052624172,1.9952093155447972
R2586,1.7189171169731037,1.5995182984445897,1.6014634672253996,1.5841155470447428,1.589170223436899
R2587,2.249496531141533,2.2254841489622055,2.200938020476886,2.237884886982817,2.192394754514509
R2588,1.6640276796831939,1.6667948273311415,1.7222028384828156,1.815676610770236,1.8527805257252208
R2589,0.595105437316136,0.5441676836022218,0.5128277061022013,0.4251208667548781,0.38248144690135966
R259,3.30896508971079,3.3369934599120943,3.432989495037482,3.1595937414212267,3.1772247944275978
R2590,0.9521665708831802,0.7872253841641685,0.7391573315350098,0.7143882714793849,0.737052987627713
R2591,0.5964904303877043,0.4642318425570256,0.48967700808195963,0.37172017875033436,0.31749338821113154
R2592,2.4076228867986145,2.3681264792331698,2.422857322551912,2.4968257915527077,2.453600497418764
R2593,1.5659303682925108,1.3538302021267705,1.3573114736254026,1.213745793838079,1.2211291503290398
R2594,1.268948016526258,1.3455746689904697,1.301244748272351,1.1826717602276002,1.2502961095973244
R2595,2.3348263428504694,2.008761482167052,2.0033907489402267,2.2308411090029954,2.2882807114118218
R2596,1.227690800978852,1.0911834085524623,0.8911966741843637,0.7406067840923174,0.6784150692791534
R2597,2.605716829496551,2.4924187620584592,2.6636896565367123,2.61054956013724,2.641972018788437
R2598,1.7225939384606561,1.6512821195898217,1.544759384641388,1.5665412176252496,1.6137699430234231
R2599,2.388430900335845,2.2842226968894463,2.2419907688115632,2.1646064034100285,2.180272429870379
R26,1.1890331780052399,1.1995158792026654,0.9985365783546162,0.8790902630550019,0.8276783407186481
R260,2.199443022796751,2.366135432335336,2.245488738774681,2.192235731502501,2.2759912704853056
R2600,1.6599037488864117,1.5439305874377303,1.4588550165543508,1.432077090754759,1.459997420671976
R2601,0.7691573238101478,0.6330179240995751,0.6489651527018621,0.6086638547708921,0.5327112181520832
R2602,1.2463615954556448,1.2916906425906383,1.2884033024268509,1.3373091460282622,1.4002573402863354
R2603,0.8779647572958896,0.764742653488588,0.9285812393787513,0.9988725787626648,0.8405551946220537
R2604,2.1899774214145435,2.265332296883946,2.3300504016154235,2.341348802082247,2.311868299281029
R2605,1.7656254962783182,1.6988422375949388,1.6222490039992863,1.575372055523389,1.3762329157107216
R2606,2.3031330521694398,2.2243573317032554,2.2550059371932822,2.4249801727457765,2.38357838993737
R2607,1.471145437449147,1.2600732726363155,1.3862561580483936,1.4381448105760164,1.3811839884911061
R2608,1.080445484123468,0.9944211113634821,0.9747747828405141,0.8721889217583763,1.0962959664542165
R2609,0.9312297777115709,0.9727368607932498,0.97171499521189,0.8382234892977855,0.8863763613506955
R261,2.7133224562102765,2.6960620603608443,2.6308384675132013,2.5994688930209158,2.5541546624212725
R2611,1.811686160429128,1.7983643497338846,1.7884497278605263,1.8042447200968097,1.7522753591367506
R2612,0.3197813420958085,0.3343340919236063,0.32265790003325084,0.2065303214234819,0.19497667042249095
R2613,2.161416894308539,2.123713448410685,2.0965092559108194,2.056501655936232,2.1208957665775134
R2614,1.1222415579009575,1.03222280273808,1.153033731181848,1.1161854514351468,1.0778417230278832
R2615,1.6849453147186881,1.4018449254671461,1.3656767558959522,1.3749821007737386,1.371174753361746
R2616,1.9430148739098647,1.7735291257302768,1.7491308310668936,1.598214769989937,1.6477265752713435
R2617,1.6889833471515174,1.7102047552899227,1.7383105088571582,1.7035444276847946,1.703162727601707
R2618,1.2285855827134144,1.1489269035130694,0.9370725996878577,0.8272389858350423,0.8617078440904908
R2619,2.0746212304437583,2.09139227352541,1.98980362036503,2.0657877914855303,2.0801320040631825
R262,2.717581169211644,2.739025561575366,2.744267441161932,2.895804816755282,2.816417678964793
R2620,1.4778311174675085,1.219436057667733,1.1519711822904442,1.2817742655502102,1.0362983738066198
R2621,2.140472505163887,2.0433730696335415,2.108581514414277,2.3160611593890224,2.380103739318963
R2622,2.1273968956539266,1.9932450398202441,2.0287856420923576,2.082474647491122,2.030707725550733
R2623,1.7558497324975189,1.618538785582763,1.826944949125521,1.6652438544478647,1.8842112336616472
R2624,2.0120964409885422,1.9316059076685588,1.965432126127713,1.8810123441672604,1.781510850365923
R2625,2.0074556768706726,2.053483212243035,2.224062019968261,2.103544379941893,2.205502971128259
R2626,1.7577496862244197,1.8757812052280702,1.8746946690533766,1.74867195726283,1.8378795960925476
R2627,1.6140632290030907,1.594107722925275,1.6960858257189029,1.730620619750615,1.8116937222739213
R2628,1.258570474213647,1.2456823019203715,1.3665987841615443,1.2036419600791086,1.3334911652291037
R2629,2.5433477623641583,2.4877888994782804,2.6705865465346306,2.614215645852881,2.6570501812914697
R263,2.1831909948063632,2.2144392482503976,2.1289202197803863,2.0450384745343193,2.1814531551356993
R2630,1.892495729492335,1.7335797875514862,1.781600851432902,1.7703487191202303,1.904086648053233
R2631,2.3048031521421293,2.2709574269511776,2.378912458673902,2.2945789529258693,2.390130662632018
R2632,0.5205230567036105,0.3984865672517189,0.45553471231118725,0.3843397641649883,0.36845763617196764
R2633,2.485259620847497,2.271315505410781,2.249310346919117,2.1557575628607615,2.1877478229345733
R2634,2.1209755584227015,1.895366773279899,1.902582655141864,1.7351422128998946,1.7297250067494263
R2635,0.3357103447507124,0.40086005335299624,0.5769597790757641,0.5762965706715948,0.5642768862475338
R2636,2.0443023525896895,2.0475649058940775,1.9739427264807319,2.031147209634137,1.8816107488779261
R2637,2.314232250924744,2.3487271636602545,2.1714119125846314,1.8871619230304773,1.9367805302280943
R2638,1.2247800367854007,1.1149163681342433,1.2928040669497518,1.3934824197733915,1.3472893916481827
R2639,2.5703241975593683,2.397060954434371,2.436842640029726,2.271112281441394,2.296771824534899
R264,2.103874882776641,2.087810823428524,2.160750662141545,2.075657539587465,2.1131212540408746
R2640,2.4340857211054256,2.4902743769397384,2.398925453786457,2.3134214173685015,2.3118819213276773
R2641,2.474136376303333,2.5015106493677473,2.4398861046045988,2.286579549857457,2.3011082524337563
R2642,1.3986726803839749,1.262809904754565,1.1362633097218666,1.000516933359716,1.058181587190631
R2643,2.436574348116682,2.2724333518158186,2.118757446536112,2.044002799200943,2.0418868672906125
R2644,1.9272759300086841,1.742517483433673,1.7557419993676686,1.7220608405913873,1.7777439059247893
R2645,1.3774941056352743,1.1982194981783592,1.4557292443948222,1.4777417892145728,1.4846961414321769
R2646,0.9867199940631548,0.8599159077329965,0.8393289130203382,0.7563226307261761,0.7051109349238915
R2647,0.6591447058308717,0.6062382943252866,0.5748156455309898,0.6969877986713731,0.6665644971524741
R2648,1.2237195648416967,1.2197679085683002,1.3090546469273066,1.2087565266720655,1.413708984590119
R2649,2.0135952756589104,1.9437762824489624,2.219145504477299,2.350826728637657,2.3765485655357557
R265,2.1091179519764434,2.024326079472611,1.93148670257172,1.7849897572644746,1.8277483378481085
R2650,1.151205578414503,1.0892479370697141,1.1721952216167764,1.2399680434942315,1.2911040852576952
R2651,1.6718714725644575,1.611834481291603,1.8064841475123719,1.7844551821295884,1.679068993428684
R2652,2.40375983720947,2.3061527147286576,2.2919036882740373,2.265766222938295,2.247993113534926
R2653,1.5771462929711677,1.5081152820173032,1.4839168277512333,1.522235974068589,1.4460690705542436
R2654,2.252377779275424,2.1237269729480523,2.176987132526042,2.3057112950860126,2.365223535284109
R2655,1.864390073434381,1.8930315917497393,1.924193398340111,1.8042137901526647,1.7816847825470976
R2656,1.8370487487562424,1.8057233313421606,1.7014055762178086,1.717670314543061,1.8169411745159343
R2657,1.8262082567515943,1.7292149113197026,1.697232486116673,1.5311268533069151,1.4768809967778675
R2658,1.6082154828080795,1.5126037268862798,1.551003272044102,1.583400092192363,1.6667884112204077
R2659,1.1956311581756693,1.1071891402860177,1.0804361768625328,0.9899485215037047,0.9257620705290343
R266,2.5998771595077943,2.5349388008108855,2.6433584447589,2.7159429596495235,2.6171709912899104
R2660,2.4966383397096297,2.413687262051511,2.484137503535923,2.5648353952188363,2.517310794969567
R2661,0.44788474886756924,0.434388141083823,0.4042519239542778,0.4780450405512117,0.4511925567171252
R2662,1.2899200105485495,1.117618917345725,0.9669825309278083,0.8727864293836508,0.959032255473232
R2663,0.1471105400625641,0.07090989536272879,0.07281392741533521,0.07043958615765764,0.08097708757138017
R2664,1.9146860093552454,1.712919223548449,1.6883165543061542,1.6490300890996037,1.5938144052550909
R2666,1.0245809613300787,0.8580388033560691,0.859909453593643,0.8107018528937191,0.6673824937405481
R2667,1.3803859091489055,1.555354618863054,1.566173639323879,1.4260418220224411,1.4249434140927044
R2668,1.8333412118449648,1.712416597329701,1.6222803191050938,1.7037815995105945,1.5587096840984238
R2669,1.9982166236780277,1.9406068773236198,1.926570194393955,1.8205551268941313,1.7452558170888877
R267,2.5351179448631656,2.6723739209203816,2.764660181296477,2.71422094085981,2.8050067674133174
R2670,0.09802793597450883,0.09716849647908683,0.13518677088718867,0.12860791930756243,0.1789215501402618
R2671,1.216795820787608,1.0854475371940404,1.0395292463453938,1.0912042609123467,1.0978766626042773
R2672,0.3240487229409969,0.2124843815007488,0.24872085437356511,0.12126870624350529,0.09426202074384321
R2673,2.0369290127396886,1.8279939198494526,1.8492380135222373,1.5415935922349315,1.478980664140016
R2674,2.3190677118253196,2.3164526542794532,2.3059344792053573,2.1867298114075715,2.088725406860461
R2675,1.802579068985096,1.7803337378194881,1.8535845238808186,1.9509583944089535,1.9054694418029534
R2676,1.165738878553433,1.1953755863484188,1.3243966305428185,1.2022990915047673,1.1896097698895969
R2677,2.902365250976805,2.9387529163787653,2.8038801744257142,2.672769642838172,2.639308128594312
R2678,1.8132887108469424,1.8237112780703633,1.7643268237858927,1.6814924988661784,1.884984126356393
R2679,1.5333952994847018,1.3913132331688787,1.317775267646645,1.1229325671764228,0.9140571134005869
R268,1.5201255051157638,1.3888973578326749,1.3750174332619507,1.3227690299905435,1.2774672025715275
R2680,2.04320305732549,2.16239733063385,2.027046291027828,2.060097822621453,2.1653555915984017
R2681,2.105360929104719,2.154285416480785,2.00386597992629,1.9302875041729877,1.7367951609899392
R2682,1.7013287827830312,1.728306427093334,1.8164299089748306,1.6919660683193758,1.736651949107954
R2684,1.935908392586467,2.0837964686870154,1.9341586714098313,2.0168622997638628,1.7540910453424343
R2685,1.513051055591394,1.408070227600774,1.5728055966035057,1.5242892392013234,1.4675013790802354
R2686,2.2493625680149143,2.2333686958477417,2.0391229667017448,1.8702886975348345,1.8088573186586696
R2687,1.460804239283546,1.3386479192127736,1.1698836470837082,1.244138330203519,1.0864259160735084
R2688,1.0520570877146587,1.0606339358736423,1.0594800476003687,1.1423780095150315,1.0634652007497503
R2689,1.1602386773778735,1.0905015700249379,1.0949935252280543,1.0912461021451105,1.0933842320434122
R269,3.3381039102381167,3.3857186870710723,3.465284715389709,3.4163031412046903,3.430986400867897
R2690,1.400958119991824,1.314768330048685,1.3501717172596357,1.2282425523737042,1.1947132155489792
R2693,0.6165662629190978,0.5807201006864868,0.6981141283839152,0.7079256814839116,0.7426905486657183
R2694,1.5644227504735957,1.6308215715008048,1.7121614447923612,1.7250318947736938,1.7189247324480021
R2695,1.1390968758170221,0.9621473674305422,0.8948826956726412,0.8953684089064838,0.7487185446682634
R2696,1.4566074324873768,1.4443866137178345,1.4259567549251144,1.5043855861217665,1.5625782624638396
R2697,1.708183119730429,1.5851780983738784,1.5024909515261808,1.5071848923308078,1.5390154273257841
R2698,1.8452631939189805,1.614415079057328,1.6149442180497615,1.3970897220185794,1.2195691602749412
R2699,0.022285914041091454,0.011116045190125086,0.02436011963334664,0.010067833332178347,0.0037541073442020952
R27,0.7325283790038979,0.7032414394399857,0.5770906223929162,0.5361924482092707,0.5538163342834393
R270,3.1066768486429552,3.0560083200059114,2.909866435246001,2.938131431221129,2.965024832387534
R2700,2.3421108517448714,2.3414231919132313,2.305290786308821,2.04288756116919,2.0999874899953275
R2701,1.167633990944499,1.0827010810156632,1.0076878341900473,1.0016688348813754,1.1829306741854801
R2702,1.6507594381495667,1.6265858877540351,1.6480502207658585,1.5570015603813478,1.717316360726072
R2703,1.0882090975601482,1.0884808315508352,1.2425770603400983,1.3242329514626112,1.238944035146407
R2704,1.5809718185509951,1.5073325701378935,1.5251540246431128,1.5072541677999685,1.533603194148681
R2705,1.0876149271900388,0.9839647718003556,1.1153295588398453,1.1991784190806702,1.1290814683501325
R2706,1.814552348254465,1.6981362898975214,1.7571280621160568,1.6614019814369658,1.7979012440269968
R2707,2.084522566677489,2.0036631849977415,2.0079149260854705,1.8755056561867376,1.866001024276811
R2708,2.454670866554557,2.419978058731903,2.5067462396056452,2.556587782273939,2.6350028354090913
R2709,2.335876356923714,2.1316928474499632,2.1660705979080856,2.000090128012276,2.0661035947960666
R271,3.1100198519801823,3.145685622041708,3.057081819189645,3.0336935646694876,2.9695502527761195
R2710,1.9552802056664884,1.807054669443945,1.762629362708767,1.6335772276799077,1.6879681146390433
R2711,1.8527941233945493,1.8759951162147286,1.9660817573395026,1.9490312794716445,1.9183161092704868
R2712,2.3216206657096916,2.4917078462631417,2.4404281196976765,2.57192609954046,2.565925519735095
R2713,1.4781460431945104,1.394909760638442,1.555870920758556,1.5608214669888192,1.4798953255793783
R2714,0.6459879188688299,0.5259323631396244,0.48934739501940666,0.47604228376374175,0.5351222033978116
R2715,2.144178413670161,1.9123194639646375,1.7107214911017277,1.6681442875329235,1.721600299378607
R2716,2.583503020643975,2.4306369494503732,2.478428203456755,2.1702843835079246,2.0420912808732363
R2717,0.6013420997686247,0.45340246685426067,0.4391382684429593,0.39274224281366926,0.3068063412000331
R2718,0.27902255986803887,0.16150337023175476,0.16647181721594667,0.1306990784973387,0.12006084707037508
R2719,0.6886218211596451,0.6800879799568872,0.6586825781420789,0.7271482678219081,0.7346349573363842
R272,1.440882344655121,1.2649175044967766,1.3134564752764706,1.3172162956894857,1.2905461907780982
R2720,2.1000962128443867,1.998108520012907,1.9619303630535383,2.041206593787059,1.990049553399788
R2721,2.0412491370866506,1.762769222709195,1.8445860163351198,1.7814855588959904,1.7965552941593546
R2722,2.093394053757424,2.190019735567324,2.39498438702105,2.4219771647718673,2.481478050014113
R2723,1.415507728558113,1.5123195604621802,1.4072687061809304,1.330630135644767,1.3115422159628567
R2724,0.8156107894757629,0.7740683700055004,0.7139244247019563,0.6335602624359215,0.6061463889020365
R2725,0.7587568229371683,0.7048038940411786,0.7112684693256266,0.6993792113665386,0.7344747788393889
R2726,1.223746765055818,1.1622117825678813,1.1463651152877783,1.1882945305702157,1.0358735868096953
R2727,2.054415620371661,2.121723888529395,2.2228413305238486,2.2665338647582227,2.10683017945903
R2728,0.6673657270195654,0.5892718504439157,0.568935740774885,0.4891736797963838,0.438871291198805
R2729,1.5734125285008536,1.4429441881669105,1.6178086165797798,1.6438428634654128,1.6788596166236232
R273,2.598311184821533,2.641190696416291,2.62035202195936,2.570455830214156,2.478572151533817
R2730,1.0812049546655924,0.9528755072400805,1.0604939027942397,1.1383639253617794,1.0886531670175226
R2731,2.3779195557869297,2.274179494401817,2.370134843779429,2.5523768146923396,2.563372673110933
R2732,1.58342856490261,1.4197342829983866,1.4321998939440912,1.405031667742769,1.440819534051335
R2733,1.8682472724666264,1.7712293449448262,1.7424168733568484,1.5695539545877368,1.6677505109253012
R2734,2.567382674063015,2.793106032611777,3.0057706166280584,2.9840497318207033,2.988690198535264
R2735,2.440898392336767,2.406834967923564,2.398725759653066,2.159903452747776,1.895581337578745
R2736,1.987845760751211,1.8405629467015616,1.8441908599711616,1.7376844358878194,1.8139772238847975
R2737,2.6307818975034416,2.6946687453596314,2.5448499074746396,2.4729739437792535,2.3434835922876522
R2739,0.9679093712764509,0.8196799736863535,0.7355578890254711,0.6412013773997745,0.5202268866431644
R274,2.498514291526848,2.444422967707387,2.3154869028519607,2.298499908401933,2.299376804496505
R2740,2.5468326612080685,2.508718199061594,2.4066689876243097,2.314251231106421,2.375761948409615
R2741,1.8010713244041148,1.6446839736536134,1.6129118759711405,1.5001873118109084,1.3628135932960788
R2742,1.3888384622265477,1.339950077662019,1.392114861848932,1.487962146565136,1.5008628390501773
R2743,1.665877813480359,1.641322953038866,1.8013943531524232,1.72368433112744,1.8164832172991183
R2744,3.0713456963078642,3.131288849523506,3.0780461246050774,3.078743969281188,3.0409726715496856
R2745,2.965582565976817,2.9853430461781016,2.9766797121617423,2.9430282157089445,2.9327966106627414
R2746,3.026282639866867,2.9895040012491334,3.0462774446229273,2.897505734536443,2.7569165255720223
R2747,1.5578679791036052,1.585598453573951,1.61187348500427,1.4603096746446598,1.4521383627126676
R2748,2.559016265560262,2.601585741518494,2.5081644292246112,2.3889506833127023,2.425312820784721
R2749,2.543178427745614,2.615369239160577,2.557448872113953,2.562779699667256,2.457420365022523
R275,2.985929623012901,2.982202140578058,2.907375804419007,2.956595154987372,2.9759779573634373
R2750,3.352803322313832,3.38151292160965,3.426483934164217,3.409766747896562,3.399619883291592
R2751,1.9368000857145327,1.9730525008673552,1.9634699566036447,2.039594419203144,1.9273303889424955
R2752,3.3079045300087317,3.3193531630258213,3.299800163074069,3.189478741975587,3.3130674612053954
R2753,2.5326067005740263,2.602807479187684,2.6688267965283754,2.698093324961902,2.7656064649958836
R2754,3.441458044512781,3.517718956725582,3.533263910786349,3.502476159551383,3.4095415355841587
R2755,2.639722182257057,2.6493808130132535,2.6490502760502563,2.6333988906085493,2.6207378320586696
R2756,1.226789264288802,1.406913796772981,1.4150813399712368,1.428156627700568,1.592947079696514
R2757,1.3674644861905816,1.402042101423338,1.5510885634127767,1.576923252678013,1.6244897721674718
R2758,2.990635459949891,2.976800199505635,2.812236456589566,2.7120241883813696,2.8336217827059182
R2759,3.279840651802509,3.264680518121843,3.255088929872257,3.1722020328233316,3.1140449229917464
R276,2.635505778533005,2.646082975975294,2.6153142634275737,2.619130362297595,2.69328223650628
R2760,2.177066407572038,2.0178839922662477,2.0352736122912103,1.941860910066898,1.8325850419920253
R2761,2.486170196647957,2.371299309372031,2.4142646242591925,2.364492439942949,2.2829564364822468
R2762,3.570422967240117,3.5640665321867706,3.59872298854922,3.5448646875356236,3.6033118631028493
R2763,3.7106831506354063,3.785768364186357,3.7887119256266972,3.7309145421615764,3.6581261694912346
R2764,3.5063435190507777,3.5285771027856763,3.5276022293648843,3.405944618077469,3.3876190405860283
R2765,2.6681859752801835,2.597801308787693,2.544893854907887,2.584260614132427,2.694590474659237
R2766,3.530829640324159,3.5245512126961462,3.5593920834875488,3.3815295956968154,3.3244265807019135
R2767,3.7648946253917375,3.8511493613919314,3.643722210538973,3.6412610226395774,3.524448169762744
R2768,1.8507789429495023,1.8706552788037996,1.7247914905152064,1.822534126520216,1.7648610235100444
R2769,2.42559988810995,2.3692462124428078,2.38127757067807,2.4229276950004914,2.3076720897292096
R277,2.0077891439875835,2.111625271516995,2.1048154573076063,2.1496366419754267,2.0270439508050675
R2770,2.0995901981781007,1.9867405613000058,1.880989580625455,1.9059442778764262,1.9354825305497123
R2771,3.030563014555158,3.0327221186999465,2.9786534072829043,2.874085789499743,2.843597674536413
R2772,3.4933359027629236,3.345123920330532,3.323283045476621,3.3323173438041556,3.1405898308609372
R2773,0.6522976923180737,0.7182343822436652,0.7419594499117343,0.6963383244495266,0.6736486254481425
R2774,0.18773102385229715,0.25504148645641544,0.257889479781113,0.3160900926473942,0.31687166244934245
R2775,0.4797077476139387,0.4286742539242727,0.4164489246191336,0.37914424682903064,0.3603434505401867
R2776,0.6145317819743836,0.6328976805288868,0.602246305287714,0.6137116811360113,0.5734050201945496
R2777,0.3127300417624528,0.4094306272772511,0.48653540041508847,0.4224306205332376,0.5767886922154286
R2778,0.2531367591626307,0.19057214009113185,0.2004010756832246,0.2516815506324264,0.2825069995407416
R2779,0.4063676562143539,0.49019503345401483,0.5228920529900136,0.5289853343819134,0.5920288961302823
R278,2.147884336802827,2.1922525274762683,2.078266902591282,2.056244996880491,2.073069340973234
R2780,0.4205192470068144,0.4142643476371485,0.3738050286020402,0.31488639833945725,0.39690160409549224
R2781,0.08513983973847325,0.14520199645051346,0.22850254030470618,0.24543377748483805,0.3595510935301807
R2782,0.2534984435154706,0.2588076703251521,0.22412515460717766,0.26210870810528186,0.3098708239005693
R2783,0.3721752935715896,0.43614231355916655,0.4337575217442262,0.413815428068104,0.42527681578678106
R2784,0.509171553657084,0.5077538272072063,0.5167803291801255,0.47628657376710354,0.5286621866722815
R2785,0.8404680008472939,0.9423199739224454,0.9956424799600411,1.0377184282905971,0.8499417574182733
R2786,0.6208444680258709,0.7051207172988015,0.6771038634312087,0.6567872297785514,0.6525557735466883
R2789,0.8763749610921173,0.7991709732352761,0.6969932348138259,0.6056192542128879,0.556476835054934
R279,1.5841246787889707,1.7286169844045174,1.6854917396690288,1.8333629564147769,1.933734935075417
R2790,1.3337315012310937,1.260412385540635,1.1523938606491528,1.0504845311518851,1.045956926555391
R2792,1.2853157734075924,1.12987341923398,1.0187551084065338,0.8674141676988353,0.9031649205121595
R2793,1.520414147215892,1.612962556420287,1.4283342701099102,1.3551452756803724,1.2646057136931805
R2796,0.8832072307139808,0.8381506820424428,0.6956929582937169,0.6643469264423976,0.5986180512231746
R2798,0.9598776828848783,0.9234717452186271,0.8308410352552263,0.7299230582473525,0.7377224385760945
R2799,0.851137759950299,0.7899730626213917,0.7185037628478393,0.6353069813017743,0.5816488765943706
R2800,1.1834523000877613,1.0266305698647509,0.972304753287004,0.8275509277780251,0.8051302286070702
R2801,1.82546155017444,1.868711475152933,1.7527752940993244,1.6166644865478688,1.4658270715820416
R2802,0.992420318412945,0.8902012068032834,0.7255141682760101,0.5985881109982385,0.5625859436658877
R2803,0.8362117470300098,0.8697491546979783,0.803428222622326,0.6860574640523283,0.6574596225819609
R2804,0.7338791677696429,0.654507597335972,0.5683745012393802,0.4931085742242617,0.4023700343093525
R2805,0.5544395200029482,0.6130201184953723,0.6022572365657353,0.5691532498540366,0.6321936562020508
R2806,1.1870729562290727,1.0546477484382517,0.867318148846538,0.7613377229816664,0.7347505667784613
R2807,0.9174800294945124,0.9262432749336926,0.8074447430449805,0.7157333145107077,0.699915665992829
R2809,0.8319708187465252,0.7800023841246422,0.6958317432543143,0.6496686226884317,0.5351320259953002
R281,1.2973436476362206,1.4102544277093854,1.5133887185326946,1.4512256368325462,1.4952036587417867
R2810,1.3695841302792648,1.3952910316806901,1.2910711807505963,1.1390356643654551,1.117207679263488
R2811,1.7957788570022197,1.8826345670826512,1.7907089009056263,1.585039920408559,1.4045528922943171
R2812,1.2724607055154433,1.1173227558173409,1.01004821211859,0.8771023169523244,0.871174454693763
R2813,0.8936401617114038,0.8924965947955947,0.7864774245927452,0.7009165022349578,0.7092619589183589
R2814,0.8593196272620318,0.8224127078710682,0.6786209357500742,0.6156376420509718,0.6223229159431751
R2815,1.157313706082083,1.3673078346043042,1.205366792011599,1.0801452993621223,0.8402658163268487
R2816,1.2814643605761213,1.4031765400077438,1.2451301214846804,1.0670313687044661,0.9046675619448844
R2817,0.7539602877418347,0.6956230373131115,0.630892407026857,0.5587695400793602,0.44483157529352085
R2819,1.5872581395553589,1.6778566995334236,1.5089287093204382,1.3390285271919067,1.2305886841961953
R282,0.6401787078543875,0.5827366462614776,0.4992823173501152,0.48499606867740386,0.5777149572593094
R2821,1.0667926757338722,0.9599048879744636,0.8958905272306371,0.7880773373844905,0.6876771200358794
R2822,0.5223398535400124,0.5842106696951259,0.4247575101178576,0.3527959283977031,0.34868512235023275
R2823,1.5426676959762127,1.5303992878017525,1.3875066658311395,1.2599783132223636,1.1873131435294084
R2825,1.6059967127338386,1.6713975579536966,1.6226318810194038,1.4941821125033248,1.3998989975765783
R2826,0.7554277195480426,0.7425816200720748,0.7189839239031838,0.7618157875874548,0.7191891994678575
R2827,1.2473473314104147,1.068076924165807,1.0190482554354754,0.9814163472221171,0.9428267272215399
R2828,0.9358900534367022,0.8128890323984319,0.7065618596275789,0.7027618473512998,0.6266151185073315
R2829,0.5553512815162738,0.5503983804368582,0.4764191664007688,0.3812402634436732,0.46118068352473646
R283,0.8184483573518376,0.7146675551262051,0.7136109723402005,0.736436260923022,0.8904104934122585
R2830,1.0020173769332321,0.9572059773218273,0.8119957230540227,0.7888176473527672,0.6635251533198446
R2833,0.3995607699649209,0.48094191259730396,0.36163187529465546,0.26068983592134454,0.3376203243819541
R2834,0.8473080838878974,0.8049050406719871,0.7214656024030282,0.5682347441112444,0.6767416442399588
R2835,1.0246391743712342,0.9130466661561104,0.7687077182633066,0.7306014249569034,0.7069289747598612
R2836,0.8921831697364377,0.7522754234012613,0.6509071158650371,0.6429273501908597,0.5432898484932668
R2837,0.7662168875422848,0.7415957841702912,0.6289212788375351,0.6466510453652025,0.6383536237041367
R2838,1.1694753025894047,1.05191926809595,0.9718042381442044,0.8287306218826921,0.8463320832598092
R284,0.7284077430457426,0.7733163116314221,0.7530446804624401,0.7308723203677682,0.7459171737001827
R2840,1.8942769022877723,1.9556791356396468,1.792709289192645,1.7711986197701728,1.5196727451436607
R2841,0.9304212258725192,0.8014662588428417,0.7018805925918367,0.5977015195557898,0.612467479766057
R2842,1.3279345598095635,1.3539011937592886,1.2850435713723534,1.171500988684459,1.1284058128861583
R2843,0.3877586979798503,0.2781248343282629,0.2994404915255028,0.27518221629022277,0.23614373181334533
R2844,0.9844859979145816,0.9600251266696879,0.9291958121034104,0.796322279550163,0.8041322942411637
R2845,0.808883672888157,0.7705778195236248,0.7276871713938076,0.6821685281866323,0.6768640281393796
R2846,0.8796990573796293,0.8143928839213425,0.6358112242244122,0.5992467910713671,0.5500495409816923
R2848,0.47418528677578686,0.4189728548658175,0.32344614751458095,0.2649188544211661,0.29363466798350535
R285,0.23719329368729677,0.08866518982033675,0.11869804857395352,0.14562523670645766,0.1337827344479292
R2850,0.5759829730210094,0.5720799480392054,0.47840979839660985,0.38621894792734734,0.5197552764205026
R2851,1.107809340758868,0.97418046376875,0.837876269471788,0.856780253982864,0.7198100118114505
R2852,1.2615638131671858,1.2611605450060857,1.1354345539596538,1.1519769158362065,1.0707995690651477
R2853,1.1606228902751499,1.2830138669198015,1.1012654392360515,1.0118762771275813,0.8808504664794166
R2854,0.7318940738134541,0.6959728343094232,0.6118442482171859,0.5743624672440686,0.4248094216216854
R2855,0.9302789023000898,0.7917154428117569,0.6743946104566122,0.5283757848478995,0.5128438336498428
R2856,1.5768914022462492,1.6695246289242103,1.521554845896181,1.4599995844029359,1.13388689151649
R2857,1.3139391452456324,1.2443067872385278,1.1021310973859115,1.1092850081990056,1.009688554983716
R2858,0.8755490647895888,0.7137005872704241,0.6040247678126673,0.5210169056243692,0.4326129943619928
R2859,1.6455761397016948,1.7178956292402103,1.4809179200426186,1.385597365839591,1.1647891771537033
R286,1.1175229687001105,1.1567911752936686,1.2836524903087838,1.4227775935085945,1.3055612501494993
R2860,1.1846592748517064,1.0586868997900885,1.0098952541839024,0.8757105474732266,0.8258091048532048
R2861,0.9362830957994335,1.0891689389500783,1.0645469589696421,0.9068573493353355,0.7625442462776376
R2862,0.8092615852231984,0.7658502818959992,0.6826352466124062,0.5333594330415569,0.640462582725735
R2863,0.9528113120044945,0.9005052076156606,0.8322861896033981,0.7637988894290191,0.6513800505075171
R287,1.6081159794616018,1.659371933264196,1.516455436145967,1.4882171040839118,1.4572319453082092
R2872,1.4513380016532758,1.4958542942991782,1.3230284095552434,1.2325152179781855,1.1118594326521078
R2873,0.33380650137856593,0.443565721500026,0.34957337827611956,0.27708343032458904,0.3525210536330534
R2874,1.086138439209296,1.0501087011275536,1.093143274907298,0.9936705044150614,0.9237101154334989
R2875,1.2822306772449117,1.2053316399155576,1.0918767873034723,0.8792529085368234,0.8217645368607713
R2876,1.2638375677502662,1.3182771937487505,1.1833594853904592,1.0619027578496711,0.9039097929397252
R2878,1.0468935275831284,0.9568020977775316,0.8598449341396956,0.8195344820373628,0.9017171748548275
R2879,1.1499997103809045,1.0682700437358819,0.9315362152556035,0.7962077344218952,0.9015428770138467
R2881,0.37720975433947046,0.4037859080828784,0.32597773662779334,0.2921944022631702,0.24946509494098582
R2882,1.1302271273275797,1.3503996062018209,1.1926587115608211,1.0632860830249766,0.6972438658457746
R2883,0.9426993527970832,0.8868190388630742,0.7424863715431026,0.7073880777107369,0.6396705275069557
R2887,0.09492479883955249,0.13194498696228693,0.18188260494075176,0.11546912037025617,0.15694812906710381
R2888,0.8359148010394545,0.6894196547784559,0.5652971575521384,0.4852347499468841,0.43498317489862154
R2889,0.9251072381721603,0.8915791241138274,0.7960176693300687,0.6732488958988744,0.6767686070189791
R289,0.7877564401890795,0.7376212278420948,0.6676332715239658,0.4869199360680871,0.5331663256601424
R2891,0.862496367523088,0.7878617297363313,0.750936422532577,0.7980007692214472,0.734224579773558
R2892,1.6417333993457355,1.7050076032108576,1.4635387627635794,1.368772850130512,1.139360887072601
R2893,1.3919882616481716,1.4707586161785864,1.3161551850599866,1.2841298265202385,1.1934359560948078
R2896,0.7258151940549101,0.6456945358674269,0.5688764497686204,0.49144566312336285,0.3972051743790976
R2898,1.2031486606231527,1.2728920378228998,1.151526656977178,1.0783705085491702,1.0275148059705008
R2899,1.0373355410320053,1.1117190144110427,1.0771190422501855,1.0797339769343568,0.747416322837985
R290,0.05535371798364172,0.04078328387252068,0.038736300775257526,0.03136533771399659,0.059555819533805336
R2902,1.140769001057492,1.3627660736102971,1.183683437551665,1.0529302384777224,0.810544862462688
R2903,1.2086467360963717,1.4240792575857817,1.2454622829523097,1.1178256453111493,0.874229157213348
R2904,1.0398371660305077,0.9880260041290262,0.8347339821652235,0.8056005280612131,0.6833952656442399
R2907,1.248243556282346,1.0610283706689159,0.97531764382661,0.8518427569322197,0.9056493170832303
R2908,0.674114861202972,0.6913040143334859,0.6702046083456643,0.6525180325792187,0.6797599182670055
R291,1.4790590713534049,1.5734325968861136,1.4019989525911074,1.34352817002679,1.2223987275144552
R2911,1.1374536689042163,1.0279839767547085,0.9618587911491789,0.8335246291498983,0.7430351430543068
R2912,0.8100031935275606,0.7116930808058441,0.5989113376903886,0.6123415631053613,0.5255013594384472
R2914,0.8326484994782797,0.7854484188942353,0.6255923251251568,0.611714092828016,0.5388780927241361
R2919,0.31149151006968123,0.35875436664171684,0.3509494000062281,0.3021447300852894,0.3779334740785642
R292,0.8932340989342914,0.6927570659583798,0.5886198794969124,0.46585351552006804,0.6110226408604117
R2921,1.1916677227810477,1.2078944666146985,1.298108196461734,1.3352054759101015,1.2836783877989022
R2922,2.021769015572017,1.8732528675618552,1.9474535987961192,1.818753374764798,1.7504488786535866
R2923,1.2962001738417757,1.3158936407892339,1.2869120296012753,1.3660320504655643,1.351175541186155
R2924,1.8970299939727675,1.8494168504202795,1.8733086623728252,1.798410505752362,1.8329096162624479
R2925,1.1808339979205473,1.155875061453556,1.048634433920701,1.1174825657292515,1.108771217655053
R2926,0.5404024943281582,0.48659851085991573,0.5278206864469543,0.562503061751563,0.5560455524772111
R2927,0.5810144227022724,0.4344740955156129,0.4068927887941766,0.336711467182583,0.37604116312916064
R2928,1.1110063483241188,1.1355423845987858,1.1265122499175781,1.0036144302652927,1.040560626394912
R2929,1.727675561542801,1.7214793269260384,1.7580172126896028,1.6792638754790248,1.6556106589877915
R293,0.5879455974511705,0.36232704236589136,0.2928734110713409,0.21506906295518996,0.2876157973870853
R2930,1.6529854556011678,1.6303931693472624,1.6735023689304525,1.6861801015674969,1.5858413735719055
R2931,2.204211519198141,2.1577721923783675,2.0929803608790207,2.187200132801303,2.1844389868496425
R2932,2.0572632424297685,1.897286848047072,1.8311626594739474,1.7088229073802346,1.6254735871893926
R2933,2.1239116018974253,2.2150898301776842,2.255606579741962,2.375399842816678,2.3234294921374103
R2934,1.5047678078795113,1.4357002187563612,1.2960618032956255,1.0805341273737001,1.1569798538035097
R2935,1.0002648343255318,0.8507543193265334,0.6694461645762759,0.5763145406571133,0.5864139640712737
R2936,1.345154613631438,1.4656936203791513,1.5541849413993467,1.4982478107570953,1.5519123218243047
R2937,1.5073998564177082,1.4247810416368711,1.400973038911919,1.3775042709778882,1.3498579957722623
R2938,1.170971719029588,1.2332410341668354,1.1335942612867413,1.1904906931175023,1.2445053892679643
R2939,1.0157207073193921,0.9537964141489338,1.0890427141600525,1.1189778076701373,1.0774599083713892
R294,0.38578387028838196,0.35824297726382553,0.4323439443142836,0.371491225981886,0.47881127336201973
R2940,1.1559795840903073,1.0787746698952903,1.0787454024843977,1.078207180502377,1.0846160170436918
R2941,1.9174340695613066,1.9106606945704774,1.794234295354213,1.7405271386026666,1.7054599292666572
R2942,2.1535821795413987,2.106406360241726,1.9915318309941294,2.0955342167242486,2.051549101014767
R2943,1.414624903899215,1.3352683820729836,1.178991848670912,1.0607828730131008,1.0017736134799913
R2944,1.7545884401882206,1.7833083267132552,1.6111837823531787,1.7532813867730357,1.6623466976746701
R2945,0.574693015908179,0.3378889166235859,0.2475992503508495,0.13104731802664898,0.037464536554163715
R2946,0.6302570219211187,0.6026048205888996,0.5617416766146932,0.7164511802800765,0.7136632948456505
R2947,2.024139022542124,1.985473832848255,1.950826274207758,1.832724782543583,1.8021472076897864
R2948,1.3646964317063148,1.2565042720369672,1.1268509737598635,0.9929123814512097,1.0319385612318335
R2949,0.7933771482103877,0.6815034661310186,0.5882942735782895,0.4539191078382894,0.37865251629741636
R295,1.4185936535496877,1.3966137694638319,1.611591044494456,1.503357614021642,1.5911044565517698
R2950,1.561756620003724,1.490216302757694,1.3573473180373434,1.3771734122342618,1.323342272431075
R2951,1.4151321618088422,1.4129325669348407,1.362705477442298,1.2965747752491577,1.2778648112939193
R2952,2.194830604627062,2.1488651582898006,2.1080017681046583,2.165848364504237,2.0492475358094615
R2953,1.4522905405731021,1.4752746239962122,1.4380810053775568,1.444472889930254,1.4815940932808784
R2954,1.0958624133728698,1.1048496659097322,1.102236066127627,1.1438270340065924,1.13307951222655
R2955,1.831532000255584,1.8677624124389982,1.7444018405509714,1.7875627931854063,1.6512449002970093
R2956,2.5656619667731397,2.546868593378363,2.5763421632696546,2.5628364598201148,2.530354865102372
R2957,1.062273098588991,1.0198424002781608,0.9714572367389979,1.0122611462623232,0.9957002624977179
R2958,1.7194154527834582,1.555763558163976,1.4885510636226953,1.5428954484054034,1.4404150753019058
R2959,1.7924340156150331,1.8875111378963776,1.8981064330613444,1.877805527168274,1.90170414526868
R296,1.5635748102477607,1.4249214452515446,1.1852695011001353,0.9441872986059682,0.9408653036434759
R2961,0.9473768233089437,1.0668851018566865,1.088505421441486,0.9580508913471057,0.9140174636889288
R2962,1.2010488274952258,1.224633743610115,0.9450075515588201,0.8994457361171865,0.8326971449087182
R2964,0.2273282638157287,0.22541708189504397,0.13692253331762552,0.13371447795076188,0.1018045655250441
R2969,0.8521628165229014,0.6912550037307876,0.5689020830085852,0.48117929114278113,0.3366507374268676
R297,1.118029756615,1.1360156995274644,1.1738298282109392,1.1478635306682359,1.1957402856882482
R2974,1.0435179005655335,1.0639801082625242,0.991815892504136,1.0168838614121563,0.8312962251586284
R2977,0.7445917246714647,0.6952358591585795,0.576093407157962,0.4234192576329102,0.33833819015132294
R2979,1.2215631275757617,1.2408928312724952,0.9532466811962121,0.9150694572005917,0.8434957883674066
R298,1.13910703384644,1.0315478020489326,0.7934744663738633,0.7113992755892516,0.6508257248676292
R2981,1.1516369692275286,1.2274038945439374,0.9572994887229466,0.9349965222586771,0.8282613657778629
R2982,1.6598296613342,1.7711802782742914,1.5441781635038843,1.5767941747664058,1.5046384130627384
R2983,1.2950364444442495,1.213175379166716,1.0799270833406787,0.8774681912789974,0.8807822221709095
R2984,0.20302895082416605,0.19231268076889824,0.1622386583013843,0.1301310118494781,0.08791436835149634
R2985,0.3791621846364862,0.34316825683843627,0.33194281037842466,0.252582599776068,0.17486959152933357
R2986,0.9855794913765222,1.003925058270705,0.792037813372414,0.7564836963138616,0.6256269033790753
R2987,0.9960139912982874,0.8895396063271688,0.7519214076658781,0.6491181033233537,0.6297922634319066
R299,0.5954767945897173,0.6090849461660416,0.7009087005173316,0.5567969170727505,0.5388701018385034
R2990,0.31188203693671873,0.27056879182474713,0.21585350416171015,0.1557251676564289,0.17677600768387677
R2991,0.9082531123070638,0.8186549258895863,0.7626906837666603,0.6164188288852163,0.5982420700594566
R2994,0.846263890143675,0.8846943164910015,0.8139797497711234,0.8128401636717384,0.7191569824011944
R2998,0.1332796304337012,0.09298693428401368,0.08151595799012383,0.08035771592742379,0.10565601150967086
R2999,1.0321565793094356,1.0198764261419986,0.8378876697694543,0.8069305717272833,0.728317140834042
R3,1.629834475291556,1.4888483255433231,1.5262833088868897,1.4536850988176555,1.4864743011908106
R30,0.029259854547256374,0.04412783058665838,0.06625180891598956,0.05309577843095484,0.05975120375694677
R300,0.5493190970025348,0.4331131916245342,0.36491425711147024,0.28665404188995597,0.22539557524787943
R3000,1.4475094752253053,1.4759146407928294,1.444930622875722,1.4022726718707692,1.284643256767395
R3003,0.856678079369615,0.8561884823410836,0.6868275879710212,0.6720834717900331,0.5626522382763077
R3004,0.9455898526116183,0.8737990944767388,0.7817511477601315,0.6340949336174501,0.6067137544581619
R3007,0.13500620290686874,0.07309748928188864,0.06888477872187959,0.020521368284590894,0.04739305779056789
R301,0.11916021819173749,0.17965271091014884,0.18961343078396173,0.17771708194991084,0.2621886384136504
R3011,0.15539549023775004,0.2195565619841344,0.16169642642079635,0.09948384462135552,0.022797670053881815
R3014,1.4668058502495644,1.4463059035352899,1.314396332139123,1.294463177626398,1.266087147832236
R3017,0.8135780427336232,0.7741447285488814,0.7686422407806669,0.6363519029527844,0.6972210262467295
R302,2.0221178013970778,1.8637973583903007,1.6536907304845414,1.5655891686895638,1.5425005894447548
R3020,0.23690485245628867,0.2604155861911904,0.26714457251927237,0.2316180276727507,0.2625735402140018
R3021,0.8326599850965675,0.8448579964451276,0.7909181825475221,0.6816562778017841,0.7204580755615376
R303,0.26153430140392725,0.15072252367960978,0.10986443234385151,0.12882500687359144,0.1850630846827598
R3031,0.8045155447218298,0.7266068841014296,0.7537525442172418,0.618341648538668,0.5959593095191212
R304,0.5329922618414377,0.5319407875666995,0.4963368652048034,0.4984927856715456,0.574815108254848
R305,0.6339989381673804,0.6647971921270757,0.6490770099867805,0.5982890037144553,0.6843946065815344
R306,0.7762013504386375,0.5887927234745034,0.41725995319393966,0.37213456686991553,0.4089370508949348
R3062,0.9236523826255556,0.8779367477547307,0.8454772705798024,0.7475219278277629,0.78332272630481
R3063,0.8262538836906033,0.8176422076539399,0.8677180139337077,0.8274569483323538,0.8693226851783986
R307,0.3902475200096697,0.3683425342657016,0.30186121161036633,0.2407431861240364,0.3489346924811968
R3070,0.8515990666109401,0.8523267661913653,0.792669320046474,0.6805261939818975,0.7507539729156487
R3073,0.1929303996305304,0.23437151329524356,0.22403025004219668,0.16306454648626495,0.15038362675834924
R3076,0.2271524516556036,0.22952870458274827,0.21694838469318262,0.1762896879423022,0.17516307399020387
R308,1.020465794179986,1.037567332295643,0.8704726950199937,0.7516908225920546,0.8060229670346353
R3087,1.8865844486871215,1.8318675638220507,1.814117152141722,1.9185516429403549,1.8083967823213534
R3088,0.440300563722725,0.4081676012529247,0.4347631179019398,0.5125607739560899,0.5198477108316057
R3089,1.6851642059919072,1.771841652041326,1.8719335621054285,1.8022249055231512,1.8719365507649117
R309,0.0905648188413295,0.06418458842550395,0.04180250597725444,0.03229837667892022,0.03847982181915943
R3090,2.772666341758109,2.6698129371466637,2.507948026875806,2.3926442227665965,2.522334478036545
R3091,2.1822847825462572,2.311633238531176,2.2121748730851203,2.263844978059742,2.41394908909918
R3092,1.1896055916168775,1.2854888962617292,1.2109619769784306,1.2434839868556924,1.1879376368483845
R3093,2.899164708700094,2.773805586575008,2.6776441220778073,2.747635718904968,2.593850939636815
R3094,2.1918416916198185,2.1716884294055845,2.153345207609626,2.1215896718786444,2.167818329895375
R3095,1.9557376558350394,2.0889330480003085,2.104054329107694,2.148532042206304,2.112011793434061
R3096,0.8320047495388135,0.8990730205393117,0.9566439484486876,0.9741327987941392,0.9376021262796856
R3097,1.7371249763842516,1.8360525329914257,1.8447921265792446,1.9011485812609148,1.9190003611527329
R3098,2.5696331005255497,2.5208507768066912,2.477200659109842,2.29549537928323,2.2958323518588166
R3099,2.200194439072209,2.199255107784585,2.2634801568333107,2.2500690715152363,2.0478462933036496
R31,1.5103474523045775,1.3434165813799424,1.1004586937564427,0.921025026721539,0.9322171079430961
R310,0.9398562824722438,0.8800506465965383,0.754034628818178,0.701786822791121,0.6828977879155641
R3100,1.6464435188903768,1.7591076589864916,1.7182444735708402,1.6851603007451765,1.6004641969823346
R3101,1.4338911193026542,1.3960707646515451,1.343502279849868,1.2563963073225726,1.3511954525814716
R3102,1.51549149351565,1.542218768118879,1.5210403762000821,1.440615693335741,1.4562231996006976
R3103,0.66892161680837,0.6998859861176749,0.6268209825405202,0.6841321174458421,0.8037264947391118
R3104,2.367607330066644,2.252121485879489,2.2176231456927282,2.159312429489732,2.142889691999929
R3105,2.875050712098341,2.868315126829622,2.8885684725705594,2.929714605544289,2.885409951918783
R3107,1.998424503715615,2.054897618501872,2.010600765618899,1.9462544296501711,1.8274981875369185
R3108,1.2661865780467523,1.2619437444319042,1.1077746079527384,1.178732512010296,1.3172580247865755
R311,0.7086937728216282,0.44276347656131254,0.29975755270577314,0.2257198623534677,0.2509153787649195
R312,1.5553712539465068,1.4797096240279066,1.4166230202199703,1.3858509972321365,1.413310668925435
R313,0.255685976003783,0.18992588026275561,0.24065919016616868,0.19498073655953652,0.15502335484010105
R314,0.6032952886878519,0.6313714871918141,0.6924017080077344,0.6786910595499853,0.672311969190136
R315,1.6372925019526856,1.7886369505567925,1.875285092629338,1.8924459607549722,1.9345895795519128
R316,2.540180348865894,2.2151400377068144,2.0858935276758794,1.893280542696765,1.8302945782184379
R317,1.0699295785779028,1.0384417594552036,1.0010269117783013,0.9436277318421906,0.9802926453847157
R318,1.279798512983205,1.2715558535098166,1.2680257347365331,1.3158876488438755,1.298320435164212
R319,1.1192260102334262,1.2290277946189732,1.2580761655366253,1.3403495536871546,1.349500994790221
R320,0.8048453698670706,0.6505846331687061,0.5767418024396067,0.5710190143890527,0.577211057569343
R321,0.7650182449464579,0.8145985456227717,0.8976606600252038,0.7077264822101249,0.8274641318411342
R322,1.5048090933093694,1.5831723787668848,1.6837661666659984,1.8216761959809278,1.9442556600172287
R323,0.05934902428697676,0.058171252821571116,0.08842629208025117,0.0838189785214577,0.0920664842061451
R324,0.4643087924942,0.4907996178154064,0.47982576382886055,0.3826420505388231,0.4791192222999182
R325,1.6115311104144785,1.503651428989163,1.4187718858901839,1.1456049768070746,0.9259853677591459
R326,0.7374061418685927,0.7465948939231962,0.7523383037241838,0.7182843620886231,0.7547016508103533
R327,0.5961673577602192,0.6084705986878233,0.49451329049823295,0.4669012410504724,0.41142167758791054
R328,0.6270381747145066,0.45403744607761404,0.3750776607532502,0.29246000877059736,0.23940586095235772
R329,0.5202526420135044,0.43836481531361693,0.4687009357339625,0.44100004801740667,0.4336163541443312
R33,0.21397459878835023,0.23094503469971253,0.25607420189554636,0.1986363892695852,0.2552066988700769
R330,0.4932468155706139,0.4085637219836782,0.39211250398288594,0.372292516304732,0.4028459644369653
R331,0.15326032267142517,0.14459392393834353,0.16037147566450768,0.16002455421691233,0.2012422492524582
R332,0.8959035705596993,0.6475971101562724,0.4534325209212831,0.24555474554948925,0.2587276449452339
R333,1.6311212955307948,1.4751932037460196,1.3319145279028923,1.1606957472602264,1.1354330035620752
R334,0.5268363399994481,0.5075201169609055,0.5729787247290377,0.4776065559379449,0.5435324862018508
R335,2.252237751071485,2.059303863046403,1.8947659795918326,1.7712092726591953,1.6269217706633992
R336,0.5435668996650832,0.40461248792547133,0.2480031699714602,0.2986896837079618,0.3459470500198931
R337,0.9770666531854892,0.9504322464221202,0.9021983734089287,0.7809805523840618,0.7564861252700679
R338,2.470843921777722,2.2523110634249073,2.093831972816857,1.660206378692995,1.4164966238136087
R339,1.6624565282291695,1.5774309298775513,1.4033200190651607,1.0764971553543083,0.8721227446466406
R34,2.5168602289563013,2.6043008094591027,2.705239984984811,2.69776353394491,2.6159124341159634
R340,2.056406384492579,1.903194935423311,1.7949441239210404,1.396849922317638,1.073949495248838
R341,1.8010938880518927,1.5579758438709859,1.457458649512622,1.2222519448425753,1.1871126985745484
R342,1.2853530633946342,1.0810794041522491,0.8522322601955731,0.6370848144043145,0.41120337088283465
R343,0.9131210998662714,0.7909303141648009,0.7406479549487694,0.5877717369393178,0.5203914640276289
R344,1.7828187521118584,1.715765587736823,1.665736612727308,1.3393969221335107,1.321450660623221
R345,1.347797034719472,1.3316139994213287,1.2377530567801192,1.1032995218553499,1.2050534118067113
R346,0.5306849362753181,0.5383628829325892,0.5992313680282857,0.5199361444368822,0.6140224139639013
R347,1.678503376213979,1.5207763649445027,1.3710269000379534,1.1859422654139078,1.13898542758354
R348,0.16464904013530027,0.05378611976784093,0.044227295368215166,0.021603181353453876,0.03962289660562394
R349,0.6351229764118035,0.674427987883727,0.8044438315206276,0.7732199748988665,0.7872396741493971
R35,0.8643139161560514,0.9004911623787293,0.9570684707079126,0.8441842121842688,0.8529721630625986
R350,1.632692799968419,1.5513256465051306,1.381847885310804,1.0638598666420214,0.8543229835188602
R351,1.0414382586845612,1.0105604186242616,0.9834177476554791,0.9298306267798508,0.9865509090683721
R352,0.5081908964732498,0.5154308207112489,0.46746209006130396,0.3546874987641124,0.45309998648065136
R353,0.49934911705861434,0.4915009421102331,0.4102498768595945,0.4217542237549495,0.3633482365958468
R354,1.0479729065765477,1.0593054577190892,1.1816569567559652,1.1329133344710003,1.2265015777796342
R355,0.825811884842825,0.6766778136890863,0.43622732995166685,0.36653996305840236,0.4521016576897005
R356,0.39912984768399373,0.4185871890802442,0.3829902040161923,0.3393831610445202,0.3198230258510822
R357,0.5065620126988281,0.5035759801157647,0.5081146139871084,0.45386348464365495,0.4399270446683692
R358,0.7718131426734831,0.7063276949880255,0.6088434254262791,0.5124038742086906,0.5897679040495329
R359,1.0395157266834905,1.042466494059746,0.908708008219982,0.9109736724579625,0.860761701779542
R36,0.41010815930735095,0.44489187259557195,0.4528843159390054,0.44982397640784716,0.48818445057159826
R360,1.0151271029906628,0.8741888761290911,0.8260708002633442,0.9444606814786084,0.8353632953679925
R361,1.4729677396595922,1.3918718053379833,1.361587192245493,1.1368856383347898,0.9960986932233543
R362,1.051162688704027,1.0083069596230674,1.1720904673954808,1.1346711781707985,1.0571544146666163
R363,1.8681077561864163,1.6352283913500976,1.5554942326525458,1.340430725288679,1.3080395314259703
R364,1.8258941159743098,1.6870437949053319,1.465298210491061,1.5467037416574283,1.3266383494265002
R365,2.174651322061015,1.9300241998597008,1.659521141967004,1.7353596049679083,1.54367958879579
R366,1.2725304929083328,1.2015322541364133,1.189916690104574,1.1916589079419848,1.29506194799687
R367,0.8379559677080662,0.7501943622726945,0.7189474593322113,0.8448745174427205,0.7286168687644031
R368,0.7613837795406764,0.755842121318923,0.7431824961554844,0.7478216396690927,0.865220065035124
R369,2.4106906653128712,2.3455693645771625,2.377742279037394,2.2575697146079197,2.275334867253904
R37,1.9935199282361937,2.2365651476100865,2.283821104912898,2.2042140641903925,2.207642870820023
R370,0.5673680201849355,0.5804646819488084,0.47561955372511394,0.48352271220724186,0.5605402233138221
R371,1.9894322513903349,2.0336664496843726,1.9449113270535536,1.7589463250045083,1.7434598131317087
R372,0.4677317607555911,0.37466494686803525,0.3776621915558512,0.29520914304139584,0.27109810925916583
R373,0.26102669148579344,0.33745286486689663,0.3119074166525512,0.3222984145147127,0.34360473763596494
R374,0.9139403552991717,0.894476223356546,0.8377753025109926,0.7122363118396641,0.7398455120662143
R375,0.6034738350082348,0.6986181070563998,0.6944391327576621,0.6126919168796713,0.6218144001638145
R376,1.5814560082023115,1.3839037734432154,1.124018883955233,1.0451326367182778,0.9797920571099547
R377,2.0405960637972176,2.013089299996338,2.0902674917727135,2.0423536856634,2.1103511372353005
R378,0.414749234479829,0.3835994810117641,0.3802088200131216,0.3877789750349731,0.4459951096724834
R379,1.301629305377392,1.2171994994627837,1.289443492439968,1.18345106903308,1.1550988168772525
R380,2.4254450774989107,2.263127724161116,1.9941554693567827,2.1525981841273065,2.0147558262538543
R381,0.3452197058607998,0.4243467527563793,0.427462917326385,0.4086924478867789,0.3646993252026329
R382,0.6989591340679183,0.6733099025809497,0.5700049178597097,0.5745963447187875,0.6084037999544167
R383,0.48039391628488903,0.52018452495461,0.5149253374705482,0.49377544946496804,0.5290611385850283
R384,1.3777024415287535,1.1769880441462102,1.1182808162002413,0.9774136887189444,1.023423092240381
R385,2.39199946701889,2.2745416780021794,2.098504958876853,2.1267397318501278,2.058232158033451
R386,1.1657944880967681,1.0599772425521279,0.9196442636026094,0.7080302714020675,0.692007563302574
R387,0.6437153163579122,0.6003912294763812,0.4953875197139518,0.414678677494934,0.42832870955150765
R388,0.9542789583311221,0.8499888348994622,0.8594801153509966,0.919767854179391,0.9396905313198013
R389,1.3425405336161205,1.181403320487956,1.0415375475106192,0.7913843914872993,0.8227550970872517
R390,0.889249019891964,0.9149301651917298,0.963878683730263,0.9860431012063966,1.1864386432378866
R391,2.4024095676806496,2.2663382708901256,2.1425796563634036,2.120843408968722,1.972672122035034
R392,0.7258302811785161,0.7215843223911904,0.6139438229455164,0.4774619886769445,0.5568250114469844
R393,0.9905540127014157,0.9092124939407311,0.8430417690629308,0.767741874201997,0.8203173991738105
R394,0.5116084880728496,0.5426425043616784,0.5534633155804614,0.635276456996241,0.604653536426098
R395,1.1521062618983384,1.3224116487223037,1.4342812783159269,1.3503980119250656,1.5877828613773324
R396,1.1389196478221273,1.0607601080086562,0.8997028817442434,0.6220372990685106,0.6537142813221808
R397,2.4431891827664476,2.3891518108325336,2.3985536655218507,2.2991740778244543,2.34779192776246
R398,1.0217549960834296,0.9531112505549041,0.8748578873106124,0.8787475081790123,0.8869249315052331
R399,0.2945088289427271,0.3063315828902127,0.3494853615230223,0.31688106892597173,0.2400641295363177
R4,2.5607539930952528,2.7408190449176146,2.7924707450153203,2.6664703677257395,2.5068504428994993
R400,0.7887186876205349,0.7610761070415913,0.6309067482044584,0.5085114060692664,0.5087398727539455
R401,0.9776984645760545,0.9571087264397562,1.0098049615641707,1.0523457551672002,0.9492229216844865
R402,3.0485925684938477,3.2035971449964853,3.298008459276211,3.166220886617803,3.056026286091058
R403,0.8257115146388333,0.9447925513934854,0.9249112006368316,0.9038498237564069,0.8855093712240476
R404,1.6234973178231946,1.5831079251317024,1.5166234397628164,1.411954851118488,1.5308272316616711
R405,1.019444425164643,0.9179044713085799,0.7900531679589208,0.7217274855185348,0.731442537582836
R406,0.7682073469466973,0.7406914002092164,0.6202960538861841,0.4833001716491561,0.472533074880819
R407,0.9117219391836231,0.7337368042184083,0.6994322734798899,0.6827854304080304,0.7552947841692523
R408,0.5406051785836716,0.538893389980244,0.4925345248944245,0.4515406351123476,0.500932255816181
R409,0.19135166585476315,0.19762497180775615,0.18062589644527532,0.19368599174097642,0.2103541357154161
R41,1.9395999184736952,1.7715411064956381,1.5493089361394539,1.4796937202640668,1.3919529988790957
R410,1.8084280096688077,1.6771982339807145,1.5451497167336359,1.6362893167119614,1.492501618041209
R411,0.5223889904172303,0.4762274334126793,0.4402123451254148,0.5721065451584194,0.5020718229012561
R412,1.4973111609747172,1.4773170046553803,1.4943863749465616,1.3871295096805774,1.463443140286512
R413,1.0592447893942214,0.9480997683367945,0.8147807855947443,0.678490010037579,0.6546911317436588
R414,3.1239281322500156,3.1705069070935017,3.314240078573946,3.1422533733344347,3.088275759963791
R415,1.7959198115443344,1.595101176739689,1.3048221297944589,1.1771058402339287,1.1393942547487876
R416,1.222058816009119,1.018756749000198,0.8578763143766446,0.7525941144491747,0.7446876791676362
R417,1.2135873339421732,1.055383061055843,0.9808184154314671,0.8726282010722889,0.894549433325222
R418,2.9850448384174415,3.143953686558049,3.2412646050939395,3.095364538477102,2.9889716834541176
R419,1.0173530833887368,0.899725662350173,0.7319536519845531,0.6219543357339357,0.5415502014880668
R42,0.21519606284649584,0.17706654731462634,0.22409989239002967,0.17083178336785165,0.24914018816391248
R420,0.9378942055819928,0.9960034432317428,1.175575717272805,1.2764833631722863,1.2582233606727666
R421,1.095816518191721,1.0150947367347989,1.0085165265712275,0.898563617425488,0.8602041973370718
R422,1.8382214538831458,1.7198933652747672,1.474932556560658,1.2900096459557222,1.1984247893445181
R423,1.1669198524674218,1.156903031115948,1.0927528448182224,1.109555644235181,1.0401909979608948
R424,2.4819118883101092,2.3386630503071717,2.2845076580141916,2.3189934341300096,2.312398900912687
R425,0.8381848536826566,0.7510730354739253,0.6291212021177381,0.5253971415182007,0.49222857611566617
R426,0.6845049183443386,0.5594351140587026,0.4981513739859108,0.4412741110172864,0.3503021733733241
R427,1.130311789273841,1.011917760013735,0.8650035822411619,0.6314828720442629,0.6250101839875803
R428,2.823732610755075,2.7745800442937245,2.869567414156758,2.7334468751789927,2.7533049914240104
R429,1.4841960358283603,1.2311831568450777,1.0868146417003404,0.97949802274655,0.9904085800455406
R43,0.8426671018367832,0.8525770335136932,0.6662345608466524,0.5968297553747114,0.6011138734443248
R430,2.4187893377054857,2.4707639495403626,2.4167442414128226,2.3557778843009305,2.303479214994824
R431,1.2268449030849218,1.0302939667619495,0.9860090733923729,0.8917301523398312,0.9197378408224937
R432,1.9588628429388781,1.7276111127830829,1.4826163757144175,1.440249241266574,1.4143987091807984
R433,2.820949612973393,2.827997617980575,2.8351839837829793,2.8069642662427943,2.7359157370588543
R434,2.507940313891626,2.4909678385736376,2.5634848136603146,2.5673726013542186,2.5807714785102283
R435,2.0718843643032328,2.1300224013193234,2.1081972595880094,1.9384257604584945,2.007768433016157
R436,1.4595904120548315,1.3108302324409045,1.199658988699905,0.993182923878475,0.9521050352132521
R437,0.864155056959637,0.9097528660024126,0.9636998127039718,1.0431885064113178,1.0293371715619788
R438,1.3711599855810375,1.191012309268855,1.0130713703855556,0.9737047232966901,0.9899542550494668
R439,1.3753862669953225,1.2648904651729702,1.0819890804295864,1.1631553311319376,1.0922542262309511
R44,2.6311271047378653,2.793900708880048,2.8734755715396028,2.926182161174638,2.8579910976107903
R440,0.7354316023170515,0.7989301974664256,0.8010344038856352,0.6700584092668352,0.7011287935924475
R441,2.169568572746667,2.131286696914497,2.055944322135005,1.9979427396076797,1.9947640979156314
R442,3.051300713275458,3.1233696088355525,3.205790747925127,3.157156038632322,3.0983351294903207
R443,0.1665311672153265,0.17141289236968169,0.23805437840807367,0.1991101162724881,0.1585693412987903
R444,0.23591434269086153,0.19632596378589226,0.2096759672422348,0.17142346237581443,0.14067123006680643
R445,1.834814747732205,1.7695164237710923,1.6804197066247357,1.6359601448789078,1.6762058088892222
R446,0.3087907525912501,0.28798633070723645,0.21313197476855186,0.26028427044156865,0.3093942038947887
R447,0.4035281705744819,0.3640195884876746,0.24632083892202447,0.16505041759142855,0.16390536999717734
R448,0.34492383003461097,0.38089185302934675,0.31759848566509846,0.3061592544929483,0.3881527032467381
R449,0.5338326407100258,0.43353327233597916,0.33007014218626657,0.31171956087727415,0.39611672555984384
R45,0.7669491627457523,0.7555546108140085,0.6467378905442805,0.69113779123612,0.5479235739036393
R450,0.15673954452495664,0.14785393361560956,0.12021149939809793,0.1617075700740332,0.21275881601099175
R451,1.4397147490145772,1.3245212425293256,1.097859873943706,0.9733273014333356,0.8599389184608309
R452,1.0407845857130464,0.8790555229356758,0.800373652715364,0.6954986759254582,0.6810546040924503
R453,0.09161304566695097,0.10382238603389253,0.10923204252822753,0.08225748926215337,0.11562700106102901
R454,0.5991918748190247,0.5050190916444853,0.5804527936171875,0.6015567371994315,0.6387551240219599
R455,1.2134168609027656,1.039001004438352,0.9249577466924358,0.7956612046490766,0.7812649464923342
R456,0.7055337071352837,0.6092290102791486,0.6196813578122836,0.6003769577741431,0.6572917262253216
R457,2.9774020852976566,3.1068701656693256,3.1952818508591827,3.104024908211298,2.974274816370655
R458,0.6232794356794253,0.5666085496428112,0.5159738708653513,0.6003538188216033,0.5858101729478885
R459,1.2446852646398565,1.1626707441302986,1.05496575058309,0.997680290846724,0.9603683837184783
R460,0.7218327321617029,0.7016706672970666,0.7204938297773932,0.5953078158800514,0.6356781455069779
R461,0.8574844050717662,0.9020643810295254,0.7448994668896861,0.8374888299923814,0.821665642947304
R462,1.069426128405725,0.9654857537032827,0.9512439478109699,0.8335168869129339,0.8104366788399562
R463,1.2608813320534948,1.0411703641218397,1.0003423503040862,0.7058733587783843,0.7749976105451113
R464,1.0580747511461717,1.1342441167698791,1.2299565266476802,1.2285630848844018,1.296795570391102
R465,3.03234780006948,3.222897576406862,3.283778510512549,3.2131153185079033,3.1126452357589773
R466,1.8770933632541507,1.738240263170645,1.522599105946715,1.736154456752886,1.5535160521044273
R467,2.0353784932745715,1.8874371234761278,1.6563401746785877,1.8796019114116513,1.7118556459341239
R468,2.1220209846842444,1.869694631987203,1.6103032589133284,1.5787895608272744,1.473297998721136
R469,0.8293675451973486,0.8464104660958777,0.8529826550613061,0.7991550402186516,0.8053615157477216
R470,0.416174115673249,0.43075566437984103,0.43669874296180644,0.4826739758181222,0.42865376356759627
R471,0.8945611734427349,0.9008110113493624,0.8627671946774556,0.8858941389491366,0.8148752330849676
R472,1.551677704741684,1.3652958139475295,1.2060702093431563,1.1243853335866678,1.1499956198665384
R473,1.5086464492027951,1.2649012204467385,1.1338358746603217,1.0175651295103834,1.0193728638341468
R474,1.1387313671501553,1.1642776142092908,1.209215990407283,1.2574699844607466,1.189303659001658
R475,1.4584716734398666,1.2488170936884544,1.0951682204193578,1.024567241774148,1.0624047458701706
R476,1.3208190101229706,1.2203392154495907,1.1500859378386832,0.989038160223664,0.9937498184647698
R477,1.4019053056520865,1.2654600266381189,1.0571616157270673,0.9705998034970463,0.8463840167032254
R478,1.1014712081976905,1.073296593575741,1.114741738761705,1.1421783056307122,1.2427197066682498
R479,1.7463939795527603,1.674844759709314,1.5859059344672972,1.6744053780106556,1.7190472236076328
R48,2.3391598991009808,2.4955527688768244,2.41488065377252,2.321920521377212,2.092913952182741
R480,2.497964543947735,2.363522412733456,2.2341490821307834,2.2748944227040755,2.1345552811679562
R481,1.7783781477342002,1.676012545492957,1.53657870450516,1.6280202639137578,1.5695075547960553
R482,0.7034209862055987,0.7624723380578718,0.7623816163973012,0.6134597946720611,0.6474096285728638
R483,1.0811561829606342,0.9430834399073863,0.8515273387833455,0.7489303811449541,0.6220748791456652
R484,2.784952311354197,2.8901708182188823,2.9885826652994405,2.9807853843455328,2.9368097611646213
R485,1.0687595744581018,0.9715005211091302,0.8571286814613147,0.7272176944304554,0.7038340520993206
R486,1.320185765345965,1.4303430880743286,1.505802605629352,1.451703583452104,1.5597698488878904
R487,2.598794860111389,2.6642532894375353,2.715886336009659,2.6970390448575845,2.7167208691968114
R488,2.237422142060271,2.0232299581355297,1.8615166650467367,1.9195861286604945,1.863475787405753
R489,1.2850094041200568,1.3355848308949652,1.5696332540110531,1.5381733274183746,1.5590427660536723
R49,0.10920638052302467,0.10647140850029564,0.0595012265247317,0.019377734331150667,0.015085840627643841
R490,0.7493604385185527,0.6674587459988123,0.5412701367919005,0.5508367870426996,0.6614843230582547
R491,1.4855226861714286,1.3531563886131268,1.260886192891186,1.0763729114653398,1.0845509881037478
R492,1.158618394897188,1.0923880479691117,1.0083871122525985,1.0552115812331022,1.0992019380664737
R493,1.3944195083475377,1.230657074768625,1.0505120409579758,1.0681690899388394,1.0698367741190757
R494,0.02204138562753597,0.019947650242538067,0.050386658556527936,0.030213589769455595,0.0
R495,1.0777238123667585,0.9554982338909499,0.8383234850661354,0.7780575761281744,0.7502867376906822
R496,1.1571360636727412,0.9662386082406459,0.8419043037904221,0.7850194073076825,0.7732990207980505
R497,1.0319501789751977,0.9718434198113105,0.7617977205802011,0.6910131977763764,0.6414512190940881
R498,0.8117847007798337,0.7823293407468933,0.7477356559845183,0.6213043900547124,0.633002617092539
R499,2.0150190135560035,1.76462967298836,1.5314956065951295,1.4813514389957165,1.4841276111276824
R50,0.11849286466800452,0.06965502403962819,0.10150499994763697,0.11851642534818745,0.15007932661777074
R500,0.5625785085831604,0.5403393170894729,0.5822344052043923,0.6047149506969707,0.646066750247594
R501,1.1445725729100984,1.0653148250609183,1.1543111661527263,1.1430308049030116,1.1589350611648672
R502,0.9157364401890545,0.950284946463501,0.7338998543637486,0.522410621388729,0.5625096426529829
R503,2.1611532828410143,1.9855382621061166,1.8336108737634165,1.9260891201641877,1.8574315380685933
R505,0.7100393965207231,0.7556737500920819,0.8458806981685777,0.8504299361743026,0.8751537499730484
R506,0.42267809250823335,0.3552460012140806,0.330372504329872,0.27616445531837885,0.30399214288594917
R507,1.384766172345336,1.2650507387415155,1.206922893883091,1.0898919712487363,1.1754346018403756
R508,0.9915581657217607,0.9511416020689314,0.9556555017358872,1.0653594355572813,1.0441783328804537
R509,1.9210735059902675,1.8741534047817676,1.8835567611140225,1.7948556439988552,1.8029661247654793
R51,2.1622154514462197,2.0221887491504185,1.8232630425289298,1.8617114837160442,1.7776087434340058
R510,2.237794520256031,2.3810051980015876,2.3566505241153584,2.412049856940964,2.360612511497148
R511,0.8751773325928196,0.8030326820717983,0.7711691450604417,0.893518662708714,0.8328828328088904
R512,1.0598318854659459,1.0665393929370084,0.8730546237874134,0.6461762507331748,0.6772009285580982
R514,0.686698950801367,0.7185426641757605,0.6306888500632726,0.6696355948826787,0.7512104943082921
R515,0.8052480441966451,0.8214317055043767,0.9698530969198923,1.0568215813600361,0.973926912821362
R516,2.6009949132790138,2.6898317291860137,2.742826566008586,2.620345513214809,2.635617265770199
R517,1.0227211960536176,1.0319437165475551,0.805889903918686,0.7387180951251814,0.7762593221443209
R518,1.4985628876234838,1.5347255064788188,1.40909212487265,1.3490137262833357,1.3708605004487877
R519,1.5679257543533796,1.5786643004040444,1.4738734107431848,1.554311742469227,1.5974081488346623
R520,1.8390164811848302,1.8665651349731147,1.799035525621459,1.79788646649536,1.747366190970163
R521,1.0833246089927506,0.9567568032535577,0.9448745464608934,0.9645920518840148,1.0433743834794966
R522,1.553934288915356,1.4353561621314612,1.4068678552749232,1.3288248780567575,1.2651257696960265
R524,1.6227785379043105,1.6144993173257605,1.5837059446807056,1.685004159132442,1.6428144623244492
R525,1.054428664584201,1.0931389913245544,1.0006505064492082,1.0545195139819306,1.0790701083923506
R526,1.487884699818171,1.5287776499420513,1.5759656042718277,1.601047794908579,1.6291946583889656
R528,1.0057451275185996,0.9075679999054074,0.7917697116024688,0.9146923912461152,1.0309467548367333
R529,2.226925155753082,2.2444752321764923,2.2166832049720933,2.2044685780419373,2.2650642389931774
R53,1.6856943347035493,1.653051610773315,1.5577946569992553,1.4807239545795252,1.460600325435991
R530,1.8441810407864978,1.7465932933999528,1.6261067880872215,1.6241300555519358,1.773957323114328
R531,1.6760737081898829,1.7344956191022287,1.574606061610321,1.6424293104127905,1.6157851868495032
R532,1.517431460176283,1.5594325740335306,1.5145098870789588,1.3584251661350406,1.424204064590852
R533,2.4196446549960253,2.370083700161194,2.374811057396649,2.3586577770558064,2.2703639415837724
R534,2.075758244735839,1.9377207244728614,1.9686344893902592,1.8661141545454023,1.7976144302258996
R536,2.6505113356249077,2.5585537010298878,2.4545409598140555,2.4476827956273524,2.324014377186173
R537,1.1478279397804272,1.1377280405209726,1.02721596439951,1.0424593466293999,1.0894355303012504
R538,1.1649823040369742,1.0989550933199321,0.9857821546675403,0.9846318522980999,1.027313554126335
R540,1.8279523662690698,1.8214172064533545,1.699804254416943,1.760341283037117,1.6492419767686677
R541,2.503289745215485,2.5946252852198577,2.583843284157818,2.734394606891233,2.776190195560045
R542,0.37324093106948997,0.3529653458991364,0.30367863933182043,0.320223033301803,0.2908523010868755
R544,2.8412374867509693,2.881695638112429,2.758110868008528,2.73534570267369,2.6556176773099547
R545,2.219123989054299,2.1304571610780303,2.030225810303411,1.9584801092574045,1.9259742932340957
R546,1.134730268795489,0.9989243045113112,0.8547221280124383,0.7139742568203524,0.7781839120787813
R547,2.0517941564659896,1.8417659991546524,1.9011750550308872,1.7691986995277067,1.8732068090526595
R548,0.6687929850017261,0.6445468828251695,0.6021388456713986,0.680959127391759,0.6671202425275031
R549,2.1853761583066778,2.1487249886974036,2.1743494235740446,2.317176733827796,2.237946961391527
R55,1.4595124875123864,1.3989907580985064,1.5699269860956844,1.3191821169361528,1.3294838067785546
R551,1.8269733292019505,1.938686334511895,1.931238185540998,1.9769736708638384,1.9424162644297076
R552,1.18303568436864,0.9722720535493967,0.8451365034305193,0.8292558697672402,0.8299963191737898
R553,2.4638944157714167,2.4602840663611776,2.438724842191899,2.4862450301461734,2.5288707933372474
R554,2.507817076785991,2.540563428705317,2.484480750833785,2.432592678486388,2.4523107519010754
R555,1.9782200247511852,1.9759180256295772,1.8612056933211065,1.9171302062623097,1.9086553479364863
R556,1.735588376369093,1.8317723850122154,1.8055022485478358,1.7619803945600925,1.7611368320134582
R557,2.2133836663971693,2.26061374961209,2.247974352749133,2.2691093481621243,2.146186763590028
R559,2.7963991306986475,2.6952959104329253,2.634221522787874,2.5723815605196654,2.578927246462336
R56,2.7745034800057593,2.8242362315684963,2.9124364922583776,2.860650911916942,2.893300807654843
R560,0.8130421658498269,0.6749461912102214,0.6923938975142729,0.6198891159632688,0.6001442957526202
R561,1.4805113014626008,1.4329930139642262,1.3737445373481338,1.4087436023226496,1.3423500736117033
R562,1.4560009930119018,1.3647398964686182,1.3672305321710765,1.2466273545650979,1.190329949066673
R564,0.6520561993684565,0.5996473577378184,0.5421012376523376,0.4402964771087303,0.3078840747243243
R566,1.3481254069764161,1.325269436123025,1.2126049742462812,1.1176750471010777,1.1387003494476569
R57,0.7447793461806925,0.7966520998199396,0.8793651563464151,0.8776805567435414,0.8786890708665089
R570,1.7236687442687653,1.508106993728361,1.502771880642129,1.3946146146692262,1.361984703458603
R571,1.0842124505041901,1.1398303357582615,1.0102436060926598,0.9516021384062476,0.8538653115166931
R572,0.819712580790143,0.927096066733837,0.9660226544345367,1.0009143860672571,0.9457319480123284
R573,0.6529850025789392,0.5586405016590118,0.4745615248764621,0.39799673863864354,0.31138964602349434
R576,0.9804973124914718,0.9096115750532762,0.8881453137954078,0.8076549925581122,0.7669187827539559
R577,0.5441483182588827,0.608961592049268,0.6063647760522697,0.563327233602445,0.47940697706558333
R578,0.6667817707467107,0.6179800563320995,0.5571405329556971,0.4240600593792451,0.38262601952537056
R579,0.9289529554864892,0.942512849719316,0.9780510215725837,0.9122454762678247,0.8419021634616893
R581,1.555552138539464,1.537412669700746,1.4488964326213527,1.2693083815785167,1.3339610063896228
R582,0.4255850811422986,0.4083949309793797,0.38255482994901063,0.37646259629434237,0.2449593504628021
R583,0.4112483899430878,0.47021885297075366,0.45217584275119327,0.41199926162920825,0.36651780017377217
R584,1.0746278707342243,1.0649102688022076,1.1220969808890289,1.078989246382796,1.0353027162824404
R586,0.700981485833086,0.6889001867565784,0.6146978373557851,0.5083634503607279,0.4233461461486087
R587,0.7823878609422862,0.7654221868966941,0.7055237821530491,0.540645789736847,0.5058986741197677
R588,0.024886856801531167,0.041357005814944774,0.0560593950928021,0.06418369780010252,0.0048831444019498925
R59,0.7860965655272116,0.8757255760912636,0.8468498697341243,0.8044655468376548,0.7891491691595088
R590,0.5976305425496639,0.5677088278005703,0.5013491811272712,0.4491176767019233,0.44986596487962605
R593,0.8716958319473757,0.9228074622621739,0.9323389701678602,0.8197276313477684,0.8801449624492311
R595,0.3000610649713557,0.2589957418397149,0.18479524170244832,0.14062308271377888,0.14329685079315574
R597,0.4390776647179904,0.39227639807105924,0.2871830375437452,0.2708511504267648,0.22582985672356004
R598,0.32660133871193486,0.3589785906975507,0.3650982776029261,0.3270011574821957,0.3006651261954511
R599,0.9310420430915762,0.8521551864216109,0.8430721968342751,0.8375575252813163,0.6622417264036077
R6,1.4718111625678765,1.310274826885722,1.1919321435756098,0.9663362223447912,0.9913025597662611
R601,0.5585928361968542,0.5164612646716634,0.43460205304557414,0.39087061845837145,0.3023903671793775
R606,0.4288997848482541,0.48203401118897043,0.4594350557877454,0.4071384848813801,0.3834408119584489
R607,0.8116932200095053,0.8384292777612807,0.7889501429646972,0.7230889466751582,0.7088714254694448
R608,0.5834706961338711,0.5911309853228713,0.5751762689828452,0.5689668511112009,0.43957557880070164
R609,0.4891700617144875,0.5120138887619395,0.4291250893069288,0.3257484255127349,0.28920339475655615
R61,1.7986267618372445,1.8624458553690673,1.8264106762694081,1.7922377976875334,1.76658946816142
R612,0.7632760758636876,0.8846462200378188,1.0221569537197837,1.2135450904836227,1.0223643569369834
R614,0.035936832700808705,0.05638608872746195,0.06561025127770319,0.06576244863999404,0.056435958874478026
R615,0.9476037142436311,1.043475520106442,1.1020689888489534,1.0616794791463233,1.022557560852587
R618,0.4492681266978868,0.5337404846879217,0.5830153204752874,0.5967001158096417,0.6359943466553839
R619,1.436254773543061,1.316423240513023,1.213470856667489,0.9767763363634481,0.9960098447160843
R62,1.871763964211824,1.598780331136805,1.3836755164034917,1.237961677888247,1.290457944878189
R620,0.38279521226790963,0.37911924154883986,0.3957734977638381,0.35091391637862923,0.29844644777993484
R621,0.6750484589448343,0.6358872956029588,0.5775141003277344,0.5071976293891103,0.4024962142451088
R623,1.1684374771763681,1.232117868630483,1.3053661438278106,1.2554287446601735,1.1690689667863037
R624,1.1296564562068057,1.1914708515413608,1.1249584395142052,1.0395286661651677,1.1576591375878547
R626,1.7014415473918159,1.631847710426434,1.5758426060639323,1.4490146528744463,1.4839201723195945
R627,0.18602983792061178,0.14185778619215217,0.07817312295391654,0.06038071636619658,0.03628297699942921
R629,0.2678822765519964,0.27018406944147416,0.2661315895459261,0.21756868901341817,0.14182308117616746
R63,1.0956542676224903,1.3599572075912811,1.519141641339202,1.3872219777323829,1.559989381284637
R630,1.1776644611576743,1.1624769298065918,1.1724837515812305,1.0972717515867918,1.177326937654646
R631,0.4815139186201439,0.4285804814420518,0.3966881738295927,0.35738250270737865,0.2479972136169895
R633,1.446004014799247,1.5420922498259155,1.6785317562904083,1.6046240404475554,1.506147530086859
R635,1.3355921782193387,1.3452563718800543,1.3145303586467754,1.28513390397089,1.1652028895339628
R638,0.8816114386644786,0.9920353956480981,1.0735324812043017,0.9686870594776692,0.9691065756103734
R64,0.5603425476225615,0.6226033965164278,0.7287017393805273,0.8098603560812169,0.7595430670903063
R642,0.3404447289925502,0.3695171271722981,0.36088518090616173,0.33256706821248533,0.3451092541721765
R645,1.151122129971252,1.0459346261826734,0.988619674764067,0.8387969852624492,0.7878764438869349
R646,1.7386247763965088,1.6031200134079377,1.5453044834654983,1.3667124726707727,1.2869970381930331
R647,1.1190659682494248,1.0218453311196982,0.9741456724570511,0.8731953101790035,0.8103991767702268
R648,0.865367694087569,0.7982389600192408,0.79281632991498,0.6685874061831864,0.6237853723382858
R649,0.6831549174535895,0.6718591546128352,0.6952689976879544,0.6544797330836426,0.6685993608211188
R65,0.09219366848750261,0.07120876862423606,0.0719045680431635,0.08755000541868907,0.05844858213861356
R651,1.39626647553078,1.593749581084638,1.7189379205783475,1.6133760981593033,1.5780006912367275
R653,0.5969984756847808,0.5559424071590631,0.5387977382503923,0.47536029312173766,0.3754310041621362
R655,0.38668394872712447,0.4104082782499315,0.4023602853313713,0.30520580288624577,0.30280722374642405
R659,0.029766621848683627,0.01758138909148588,0.025811094456804882,0.03387351655509303,0.048265943815931835
R660,1.0345629913698537,1.0849932609526074,1.1338840442454652,1.0878546464458223,0.97930866947248
R663,1.1729644138342827,1.2060934994350827,1.2926288476460592,1.1942272682928605,1.1435405590502492
R664,0.7031461124160419,0.8130064628263443,0.7569885506196956,0.7692275109910921,0.6767210146887828
R665,0.8061622229650631,0.8936614260480035,0.8209310226456127,0.829391653392148,0.7511855368076493
R666,1.4440884108326388,1.474518381011311,1.3784150856760888,1.1826339851318821,1.163239315876238
R667,1.1676355803457903,1.2014150479798489,1.110788834369503,1.075743233090311,0.9123669703950504
R668,0.32156377373607214,0.282348294311483,0.3234452328775189,0.2502741518781165,0.21726721469182242
R669,0.19304347383128417,0.19553638442528387,0.20948308530227955,0.20762298654407488,0.17198577012549973
R67,0.1244029695112813,0.13913875752203148,0.14220538337906952,0.09754174738291811,0.1608364881458968
R670,1.3125882662838018,1.3813192679930277,1.3132457664946222,1.186069870935362,1.1114290510601477
R671,0.8603249382050966,0.9459207406080293,0.9634848437416075,0.904856812834209,0.918821238948426
R672,0.6966619792074232,0.5769075316524609,0.6434528023573531,0.6504783139234398,0.6260708923912923
R673,1.5001225729610772,1.4007416737638423,1.2034611096144001,0.9742276148694468,0.6885092739965588
R674,0.9474825979648718,0.867924845746517,0.6496259779791873,0.5508530077117051,0.4510772519915533
R675,0.5936102036635392,0.5120124597634167,0.5128207878186669,0.4041924954599263,0.4000072781294298
R676,1.6974787945621652,1.7009057095117317,1.4821568632245588,1.4281218412643333,1.2842150983870568
R677,0.07131712630103558,0.08962708378064611,0.07864221075772551,0.03879899485545211,0.06733470760443998
R678,1.491954415454347,1.6076673392566494,1.5061111640002611,1.3628260817973283,1.2451483752222086
R679,1.3854179585122508,1.4085720737452683,1.327237704852662,1.1635160325912182,1.0829431185546181
R68,2.7446052620682693,2.779577999536735,2.768824636950721,2.800386514372847,2.7674814222184296
R680,0.8314229921002605,0.7459444036546348,0.7128764251704703,0.696758594328978,0.6205384448962854
R681,0.12738702265592688,0.134157253947515,0.1546526484409749,0.11325691657104263,0.043834193768595216
R683,1.203482859059676,1.2693391603832753,1.354447899048814,1.2824361088244363,1.196679265942458
R684,0.6852937055395426,0.5335263777076072,0.4102248242874021,0.3905493390265761,0.30278604326780667
R685,1.6509475067388513,1.6857818785366305,1.6082383194818461,1.5633812709002286,1.371979750987481
R686,0.7609468594638338,0.6977691600472317,0.60332827607784,0.5404564803419534,0.38635023491173104
R687,1.379168876302556,1.4848183936940678,1.4800215805972814,1.335863327154336,1.2906531487091593
R688,0.9652962346634335,1.0451575015851031,1.0702219747853756,1.102889105288811,0.9466500564047979
R69,2.50007353319721,2.4714993645426993,2.6072114030113114,2.606074625179238,2.6561367679709122
R690,0.8437356909406397,0.8688493019932229,0.8998691058167021,0.901262457383895,0.799534322071554
R691,0.9426028629749554,0.8613670637774548,0.6378276937421631,0.5374798106001157,0.4342154765233101
R692,0.7713483695578786,0.7574583113350574,0.8365474939139259,0.8315266785949217,0.7826436599661631
R694,1.6854334144921996,1.7075541653618165,1.466867451738258,1.4287816768224497,1.288117380835681
R697,0.31589348517031424,0.3283018396409166,0.3043774878659856,0.3205720780140068,0.31474991581677314
R698,0.5286846820635621,0.5042906997481604,0.5556076304924994,0.5704023734925293,0.4956502955269322
R699,1.5766055089327713,1.6176778030029586,1.5098443604790095,1.3156930641968438,1.2185114380929802
R7,0.46165613634441555,0.3622660005804746,0.3186848853267979,0.23519196906740125,0.19748846368888562
R70,1.506573089844841,1.4996239982529829,1.5667186967065445,1.393643227205254,1.3734062971518854
R700,1.0498748251154741,1.1225814557549942,1.1270839809642437,1.0377907314229537,1.0831385807851848
R701,0.08769928384063322,0.09165520029454582,0.12005037116069912,0.08062061128678345,0.03030477557420704
R702,1.5091108079039524,1.7174229139936141,1.578611299233994,1.4761988803488904,1.390573981176308
R703,1.7531112915820946,1.8139544700939199,1.6790082646480615,1.4645388228318263,1.3677403448238832
R704,0.8034100990596887,0.7717254964556561,0.567913577790216,0.46662586265038297,0.34294391235863964
R705,6.825649716731082e-05,3.412824858365541e-05,0.00011178130812402062,0.0,0.005995292608339659
R706,0.305666843346548,0.3093051579312234,0.35605349263969416,0.2621442297615006,0.283499593615819
R707,0.8637199588437223,0.893067205460614,0.8202654681681264,0.7551897266940907,0.742218580827766
R708,0.8411146492501576,0.8226689793274148,0.8526151620805572,0.7931774774792242,0.7303349686560866
R709,0.8986261891315339,0.9130228007594223,0.9227646264347373,0.8847083236993131,0.7571436440076519
R71,1.5979731663672851,1.68750259070197,1.8242922334950746,1.8520123378533153,1.7985520989802715
R710,1.5587157247984231,1.5972125598420293,1.479639656242846,1.299156889284213,1.204471807945277
R711,0.09230700791350252,0.07028811687279568,0.0817936868514479,0.03300046500772346,0.017031873096916155
R713,1.0090459775933622,1.1173316925430055,1.115973602769796,1.1799509319261772,0.9749581466069578
R714,0.8687234223860539,0.7918674159026998,0.7525776695088214,0.5965501787124998,0.5307713441252679
R715,0.6959331967864253,0.6245890316491298,0.7120890416213759,0.7400083574420632,0.66090258755929
R716,0.9626819035617157,0.9303602289413718,0.7370463984380043,0.647942883432076,0.5199003024626733
R717,0.9728617896849224,1.0227673374457025,0.9960843686223309,1.0182338384131313,0.9028238271943292
R718,0.9193290165825245,0.7924040826116777,0.5518679233190139,0.45946840347452933,0.3387837251732008
R719,0.8197308613427237,0.8481953101157698,0.9222255098050574,0.9305095985344947,0.8770538938430482
R72,1.9954408513341166,2.191997877111729,2.274789473464217,2.2987022742896412,2.3281682482078914
R720,0.8840724681112907,0.9234182287120231,0.8910841655374435,0.8814289792966223,0.7742701752148397
R721,1.1134456990198842,1.2358887719484524,1.2829551468303815,1.1947621262046635,1.155815415513506
R722,1.6505305082957997,1.8089925835341991,1.6946988829492475,1.5730770088135635,1.450287992455495
R723,0.9736488236632419,0.9056612156533257,0.636963390971318,0.5511300047658703,0.4254555854034192
R724,1.1400941227424928,1.0886183878944837,0.8354809334906746,0.7873889389200416,0.6412980563899087
R725,1.4289968456788413,1.453896045522151,1.341608276626881,1.2950221203307728,1.1868154415293848
R727,0.6262961583338008,0.6759830074021927,0.6231458723408612,0.5652510137223212,0.5303333719232761
R729,0.6181908016799283,0.5564536605115064,0.5255701434608282,0.6165357473894,0.5680200413492191
R73,2.733056652784687,2.6893307069949497,2.7480008716629567,2.837901923371933,2.766475613978028
R730,1.2678087668338947,1.206688886233481,0.9667055680018917,0.7948569749089348,0.7184112899205698
R731,0.44239593287573725,0.47837408659729186,0.3529143456195458,0.26652930357834215,0.23157477158031015
R732,1.5018896995444904,1.6122907515978462,1.5022975613678495,1.3898612751105788,1.2376539902752233
R733,0.7138399543614332,0.5927589622609734,0.4418534370619012,0.42002391716384047,0.2975200081944398
R734,0.9300356887991977,0.9478755896227767,0.9059492312563193,0.9106342499616737,0.8824531339083691
R735,1.5349933644755596,1.446564824806366,1.3443656245920208,1.1334996236534192,0.9120394659707135
R736,0.8267782335146674,0.735295402327511,0.5571118896042073,0.5121242814574474,0.37277878339129444
R738,0.794704141298581,0.8434193152506196,0.7832561762200718,0.7679154651006856,0.808790588090145
R739,0.613984877278377,0.6399455002684333,0.6121474031112512,0.5934454081020568,0.5050513408892113
R74,2.3296279865317757,2.5102059420511726,2.584901016090707,2.584168170457942,2.57628035701147
R740,0.8301891876574642,0.7794297169888723,0.581138398928263,0.5351463759487369,0.3513548484748659
R741,1.7372986355394375,1.8641146097136703,1.7083776556228194,1.6059007782270698,1.4068054883383687
R742,0.07734116391429124,0.06748929413915025,0.06342321559918089,0.03972403372011597,0.04184590423822767
R743,0.9427402925565377,0.9380133521732624,0.8753450973119287,0.8985424189076533,0.7260194686868077
R744,0.65184021533447,0.5153505608215082,0.3642947214081474,0.3384121329022507,0.24750259388535945
R746,1.25809058228392,1.2888406656833784,1.2955428150194135,1.2294047362491156,1.1619641089924455
R747,0.7979998575096638,0.7482027010663854,0.5622672804081196,0.5113594181645005,0.3452287269319933
R748,0.7045705392162093,0.8116740301828732,0.8756016783602447,0.9422025800605138,0.7890700120997438
R749,0.025604583937078776,0.021162211618634415,0.020549533109280968,0.002935029378194365,0.05213045433788963
R75,2.1903935617759167,2.1090781486876664,2.363013804320278,2.3607149401220755,2.3478984712790747
R751,1.2107312212633643,1.3477419419753298,1.2307571461066682,1.2160669194052864,1.1766344125973967
R752,0.7974216640353555,0.6506900212003324,0.48526928968463645,0.46154432976432347,0.3572271484820938
R753,0.6567318357307289,0.7085712919004719,0.7264488015664436,0.6727216251842778,0.6024579886748326
R754,0.7992993393291273,0.7822653307789427,0.8799394567626528,0.9141105948038497,0.9087894109185035
R755,0.9965543999259493,1.0289294462516136,1.0163616650805778,0.9412494902132462,0.8536110877552614
R756,1.298517208894617,1.14882028198903,1.0888595576008322,1.144518221236497,1.0572755845754804
R757,0.6080994383829909,0.6333381167904264,0.6457555981297927,0.5536764133397103,0.5401009332233018
R758,0.1547101740416947,0.1335519616687386,0.10612763879645697,0.042196186050687895,0.02315892751108654
R759,1.2258887953253865,1.2256392251944224,1.1493881370417494,1.099896038386168,1.0269059531403044
R76,1.858683679131807,1.8255697220960583,1.777842829091041,1.7792496003731235,1.8475213187393025
R760,1.0736831203682713,1.1247941753783077,1.2488184763700685,1.1776082299926687,1.1776672767381824
R761,0.6204913210981875,0.5798445219423096,0.5836843974755738,0.5106241104223733,0.4234317402836029
R762,0.45471543298851286,0.41040786164152565,0.3851824564412839,0.28729124798152933,0.2594967867016873
R763,0.0296066724985002,0.05159583820035048,0.09633961102952901,0.08312432425153415,0.19034814664474914
R764,0.5583721395392848,0.562490360192533,0.49514559674840253,0.37936188852080555,0.3549341411788944
R766,1.8447399054834475,1.8998650422090038,1.8176100053052846,1.774051595087844,1.6214206090214154
R767,0.5394651863581285,0.5094123260131096,0.5668562393072784,0.4255328328657893,0.3583422573140483
R768,2.196506516152939,2.1947927368975266,2.217923771683574,2.0984151284511174,2.134952143944343
R769,2.1674653560466663,2.0140795165026004,2.0113268099792676,1.6889109367589514,1.726729697133305
R77,2.440442399931977,2.532887239652848,2.516672460208058,2.592930232621989,2.55783424829696
R770,1.8398365269304586,1.7548934443458126,1.704348623296688,1.598772542582932,1.6220901321266656
R771,0.022731241368199363,0.034478779824858134,0.03786747113601095,0.03499392867310413,0.011959917328728841
R772,0.5747083950720838,0.5576055035275971,0.5510587596092198,0.41643909080807745,0.4467514891703789
R773,1.8913052557365797,1.7911274302444,1.738748106135962,1.514064006386677,1.5426754625904973
R774,0.3698151857437571,0.341715529431904,0.31161490904072436,0.239937048858572,0.23368250734796986
R775,1.6290000493646135,1.4993728533471198,1.4008399631197632,1.355629102109615,1.391214314878091
R776,1.6730528413910366,1.6618532665811836,1.6144790305197099,1.5136512300955223,1.4853831162611135
R778,1.2747543822198615,1.3966195468887703,1.5245291656643305,1.4586697781719666,1.544297007816381
R779,2.06208292632857,1.9834644980846434,1.9970544056743678,1.9561085470142547,1.9859110888445726
R78,1.0391255432928976,1.189328392230953,1.451547163937917,1.5654854724439742,1.5454827743115636
R780,2.0511830901750994,2.120034350081405,2.100219440199094,2.0197889774720825,1.8580633689610149
R782,0.9836503384952264,0.9531160090078495,0.9250763569826561,0.9649793148716217,0.9618540790131423
R784,0.3840736710862456,0.3396887429446062,0.311452483442333,0.28944944821527685,0.33625139620831374
R785,1.765312452480453,1.622980655143351,1.6002997500165341,1.5803143232156387,1.6760535798364151
R787,1.5293423456940447,1.5003871936496669,1.4377002974514101,1.3370627156961679,1.3683157909741803
R788,0.12493926958536024,0.058950326020248904,0.0787399301718951,0.0025733342330272074,0.004325037108345638
R789,0.3740157052058256,0.36665915937940563,0.3469441284980798,0.27981325873271,0.2762667486491782
R79,2.45900611946657,2.477524672701895,2.4451049378724425,2.42105707694098,2.50544067808247
R790,0.911821856944548,0.9959982971794029,0.9443807862735812,0.8604726647668229,0.8255745843047732
R791,2.069974133098044,2.0564997642561678,1.9840483105313074,1.9318815664078328,1.8125169882635768
R792,1.7558204114565215,1.4977788934970202,1.4986715129632615,1.4395530639991803,1.4322082114858175
R793,0.9708075835876196,0.927617658507869,0.8870140574264094,0.9289904673071465,0.8920583393291397
R794,2.0002552843581003,1.982038590606034,1.964876347599528,1.914040454031429,1.951363301701078
R795,1.6680855528171112,1.5521409372106383,1.5514459251791604,1.455194483992301,1.439058967404846
R796,0.0239166607303394,0.042557927446457526,0.04178283201703878,0.08411025824765511,0.08410003927493635
R797,1.1636384896226006,1.1097045238441634,0.977684864468994,0.9200031209176005,0.9308362960695257
R798,0.9867522062543537,1.0237854260050367,0.9434843883226751,0.9673870433073423,0.8525184114211011
R799,0.23119536004006316,0.18321832013668088,0.11288213330884996,0.1401048111307875,0.15541201659835346
R8,2.263622968927241,2.1151446106391902,1.8362297292958036,2.0013374911206885,1.9445801075255853
R80,2.4323737067680113,2.50220723129866,2.6604816401735616,2.6968231300551877,2.7120580241021077
R800,0.43431364155489693,0.521683028093421,0.4872100841990707,0.44274501707920005,0.3665670716137988
R801,1.1827587385068479,1.1360167184994578,0.987218305496189,0.7730401629080074,0.8624651157983135
R802,1.9312713118817126,1.8805169214466955,1.7623377417000838,1.596311754471592,1.6042467526594633
R803,1.1006437663730477,1.0350601375669717,0.9843432370130241,0.8764290909321031,0.7829259781018287
R804,0.40131006990145957,0.4113558783246412,0.41502894765503506,0.4282495490789178,0.39890179590130803
R805,1.262072081272971,1.1499788921492686,1.0248212607660883,0.9697109381381489,0.9884899971703773
R806,1.2168837668464758,1.1065209018655535,1.055788455894376,0.9675660313447713,0.933268628534743
R807,1.2221829916415905,1.2364805411525006,1.1772097290603496,1.138641556226275,1.0990932883493756
R808,0.004361186236791854,0.005945852721028946,0.008528619580724579,0.0008551791442646861,0.000580180225922142
R809,1.046584120881469,1.0638618246283973,1.093184006484436,1.041834451084637,1.011056345955359
R81,2.122570166709525,2.165435851488142,2.2560838291701564,2.239581309586093,2.2434779998774133
R810,0.1832853616681986,0.2258407060937848,0.18339514980616017,0.21536097161625417,0.1567074834731443
R812,0.013322028140941425,0.01217976687441387,0.011961275876795676,0.021956281964228545,0.0031056706211126427
R813,0.31874880753639506,0.3635114330051098,0.30502743305766244,0.31602128961070314,0.30020308041445487
R814,1.2453833092099942,1.124210614018044,1.0365030521269436,1.0637049395073903,1.0228189296066328
R815,1.2808239742193266,1.358360985525847,1.3309298645502206,1.1230603043354075,1.0935201687578922
R816,1.4235890199212695,1.444445874983768,1.347811636734402,1.2607315699855137,1.2660825502696051
R817,1.2064390186992078,1.1326547057277692,1.0793760900804916,1.0288645050700231,1.0707969870193692
R818,1.7825360385760556,1.744526832823677,1.714687861525728,1.6085405885040875,1.7644953442019344
R819,1.141591265626825,1.1040150547151546,0.9800853221251269,0.8949665536548755,0.9023046950919271
R82,1.9165659102983714,2.08087881058735,2.223138100022604,2.1721374352703435,2.1144919956433808
R820,0.9628313940663475,0.9787464309543844,0.9251793540866959,0.8971156435964368,0.7917798657315155
R821,0.3746948651533829,0.3076303258330943,0.3112230597040543,0.28455829586357007,0.248066990283858
R822,1.9149028456203538,1.8328101762970033,1.7705879971465142,1.7563870330168276,1.69230395748221
R823,1.5638946523927444,1.555416522630521,1.4432649181339037,1.5008681801210806,1.5649732269345897
R824,0.6094272671257278,0.5682046347077048,0.5497632313035815,0.4641347023479892,0.5151422078639051
R825,0.18735318464921705,0.19770969859768997,0.129800117514964,0.07383510662886132,0.01779060598132467
R826,1.8146413596022355,1.69038439951423,1.6278118061336764,1.3940320527790997,1.4503065216567437
R827,1.847608838195063,1.7288828824646965,1.6581895357146952,1.4246016538113877,1.491037915965025
R828,1.0146182673808584,1.0950564625939068,1.1147300766516173,0.9805872843056666,1.0190603261094529
R829,1.2266191885997177,1.2365829746528925,1.0947431018908755,1.1035667801700086,1.062085322527552
R830,1.8420509042115605,1.7844866483747825,1.7210585085568777,1.5068750468373808,1.6307855954513337
R831,1.959601982795775,2.0187124457496877,1.971900170304856,1.8291875163399531,1.8844760786215848
R832,1.3733217371028232,1.273357320424501,1.1918189304241296,0.9807158015389043,1.0421836903278576
R833,1.6325414694636422,1.5931339123556532,1.5560317184394898,1.278857090121489,1.1944930200891175
R834,1.2100172729293865,1.1448760973643413,1.0038827416801932,0.9494736902045223,0.9725897363513377
R835,1.1493059708455522,1.1001318036405803,1.0342545695119392,1.0520796391737763,1.0119175991234202
R836,2.0402748048423716,2.0996574162014188,2.0253183875529657,2.00824970470222,1.912710227535456
R837,0.06284106324803702,0.05627537083849968,0.05479142095997742,0.06353407390150875,0.07660423264262436
R838,1.0675691577452762,0.9917384067534591,1.015784897679514,0.8683112847806936,0.8109094379657292
R839,1.5679515260565244,1.6745734060048252,1.615071672431829,1.5541942974149223,1.3660671391805723
R840,1.141090277564009,1.0387555175085577,1.0760170245268412,0.9864448033684327,0.9354979856792411
R841,0.051789639165285464,0.01847540537818719,0.029685564820565405,0.03116699164642451,0.03277621828098162
R842,2.05353645718629,2.0271594066700263,1.955347477319911,1.7329409579303732,1.7669636600298195
R843,1.6568903415476126,1.7409355074742903,1.6883874435539268,1.6435026584571388,1.561607343044419
R845,1.3444696523691677,1.25384507203929,1.1893191946679593,1.073185198972364,1.0233734502650842
R846,1.8802705033032616,1.8429169353344232,1.8657036599714378,1.7688111878914314,1.903137726727757
R847,1.202191816668541,1.0756628074347918,1.0391979707495882,0.9718053009953745,0.9510119537280263
R848,0.923096265252617,1.0180638358560081,1.0327252193118723,0.9777474386127718,0.9178314807357876
R849,2.093734117377239,2.054758667775496,1.996616823021956,1.8438109979380333,1.897216265953537
R850,0.010459209992605604,0.03342861948769048,0.04900245092222346,0.09103310277862041,0.1196773513538654
R851,0.3640982438621853,0.3820062207907604,0.37952638936048405,0.31775910441650057,0.25627494717899396
R852,1.7355204172752345,1.5593428606189326,1.5991516001644865,1.3546533145393072,1.3715801286984226
R853,0.764473928634333,0.811206992414202,0.8133027472164231,0.7245306092159534,0.6517250066555405
R854,1.2769028822302686,1.291663496006622,1.1265801066266905,1.0398464440386586,1.1160012856548613
R855,1.2531226501487351,1.1953920166623797,1.154902077275096,1.2092356434030032,1.221819091877871
R857,1.5021249991920826,1.3316906344035233,1.3048637711331952,1.2798958443104338,1.2280143221490327
R858,1.1921653857773584,1.027880153747053,0.9050894992330524,0.693211084775309,0.7401434175481009
R859,1.304072910403116,1.2109482037923949,1.128614481773834,0.9181317946969314,0.9527755036709877
R86,0.2934484574335833,0.2971217412843968,0.24753711119597693,0.2160779032467046,0.2346796655399943
R860,0.3828173356612808,0.37561323145790226,0.3936335078759882,0.376920703675452,0.3380316921515356
R861,1.6635152879098871,1.4489890761898652,1.4307873744898545,1.2385449296565416,1.1699469793621513
R862,0.35693089724517063,0.3899819924847607,0.4903233654196175,0.49905016091421767,0.4930193507938038
R863,0.5001434691085233,0.429616397135807,0.5902720928545193,0.5258504709445088,0.5603590949476605
R865,1.5735686603626595,1.6009238898643638,1.58126726192352,1.4561385201027657,1.2565569172981392
R866,1.9217395626405545,2.0839555697064482,2.0156502057626295,2.19765389324393,2.374929550675731
R867,0.5951475735632312,0.5721887698601856,0.497281043191273,0.40128127638567596,0.4988907395767945
R868,2.035230206034476,2.0596299828389406,1.9868995599346932,1.7283988415150344,1.7708782579007183
R869,1.8216719738290317,1.832823847098293,1.8259290486744675,1.566537285563466,1.5962678509175212
R870,0.5904111386524453,0.665693013798127,0.7758559823138991,0.7782419086493315,0.755631496395057
R871,1.898676213922377,1.926711414648862,1.8934464449885942,1.8402912151486066,1.8634124843800945
R872,0.2851298158026409,0.2319182051209003,0.21530312277226565,0.22636991285516878,0.2543609131118204
R873,0.9669040188919416,1.0445049255930068,1.0620820900948647,1.0760881770496742,0.9816621876230572
R874,0.772656567244484,0.6831663786945565,0.7056172774651369,0.5731384351814811,0.5380210680460746
R876,1.8453676946161437,1.8200325502763544,1.8443933038662959,1.770052013002508,1.6440516747166398
R878,0.07547922028047739,0.057549962438724726,0.031158267490993714,0.011425674456719912,0.05148000819227821
R879,0.4022216329833969,0.39737254028524466,0.4137688600729116,0.3738334681591315,0.39003813345368077
R880,1.36074641358885,1.2851323974524882,1.200899035199367,1.1019219468023844,1.0682809052947666
R881,1.8223049114518002,1.8016708309696634,1.8102199913681178,1.6387162691025627,1.6287624533734384
R882,1.3015896678543937,1.1910864467945728,1.2403785161286072,1.2315596199484204,1.2844724095361195
R883,0.9688481882026143,1.0108119511295195,1.0996381458380138,1.2628385822343036,1.2893035958735592
R884,1.3896852133266926,1.2615918675626143,1.1887624166696376,1.1165431203557676,1.0797041819982505
R886,1.7995392049404488,1.793667561658233,1.7585970808858236,1.7659661620179483,1.7961327523136403
R887,2.4622045896710456,2.344117982798717,2.2946303159399877,2.324942850815283,2.280736915586537
R888,1.9207279428469655,1.9461896444834315,1.9428720642536663,1.8880102025886123,1.9388277205325808
R889,2.080316462371313,1.981671336523025,1.9384266136647095,1.908194909108452,1.7928137411351668
R890,2.3662618677454095,2.4556778546572664,2.4482806445351124,2.450099875203185,2.439057212329391
R891,1.7525094350428578,1.5966025515268452,1.5923516343925468,1.5073368995499994,1.4515260385520437
R892,2.4133307437404135,2.3901029066149913,2.3668717054193515,2.3447330908493322,2.3530332125424076
R894,0.4718218256037578,0.46237248584445445,0.4020395807167915,0.4822590557854095,0.5172529400917905
R895,1.99299567202104,2.0070991439331833,2.0046609560356012,2.03441638381875,2.0948422421068944
R896,0.19265319536914166,0.2190591934658541,0.29186019553835785,0.2943938352717637,0.42875400993480023
R899,0.24417101814839703,0.27610037221846684,0.2102588784106086,0.22422486516087892,0.26824988654388326
R9,1.9653918255415996,1.790752848338874,1.5857217053059791,1.5610661129010592,1.4996994387464768
R90,0.5567114141089345,0.4444762344069998,0.32254790078769446,0.3163399947974624,0.26800735755814836
R901,1.7082195053188831,1.6731961507823037,1.926909880165304,1.8900853731814737,1.8482361397813514
R902,0.6331927558038731,0.7313831008001954,0.8378196058531183,0.7226372948960414,0.8699079310115032
R903,1.6682324627386034,1.7536237345477743,1.8129373751541662,1.7321532267606892,1.6884091881237382
R904,1.0518005719975614,0.9311198701247394,0.8789672550961782,0.75214720795925,0.8082414889477544
R905,1.0699869091600593,1.0000682931547633,1.0378533153176601,1.1659453252045797,1.2620449785681311
R907,1.1360313127136448,1.1516188032483539,1.0582070566150024,1.0521809830079454,1.1467934443093597
R909,1.3971308879995672,1.432423363278085,1.5184264546373472,1.5907459100476138,1.728852030527977
R910,1.3449933649700763,1.281031864007842,1.3520442172482827,1.2151694195994978,1.2263778506898582
R911,0.8210823092712126,0.8536646593546097,0.8956340661187375,0.8810030304766066,0.8514604532666785
R912,0.8687928051154247,0.8045389420739661,0.8877522431549849,0.8219987575681617,0.8918263979012082
R913,1.5412258652319066,1.4006496688811247,1.387700075491327,1.243938948099829,1.1443898502671819
R914,1.8232871468233585,1.8295605771006853,1.8960671775746536,2.1323120703922647,2.2678201974510537
R916,1.0737908066936666,1.1040267217007063,1.027145898130075,1.0169983597359689,1.208936102690463
R917,0.8938699106431369,0.8373102466184713,0.8462922897219606,0.7455916960062653,0.7129124246221692
R919,3.2784790468196947,3.2898646790898973,3.3137142353952327,3.2822724796571934,3.2313843552423696
R92,0.005070724713506259,0.024435825985897275,0.010921039546769732,0.03769793321061474,0.026702530160366857
R920,1.8370890834706044,1.808981482102481,1.7275293561258687,1.6476476073795852,1.5729026524670133
R921,1.4464729271838583,1.3563319270722867,1.3269292001118582,1.2502597727635105,1.258143208043236
R922,0.010664875350632857,0.012474196637955556,0.034781692408358496,0.04614608715701442,0.0770928028984198
R923,1.4621916622864133,1.429788834591309,1.3506780039768171,1.1807843929987774,1.2031281154175053
R924,2.3163586309546056,2.3146892964297767,2.234949374933678,2.033457048501991,1.93707942542919
R925,1.2607522531667947,1.2704806800917157,1.215840483351398,1.1326997374642291,1.323354942787135
R927,0.0,0.011671861015610152,0.0,0.0,0.05722347552374199
R928,1.142988281105276,1.0972395198937368,1.058672887706313,0.9298651382399115,0.9080948942341764
R930,0.9008214594688931,0.9457922818803604,1.0289325275449144,0.9503824971866135,1.060835234034717
R931,1.7512322584715758,1.7869394894796666,1.8320848242525345,1.6791231159554734,1.7068477447443835
R932,1.21495167649807,1.231572435837083,1.3390470661440839,1.3084603961120398,1.2550634017590856
R933,1.7758665646003073,1.765887771868684,1.7743253182678773,1.4755189091241097,1.5228219146553255
R934,0.4583142187730394,0.5702656966826014,0.6808448153106745,0.5566456099702012,0.6755299802546578
R936,1.5913510819024277,1.441319020471213,1.4488953137023455,1.3092997121294576,1.30317407179489
R937,1.102302318809056,1.1725232720930905,1.2508308358715972,1.3247265726991972,1.2261881878238186
R938,1.3407419895421542,1.2261086543782265,1.2471328353680664,1.1333844066862004,1.112868205174672
R940,1.1284892905821937,0.9694618458026649,0.7271898803954063,0.7262985134358878,0.6160227103484216
R941,0.41537510170458364,0.48267576413834795,0.4015538089773799,0.2815027737784726,0.303741227126898
R942,1.2820028809365438,1.3205258533431012,1.3202945710779137,1.5323069740146893,1.5390584289189995
R944,0.8978589763524452,0.9037897673022813,0.9450645715739142,0.95429181492991,1.0060377870011326
R945,1.6532107166682122,1.6360642019088394,1.6108523044256142,1.662860664222876,1.8799407025353412
R946,1.683364545436666,1.7886285257548564,1.7833038656636189,1.8117848983277447,1.573447817109889
R947,1.51868355736032,1.5372690848457586,1.6071222087420225,1.540881830546595,1.4158728276859966
R948,2.8629034640818167,2.788683747790412,2.6878701154648503,2.560399800380523,2.3600771172842956
R949,2.447497752263532,2.5662273840938177,2.579991560271738,2.606958083648467,2.604026208695535
R950,0.3970468968255483,0.35835190780765486,0.26166719972919045,0.2305819974055895,0.16946544089658788
R951,1.4646631983583251,1.4889606342962156,1.5231430175953207,1.433028788657031,1.5946849486199628
R952,1.736785059028358,1.6066672938147948,1.4773380617847565,1.3435789801632814,1.4268237001974926
R953,2.4030105368854233,2.4457224836551,2.345468047558046,2.196217523019397,2.071656070697528
R954,1.8168224545277718,1.7259650000936835,1.5725510023068037,1.463758319537646,1.4115559552735781
R955,1.4639205944841973,1.35673326308697,1.3531366624854455,1.173471622989269,1.1009703298328164
R956,2.467419259292562,2.450338070876443,2.409684554793697,2.328929137510064,2.2613319932299256
R957,0.49436338655424694,0.44944561211728534,0.4083315392202747,0.46393111564407385,0.5196144588789288
R958,0.13325791511667384,0.10426155808759516,0.15790992210530663,0.09364423313816751,0.09203643184553516
R96,0.3055507190554636,0.2639174043581091,0.2294272378868842,0.1699190813775044,0.15013564164075863
R962,1.5777127999580678,1.6957149686679365,1.6418351327294851,1.5505145847771684,1.7860435205696001
R963,0.9780643486536557,1.1080168161329365,1.194062740881903,1.1089956435551,1.0870954918337705
R966,1.115411976122443,0.915814818149659,0.881399970285326,0.7901675170935325,0.7569139218909712
R970,1.8281277123348285,1.8403201120242287,1.725914261138968,1.5777095041443474,1.677716047270082
R972,1.6706409054298121,1.6321946972052477,1.5416074288020003,1.3261191905090455,1.511041452677258
R973,1.6332526290321645,1.7149239412475734,1.5912411596892035,1.4126915093641663,1.4337938489187267
R974,1.4624576529804103,1.3969000908430562,1.1689951571355452,0.875918149609361,0.6990766132504715
R977,1.7407334828690675,1.8437589036043025,1.7166791619476949,1.6342869099828128,1.703589340459931
R979,1.6312686954364275,1.6212846372035938,1.4824869175166113,1.3139216764578217,1.3351643757478786
R980,1.7162474152257912,1.8306727045863525,1.7339723891722645,1.6383629880996171,1.4892368171478787
R982,1.53593670339466,1.698061412520129,1.6601123407417546,1.5357976795363226,1.682024582638918
R985,1.501389116145193,1.4158827687572626,1.2537486402351847,0.996343470285578,0.9782956455452352
R989,1.1018653992197598,0.9837251378651934,0.8449368873045536,0.6228601779463177,0.5759625789547487
R990,1.308987087621503,1.4370214743984213,1.3893508832526391,1.229057959115257,1.31738483073192
R992,1.5972206872406565,1.420847692731108,1.4129304851116773,1.2233644945434323,1.228842541610197
R995,1.7081685615946758,1.5912937318184146,1.4881201262278296,1.4293021521152067,1.4413430906373923
R999,1.4766336986131667,1.5898921870338298,1.6014781179949702,1.4756328145914899,1.4498829047711992
